order_id,order_date,product,state,city,pin_code,quantity,price,platform,latitude,longitude
ORD000001,2026-01-07,Snacks,Maharashtra,Mumbai,400050,3,129,Zepto,19.064567141530112,72.82811735698829
ORD000002,2026-01-27,Snacks,Maharashtra,Thane,400601,5,79,Swiggy Instamart,19.224776885381008,72.99333029856408
ORD000003,2026-01-09,Protein Bar,Gujarat,Surat,395003,1,129,Zepto,21.167858466252767,72.82875863043051
ORD000004,2026-06-04,Protein Bar,Delhi,New Delhi,110001,5,129,Swiggy Instamart,28.629692128155074,77.21667434729153
ORD000005,2026-04-18,Energy Drink,Delhi,New Delhi,110001,4,149,Zepto,28.60920525614065,77.21442560043586
ORD000006,2026-06-28,Shampoo,Maharashtra,Thane,400601,3,149,Zepto,19.213665823071874,72.9734427024643
ORD000007,2026-03-28,Protein Bar,Maharashtra,Pune,411001,1,249,Zepto,18.52281962271566,73.83756719755343
ORD000008,2026-03-30,Coffee,Gujarat,Ahmedabad,380001,3,49,Swiggy Instamart,23.00525082167487,72.5657771247076
ORD000009,2026-05-18,Protein Bar,Karnataka,Bengaluru,560001,4,79,Swiggy Instamart,12.961471688796657,77.59774247332595
ORD000010,2026-06-10,Coffee,Maharashtra,Nashik,422001,3,129,Swiggy Instamart,19.99681975924479,73.76557696298666
ORD000011,2026-01-12,Snacks,Maharashtra,Mumbai,400050,2,149,Zepto,19.074256487689215,72.82724223699513
ORD000012,2026-01-26,Shampoo,Maharashtra,Pune,411001,3,299,Swiggy Instamart,18.521075282046876,73.84245251813788
ORD000013,2026-02-11,Face Wash,Gujarat,Ahmedabad,380001,3,129,Swiggy Instamart,23.01705617275475,72.5725092258971
ORD000014,2026-06-29,Snacks,Maharashtra,Nashik,422001,1,99,Swiggy Instamart,19.994390064225776,73.78345698018346
ORD000015,2026-02-11,Shampoo,Maharashtra,Pune,411001,4,149,Swiggy Instamart,18.51439361310081,73.85378306250207
ORD000016,2026-02-26,Snacks,Delhi,New Delhi,110001,3,49,Zepto,28.607882933877708,77.2275227818451
ORD000017,2026-03-22,Shampoo,Maharashtra,Mumbai,400001,3,79,Zepto,19.07586502775262,72.86712289071045
ORD000018,2026-03-22,Energy Drink,Telangana,Hyderabad,500001,4,249,Swiggy Instamart,17.393225449121033,78.4744915635003
ORD000019,2026-02-06,Face Wash,Karnataka,Bengaluru,560001,2,129,Swiggy Instamart,12.973688635950047,77.5750032987612
ORD000020,2026-05-18,Face Wash,Delhi,New Delhi,110001,5,249,Swiggy Instamart,28.600618139511017,77.2109686123587
ORD000021,2026-04-03,Energy Drink,Gujarat,Surat,395003,2,299,Zepto,21.177584665799955,72.8328136828119
ORD000022,2026-01-29,Energy Drink,Maharashtra,Mumbai,400001,2,249,Swiggy Instamart,19.074843517176117,72.87468896304411
ORD000023,2026-04-09,Shampoo,Maharashtra,Mumbai,400050,5,299,Swiggy Instamart,19.044814780096324,72.82230155791605
ORD000024,2026-05-22,Protein Bar,Maharashtra,Nashik,422001,1,149,Swiggy Instamart,20.001293612290404,73.79027122226219
ORD000025,2026-01-29,Face Wash,Gujarat,Ahmedabad,380001,4,99,Blinkit,23.025936182895684,72.55376959844637
ORD000026,2026-03-09,Coffee,Maharashtra,Mumbai,400001,2,79,Swiggy Instamart,19.07924083969395,72.87384917719584
ORD000027,2026-06-13,Coffee,Maharashtra,Nashik,422001,5,129,Zepto,19.99913077999694,73.78581676288842
ORD000028,2026-02-11,Coffee,Gujarat,Ahmedabad,380001,5,49,Swiggy Instamart,23.03280999522496,72.58071280119115
ORD000029,2026-05-06,Protein Bar,Gujarat,Ahmedabad,380001,1,199,Blinkit,23.014107824767773,72.56830787624149
ORD000030,2026-01-15,Energy Drink,Maharashtra,Pune,411001,5,79,Zepto,18.523712634314034,73.86645545127122
ORD000031,2026-01-18,Coffee,Karnataka,Bengaluru,560001,2,99,Swiggy Instamart,12.966808257621548,77.59274341023337
ORD000032,2026-05-21,Energy Drink,Karnataka,Bengaluru,560001,3,249,Zepto,12.96053665025994,77.58263793375919
ORD000033,2026-06-26,Energy Drink,Delhi,New Delhi,110001,3,249,Swiggy Instamart,28.622025258223943,77.22256240028571
ORD000034,2026-04-23,Coffee,Gujarat,Ahmedabad,380001,4,79,Zepto,23.021779898784196,72.58143532897891
ORD000035,2026-01-17,Face Wash,Maharashtra,Pune,411001,1,129,Swiggy Instamart,18.524016360250474,73.85024880245395
ORD000036,2026-01-02,Protein Bar,Maharashtra,Pune,411001,1,129,Zepto,18.524013956055082,73.87208036566466
ORD000037,2026-03-26,Protein Bar,Maharashtra,Mumbai,400001,5,129,Blinkit,19.0756417396089,72.89334643655815
ORD000038,2026-02-24,Coffee,Karnataka,Bengaluru,560001,2,299,Zepto,12.945402548959104,77.60281902504376
ORD000039,2026-04-15,Energy Drink,Karnataka,Bengaluru,560001,1,79,Swiggy Instamart,12.972470470682381,77.59160992649534
ORD000040,2026-04-01,Shampoo,Gujarat,Surat,395003,4,299,Swiggy Instamart,21.171117607765357,72.811224310854
ORD000041,2026-06-22,Snacks,Maharashtra,Mumbai,400001,1,49,Blinkit,19.073803281121627,72.88127112571512
ORD000042,2026-01-28,Energy Drink,Gujarat,Ahmedabad,380001,2,129,Swiggy Instamart,23.037278940447415,72.56621729781726
ORD000043,2026-02-05,Shampoo,Karnataka,Bengaluru,560001,2,149,Blinkit,12.96351506397107,77.58958242956416
ORD000044,2026-01-20,Shampoo,Maharashtra,Pune,411001,5,79,Zepto,18.52955402117702,73.8599875110966
ORD000045,2026-01-04,Protein Bar,Delhi,New Delhi,110001,2,99,Blinkit,28.60860239796233,77.21413267433114
ORD000046,2026-05-04,Energy Drink,Karnataka,Bengaluru,560001,4,49,Zepto,12.97257077549348,77.60428644990533
ORD000047,2026-01-01,Shampoo,Gujarat,Surat,395003,3,299,Blinkit,21.163179469061227,72.82782337853403
ORD000048,2026-06-28,Snacks,Gujarat,Surat,395003,5,299,Zepto,21.16627891846868,72.81646485051868
ORD000049,2026-03-17,Energy Drink,Maharashtra,Pune,411001,1,49,Swiggy Instamart,18.523361202770644,73.85931055272181
ORD000050,2026-01-15,Protein Bar,Gujarat,Ahmedabad,380001,5,299,Swiggy Instamart,23.022551134566424,72.56905412866625
ORD000051,2026-02-10,Protein Bar,Delhi,New Delhi,110001,5,79,Zepto,28.599746292579496,77.20479354677235
ORD000052,2026-06-02,Protein Bar,Maharashtra,Mumbai,400050,2,249,Zepto,19.05617285483473,72.82147722730778
ORD000053,2026-03-05,Coffee,Telangana,Hyderabad,500001,5,49,Swiggy Instamart,17.38338714288334,78.49074050856814
ORD000054,2026-04-18,Snacks,Maharashtra,Mumbai,400050,5,199,Blinkit,19.078461859012105,72.83124577812832
ORD000055,2026-06-21,Snacks,Maharashtra,Pune,411001,3,129,Blinkit,18.522975503907226,73.85595554084234
ORD000056,2026-02-03,Snacks,Gujarat,Surat,395003,3,299,Blinkit,21.15101228784701,72.83083486124552
ORD000057,2026-01-03,Shampoo,Maharashtra,Mumbai,400050,5,79,Zepto,19.06020230209941,72.85413242112485
ORD000058,2026-02-24,Coffee,Delhi,New Delhi,110001,3,99,Blinkit,28.61197639035219,77.21201547342334
ORD000059,2026-03-04,Face Wash,Maharashtra,Mumbai,400050,3,99,Blinkit,19.059252882302946,72.8178132196238
ORD000060,2026-03-19,Coffee,Delhi,New Delhi,110001,5,49,Swiggy Instamart,28.62532822814515,77.21651933032688
ORD000061,2026-03-18,Snacks,Delhi,New Delhi,110001,1,99,Blinkit,28.62181031947043,77.19990612545206
ORD000062,2026-01-28,Snacks,Maharashtra,Mumbai,400050,5,99,Blinkit,19.07362794310936,72.81548148937208
ORD000063,2026-06-04,Energy Drink,Maharashtra,Nashik,422001,3,129,Swiggy Instamart,20.011768570938003,73.8016045562581
ORD000064,2026-05-10,Shampoo,Maharashtra,Nashik,422001,3,49,Zepto,19.995994636748694,73.77403702270398
ORD000065,2026-03-12,Protein Bar,Gujarat,Surat,395003,1,199,Zepto,21.171196513650877,72.82606524345884
ORD000066,2026-02-11,Snacks,Maharashtra,Nashik,422001,4,249,Swiggy Instamart,19.99039336568934,73.78038562974807
ORD000067,2026-01-29,Protein Bar,Maharashtra,Mumbai,400001,2,49,Blinkit,19.06537696286274,72.88243592430635
ORD000068,2026-05-22,Energy Drink,Telangana,Hyderabad,500001,4,99,Zepto,17.375805757657663,78.50219934405017
ORD000069,2026-04-04,Protein Bar,Maharashtra,Nashik,422001,3,129,Swiggy Instamart,19.998067467076638,73.77647938483796
ORD000070,2026-06-20,Protein Bar,Maharashtra,Pune,411001,3,249,Swiggy Instamart,18.528535172173694,73.84439135683566
ORD000071,2026-03-02,Energy Drink,Maharashtra,Thane,400601,2,249,Zepto,19.22057459934604,72.99117142754282
ORD000072,2026-03-27,Shampoo,Maharashtra,Thane,400601,2,149,Zepto,19.202225167654387,72.97994633858532
ORD000073,2026-04-08,Protein Bar,Maharashtra,Mumbai,400050,4,129,Zepto,19.062198827942485,72.83731822871776
ORD000074,2026-03-31,Face Wash,Karnataka,Bengaluru,560001,2,129,Zepto,12.95923049289122,77.58139543386916
ORD000075,2026-04-13,Face Wash,Maharashtra,Pune,411001,3,79,Blinkit,18.525619415656166,73.85966984673233
ORD000076,2026-06-14,Coffee,Gujarat,Ahmedabad,380001,4,199,Zepto,23.02500492850346,72.57486448209497
ORD000077,2026-03-08,Energy Drink,Maharashtra,Mumbai,400050,5,149,Zepto,19.052799752784214,72.8318225369716
ORD000078,2026-06-02,Shampoo,Maharashtra,Mumbai,400050,3,199,Blinkit,19.062530724732987,72.82235648581974
ORD000079,2026-05-11,Protein Bar,Telangana,Hyderabad,500001,4,129,Blinkit,17.40365774511145,78.49143832920912
ORD000080,2026-04-22,Protein Bar,Maharashtra,Mumbai,400001,5,129,Blinkit,19.064086965027975,72.88426553608635
ORD000081,2026-01-18,Snacks,Gujarat,Surat,395003,3,199,Swiggy Instamart,21.16045318329773,72.83897084603743
ORD000082,2026-03-18,Coffee,Maharashtra,Mumbai,400050,3,249,Blinkit,19.071185955790074,72.82129317681648
ORD000083,2026-06-28,Face Wash,Gujarat,Surat,395003,5,99,Zepto,21.179833761292443,72.83522780926937
ORD000084,2026-06-20,Shampoo,Gujarat,Surat,395003,2,149,Blinkit,21.178420601599946,72.85006792982655
ORD000085,2026-01-01,Face Wash,Delhi,New Delhi,110001,3,129,Blinkit,28.61144611883997,77.20146263835643
ORD000086,2026-06-05,Snacks,Telangana,Hyderabad,500001,3,299,Blinkit,17.376104855703748,78.47854189715035
ORD000087,2026-06-22,Energy Drink,Karnataka,Bengaluru,560001,5,299,Swiggy Instamart,12.970828982905859,77.59801151974817
ORD000088,2026-06-18,Protein Bar,Maharashtra,Thane,400601,3,199,Zepto,19.2210669079933,72.98637183249036
ORD000089,2026-06-22,Face Wash,Maharashtra,Pune,411001,2,129,Zepto,18.520530018918777,73.87123534077158
ORD000090,2026-01-12,Energy Drink,Maharashtra,Mumbai,400001,4,79,Blinkit,19.07335343166762,72.9049016916659
ORD000091,2026-06-11,Coffee,Gujarat,Surat,395003,2,249,Blinkit,21.176456673477652,72.82252842443584
ORD000092,2026-03-04,Energy Drink,Gujarat,Surat,395003,1,79,Blinkit,21.15949107501939,72.83592472415243
ORD000093,2026-02-15,Snacks,Maharashtra,Pune,411001,5,299,Zepto,18.51816537214674,73.86384000494093
ORD000094,2026-03-05,Protein Bar,Delhi,New Delhi,110001,4,99,Blinkit,28.618632376245735,77.20827171087343
ORD000095,2026-05-24,Coffee,Delhi,New Delhi,110001,3,299,Swiggy Instamart,28.605432062819318,77.19385152775314
ORD000096,2026-04-20,Coffee,Delhi,New Delhi,110001,4,99,Swiggy Instamart,28.60943485047933,77.21756398794324
ORD000097,2026-04-26,Face Wash,Karnataka,Bengaluru,560001,2,149,Swiggy Instamart,12.973740937441303,77.58214261221288
ORD000098,2026-06-10,Energy Drink,Karnataka,Bengaluru,560001,3,299,Zepto,12.973331809258513,77.59845317379728
ORD000099,2026-03-02,Face Wash,Maharashtra,Nashik,422001,3,199,Swiggy Instamart,19.997061425637987,73.78123725105947
ORD000100,2026-02-05,Energy Drink,Maharashtra,Mumbai,400050,2,249,Swiggy Instamart,19.060182087184458,72.81807029702169
ORD000101,2026-02-24,Protein Bar,Maharashtra,Thane,400601,4,249,Blinkit,19.221877873603482,72.98370784526368
ORD000102,2026-04-30,Shampoo,Delhi,New Delhi,110001,1,129,Blinkit,28.624730512431753,77.21953802052035
ORD000103,2026-05-30,Snacks,Gujarat,Surat,395003,1,249,Blinkit,21.15642330632043,72.82172174960085
ORD000104,2026-04-01,Face Wash,Maharashtra,Mumbai,400001,4,249,Swiggy Instamart,19.081150352672086,72.88283785950912
ORD000105,2026-06-04,Energy Drink,Delhi,New Delhi,110001,4,129,Blinkit,28.619050476863062,77.24752731490655
ORD000106,2026-05-05,Protein Bar,Gujarat,Surat,395003,4,199,Swiggy Instamart,21.175908905106933,72.84245565640181
ORD000107,2026-02-12,Shampoo,Gujarat,Surat,395003,2,49,Blinkit,21.179740017634934,72.83761391251306
ORD000108,2026-05-25,Snacks,Telangana,Hyderabad,500001,1,79,Swiggy Instamart,17.3818473075536,78.49428969220493
ORD000109,2026-02-04,Shampoo,Gujarat,Surat,395003,2,49,Blinkit,21.162471747854624,72.8287318139326
ORD000110,2026-03-25,Energy Drink,Gujarat,Surat,395003,4,199,Blinkit,21.16534636452171,72.83191874139386
ORD000111,2026-03-13,Shampoo,Gujarat,Surat,395003,3,79,Blinkit,21.193346585666735,72.8124273480741
ORD000112,2026-05-19,Protein Bar,Maharashtra,Mumbai,400001,3,129,Swiggy Instamart,19.082862601903745,72.86157284128811
ORD000113,2026-06-16,Protein Bar,Maharashtra,Mumbai,400050,1,129,Zepto,19.054880681342105,72.84038950596967
ORD000114,2026-06-09,Energy Drink,Maharashtra,Mumbai,400001,2,99,Blinkit,19.076642800190957,72.86692255222071
ORD000115,2026-05-25,Energy Drink,Maharashtra,Mumbai,400050,4,149,Blinkit,19.0524469629074,72.83629597748934
ORD000116,2026-06-05,Coffee,Maharashtra,Thane,400601,1,99,Blinkit,19.21099633368283,72.98026458589582
ORD000117,2026-05-29,Protein Bar,Maharashtra,Mumbai,400050,3,249,Blinkit,19.06005571839904,72.82298399652393
ORD000118,2026-01-20,Coffee,Maharashtra,Pune,411001,2,79,Swiggy Instamart,18.541839440893252,73.86303919022319
ORD000119,2026-06-25,Coffee,Maharashtra,Nashik,422001,1,49,Blinkit,19.985648574133425,73.7815645431477
ORD000120,2026-04-20,Snacks,Delhi,New Delhi,110001,3,79,Swiggy Instamart,28.607282135352317,77.21752433334797
ORD000121,2026-01-04,Shampoo,Gujarat,Ahmedabad,380001,4,79,Blinkit,23.014574792615672,72.57025263558533
ORD000122,2026-06-12,Shampoo,Gujarat,Ahmedabad,380001,2,249,Zepto,23.027549872789805,72.58005755194169
ORD000123,2026-06-16,Face Wash,Delhi,New Delhi,110001,5,299,Blinkit,28.601897035929444,77.2056549876416
ORD000124,2026-06-01,Face Wash,Gujarat,Surat,395003,3,129,Zepto,21.16545054688839,72.82456670767426
ORD000125,2026-04-26,Energy Drink,Maharashtra,Nashik,422001,4,249,Blinkit,20.023554542402813,73.78374981710961
ORD000126,2026-05-07,Face Wash,Maharashtra,Mumbai,400001,2,299,Zepto,19.06339116045665,72.88687861947055
ORD000127,2026-03-08,Face Wash,Gujarat,Ahmedabad,380001,3,149,Swiggy Instamart,23.043721561970127,72.5817246526055
ORD000128,2026-05-13,Energy Drink,Maharashtra,Mumbai,400001,1,129,Swiggy Instamart,19.06080630034046,72.87285765927135
ORD000129,2026-05-06,Coffee,Gujarat,Surat,395003,2,299,Swiggy Instamart,21.18286911149187,72.82402330534381
ORD000130,2026-04-25,Protein Bar,Karnataka,Bengaluru,560001,1,149,Zepto,12.976038194281463,77.6023463405343
ORD000131,2026-06-27,Energy Drink,Gujarat,Surat,395003,3,199,Blinkit,21.16093069528422,72.83050474643939
ORD000132,2026-05-16,Face Wash,Delhi,New Delhi,110001,4,199,Blinkit,28.58148732659931,77.19875612358666
ORD000133,2026-03-11,Face Wash,Karnataka,Bengaluru,560001,3,129,Zepto,12.969074318486069,77.58212216818035
ORD000134,2026-03-22,Protein Bar,Maharashtra,Pune,411001,5,99,Zepto,18.536724113039316,73.8423985862204
ORD000135,2026-05-04,Face Wash,Maharashtra,Pune,411001,5,149,Zepto,18.51599955513303,73.85800740577287
ORD000136,2026-03-17,Energy Drink,Maharashtra,Pune,411001,3,99,Blinkit,18.53481273289066,73.84234137848821
ORD000137,2026-05-17,Energy Drink,Maharashtra,Mumbai,400001,3,49,Zepto,19.08763163752155,72.8778023306102
ORD000138,2026-03-16,Snacks,Delhi,New Delhi,110001,2,299,Zepto,28.604084913489523,77.21362103474263
ORD000139,2026-05-27,Face Wash,Maharashtra,Mumbai,400001,4,299,Blinkit,19.077990596955736,72.87169783122842
ORD000140,2026-02-17,Protein Bar,Gujarat,Ahmedabad,380001,3,299,Zepto,23.0231980208499,72.56754686403139
ORD000141,2026-04-13,Shampoo,Maharashtra,Mumbai,400050,1,49,Zepto,19.060735173452514,72.83612130674521
ORD000142,2026-05-25,Face Wash,Maharashtra,Thane,400601,1,129,Zepto,19.234160168161452,72.96572184501173
ORD000143,2026-04-17,Coffee,Delhi,New Delhi,110001,5,129,Swiggy Instamart,28.635230333746563,77.18947912200478
ORD000144,2026-04-26,Shampoo,Gujarat,Surat,395003,3,249,Blinkit,21.168682149049644,72.83698317206485
ORD000145,2026-06-08,Protein Bar,Telangana,Hyderabad,500001,5,79,Zepto,17.387809918677352,78.4804730048018
ORD000146,2026-03-09,Snacks,Maharashtra,Pune,411001,1,99,Zepto,18.518318777496425,73.85176999065341
ORD000147,2026-05-22,Protein Bar,Maharashtra,Thane,400601,2,49,Blinkit,19.212406352430556,72.98659602097021
ORD000148,2026-06-26,Coffee,Karnataka,Bengaluru,560001,4,149,Zepto,12.97517015485965,77.5876709040474
ORD000149,2026-03-15,Snacks,Maharashtra,Pune,411001,3,299,Zepto,18.52939599875433,73.85977299520877
ORD000150,2026-03-09,Snacks,Maharashtra,Pune,411001,5,129,Blinkit,18.52852862118839,73.86299628841924
ORD000151,2026-05-20,Energy Drink,Maharashtra,Mumbai,400050,2,149,Zepto,19.05131004989078,72.82389818959803
ORD000152,2026-01-16,Energy Drink,Maharashtra,Mumbai,400050,3,149,Blinkit,19.067072936051233,72.83560370265432
ORD000153,2026-04-30,Snacks,Maharashtra,Mumbai,400050,3,249,Blinkit,19.059390984060357,72.83067327383309
ORD000154,2026-05-19,Shampoo,Delhi,New Delhi,110001,4,79,Swiggy Instamart,28.626676648957886,77.20308428611165
ORD000155,2026-04-21,Snacks,Maharashtra,Mumbai,400001,3,149,Zepto,19.0814709738117,72.87567807347567
ORD000156,2026-02-28,Snacks,Maharashtra,Mumbai,400050,5,49,Swiggy Instamart,19.05742318796773,72.84048776851986
ORD000157,2026-05-28,Protein Bar,Maharashtra,Nashik,422001,2,299,Swiggy Instamart,20.01415416348988,73.78783509636001
ORD000158,2026-03-13,Energy Drink,Karnataka,Bengaluru,560001,5,249,Swiggy Instamart,12.984654788071543,77.59481003841633
ORD000159,2026-01-24,Shampoo,Karnataka,Bengaluru,560001,3,249,Blinkit,12.97841952971295,77.59149733243406
ORD000160,2026-06-21,Protein Bar,Gujarat,Ahmedabad,380001,2,199,Blinkit,23.025741663524887,72.57009856945632
ORD000161,2026-03-15,Snacks,Karnataka,Bengaluru,560001,4,49,Blinkit,12.972569959649928,77.60055157025437
ORD000162,2026-03-22,Face Wash,Maharashtra,Mumbai,400050,3,79,Blinkit,19.051417793167666,72.85042387275685
ORD000163,2026-01-01,Snacks,Delhi,New Delhi,110001,5,299,Blinkit,28.603839826185006,77.19685811387212
ORD000164,2026-02-18,Coffee,Maharashtra,Mumbai,400001,3,299,Swiggy Instamart,19.087581108735,72.88561662693964
ORD000165,2026-01-14,Energy Drink,Karnataka,Bengaluru,560001,3,99,Blinkit,12.977841198170522,77.60088345509264
ORD000166,2026-06-28,Shampoo,Karnataka,Bengaluru,560001,1,49,Swiggy Instamart,12.971477532271532,77.58562745628514
ORD000167,2026-03-03,Snacks,Telangana,Hyderabad,500001,2,149,Swiggy Instamart,17.385758045581937,78.47992838288488
ORD000168,2026-05-22,Shampoo,Maharashtra,Mumbai,400001,1,129,Zepto,19.08575119733418,72.87622942618498
ORD000169,2026-01-31,Snacks,Karnataka,Bengaluru,560001,2,299,Swiggy Instamart,12.963345028032075,77.59138614158347
ORD000170,2026-05-11,Snacks,Maharashtra,Nashik,422001,3,249,Blinkit,20.010029314542756,73.77406275447197
ORD000171,2026-03-04,Shampoo,Karnataka,Bengaluru,560001,5,99,Blinkit,12.963377796044336,77.59703687211491
ORD000172,2026-06-03,Coffee,Maharashtra,Pune,411001,2,79,Blinkit,18.522849665711085,73.85163056824629
ORD000173,2026-03-29,Coffee,Gujarat,Surat,395003,3,49,Blinkit,21.16548961694382,72.83342049937359
ORD000174,2026-05-31,Coffee,Maharashtra,Nashik,422001,4,99,Blinkit,19.991419156585028,73.76562536225624
ORD000175,2026-05-04,Face Wash,Delhi,New Delhi,110001,3,249,Blinkit,28.606715557787478,77.20686552848288
ORD000176,2026-02-18,Snacks,Gujarat,Ahmedabad,380001,2,249,Zepto,23.025609075655982,72.58615356216949
ORD000177,2026-01-12,Face Wash,Gujarat,Surat,395003,4,249,Blinkit,21.178776596232023,72.82950061470038
ORD000178,2026-05-07,Protein Bar,Maharashtra,Thane,400601,2,199,Zepto,19.218109837920974,72.96807470635362
ORD000179,2026-01-26,Coffee,Karnataka,Bengaluru,560001,4,49,Swiggy Instamart,12.971414868640077,77.5917134136108
ORD000180,2026-04-15,Snacks,Maharashtra,Thane,400601,2,79,Blinkit,19.22152718560338,72.96982769056447
ORD000181,2026-03-28,Coffee,Maharashtra,Nashik,422001,4,79,Blinkit,20.011093465142412,73.79502738913003
ORD000182,2026-04-08,Face Wash,Delhi,New Delhi,110001,4,49,Swiggy Instamart,28.612812398515434,77.21301711722099
ORD000183,2026-03-02,Snacks,Maharashtra,Mumbai,400050,3,129,Swiggy Instamart,19.06650143991711,72.82548779528113
ORD000184,2026-04-22,Protein Bar,Maharashtra,Mumbai,400050,1,299,Zepto,19.061840924818103,72.82962592400781
ORD000185,2026-01-08,Protein Bar,Maharashtra,Nashik,422001,3,49,Blinkit,20.006876760985488,73.77196990216144
ORD000186,2026-04-06,Shampoo,Gujarat,Ahmedabad,380001,2,129,Swiggy Instamart,23.02274510174259,72.57637998291246
ORD000187,2026-05-25,Snacks,Gujarat,Surat,395003,2,99,Zepto,21.18471143607795,72.84069270826086
ORD000188,2026-06-06,Shampoo,Maharashtra,Mumbai,400050,5,129,Blinkit,19.081131824575117,72.82182652437112
ORD000189,2026-02-06,Energy Drink,Telangana,Hyderabad,500001,4,149,Blinkit,17.39372320636721,78.48853342005738
ORD000190,2026-06-20,Protein Bar,Maharashtra,Nashik,422001,4,149,Swiggy Instamart,20.02779802933218,73.77161701714645
ORD000191,2026-02-10,Protein Bar,Delhi,New Delhi,110001,4,199,Swiggy Instamart,28.605502781578192,77.20300607354557
ORD000192,2026-06-13,Shampoo,Maharashtra,Nashik,422001,3,299,Blinkit,19.9846610427569,73.7744424497832
ORD000193,2026-04-09,Shampoo,Maharashtra,Pune,411001,1,129,Blinkit,18.512808673384463,73.85820393786477
ORD000194,2026-04-02,Coffee,Telangana,Hyderabad,500001,3,149,Zepto,17.388417559757773,78.50546170839216
ORD000195,2026-03-12,Protein Bar,Gujarat,Surat,395003,5,49,Swiggy Instamart,21.179704238381863,72.82533096344338
ORD000196,2026-03-15,Energy Drink,Karnataka,Bengaluru,560001,5,199,Zepto,12.962615853286517,77.59951919171506
ORD000197,2026-06-08,Face Wash,Maharashtra,Pune,411001,2,79,Swiggy Instamart,18.50719766792979,73.87501458765854
ORD000198,2026-03-21,Shampoo,Maharashtra,Mumbai,400001,1,199,Swiggy Instamart,19.087794401207212,72.87300824347896
ORD000199,2026-01-24,Face Wash,Maharashtra,Thane,400601,3,249,Zepto,19.20116865470909,72.99163872374166
ORD000200,2026-02-03,Coffee,Maharashtra,Pune,411001,3,149,Zepto,18.519254601547473,73.86907816311974
ORD000201,2026-05-04,Face Wash,Maharashtra,Nashik,422001,3,79,Blinkit,19.989955723412056,73.77370624977047
ORD000202,2026-02-06,Energy Drink,Maharashtra,Mumbai,400050,4,199,Zepto,19.059652436997183,72.82996980593764
ORD000203,2026-01-04,Face Wash,Gujarat,Surat,395003,5,79,Blinkit,21.16569934528521,72.83732849932348
ORD000204,2026-06-22,Snacks,Gujarat,Ahmedabad,380001,3,249,Swiggy Instamart,23.011823795706174,72.56997620514979
ORD000205,2026-01-28,Snacks,Gujarat,Ahmedabad,380001,2,299,Zepto,23.02370295631712,72.57654438834058
ORD000206,2026-05-24,Face Wash,Telangana,Hyderabad,500001,5,129,Swiggy Instamart,17.39211614878089,78.47545357908162
ORD000207,2026-06-12,Shampoo,Maharashtra,Mumbai,400050,3,249,Zepto,19.044258858292643,72.84227676821898
ORD000208,2026-01-12,Protein Bar,Maharashtra,Thane,400601,3,299,Zepto,19.221623140119796,72.97061513463443
ORD000209,2026-03-02,Coffee,Maharashtra,Mumbai,400050,2,249,Blinkit,19.075111519755225,72.83065674634292
ORD000210,2026-06-21,Snacks,Gujarat,Ahmedabad,380001,5,249,Swiggy Instamart,23.03429297184064,72.5720751848141
ORD000211,2026-04-17,Snacks,Maharashtra,Thane,400601,1,299,Swiggy Instamart,19.23890747924882,72.99565340842443
ORD000212,2026-03-13,Protein Bar,Gujarat,Surat,395003,3,129,Blinkit,21.16771035851521,72.84081570950956
ORD000213,2026-03-02,Face Wash,Karnataka,Bengaluru,560001,1,199,Swiggy Instamart,12.978053759495852,77.60828631557533
ORD000214,2026-01-16,Shampoo,Gujarat,Ahmedabad,380001,3,129,Zepto,23.012850765394198,72.57826051459998
ORD000215,2026-01-24,Snacks,Karnataka,Bengaluru,560001,2,49,Zepto,12.982184244868497,77.57701260513576
ORD000216,2026-03-04,Energy Drink,Gujarat,Ahmedabad,380001,5,129,Zepto,23.010667414873343,72.55100767822239
ORD000217,2026-02-23,Coffee,Delhi,New Delhi,110001,2,129,Blinkit,28.611205931655554,77.21617542255797
ORD000218,2026-06-02,Protein Bar,Maharashtra,Thane,400601,3,99,Zepto,19.23332357052096,72.9788409478042
ORD000219,2026-03-06,Energy Drink,Delhi,New Delhi,110001,1,49,Zepto,28.630186155455714,77.19519898541786
ORD000220,2026-04-02,Energy Drink,Maharashtra,Mumbai,400001,5,199,Zepto,19.05896617560645,72.87714452301104
ORD000221,2026-03-09,Protein Bar,Maharashtra,Thane,400601,2,249,Swiggy Instamart,19.222140654489394,72.97777305251905
ORD000222,2026-01-17,Shampoo,Maharashtra,Mumbai,400050,4,199,Swiggy Instamart,19.0389255789996,72.82860879960486
ORD000223,2026-01-28,Shampoo,Telangana,Hyderabad,500001,5,129,Swiggy Instamart,17.37195530499495,78.4933967254883
ORD000224,2026-06-18,Coffee,Maharashtra,Mumbai,400001,3,299,Swiggy Instamart,19.07966598246097,72.86830120213673
ORD000225,2026-01-16,Shampoo,Maharashtra,Mumbai,400001,4,249,Swiggy Instamart,19.070861330826634,72.86710786478112
ORD000226,2026-05-06,Snacks,Maharashtra,Mumbai,400050,4,79,Zepto,19.05897320902727,72.839051423205
ORD000227,2026-06-05,Energy Drink,Gujarat,Ahmedabad,380001,1,99,Blinkit,23.012642739536645,72.57644046515517
ORD000228,2026-06-12,Coffee,Telangana,Hyderabad,500001,5,199,Blinkit,17.37969742381628,78.47877127167737
ORD000229,2026-05-16,Face Wash,Telangana,Hyderabad,500001,4,249,Zepto,17.383929696400457,78.47634757677581
ORD000230,2026-06-17,Snacks,Maharashtra,Mumbai,400050,5,129,Blinkit,19.054063506946527,72.8175212210741
ORD000231,2026-02-28,Shampoo,Karnataka,Bengaluru,560001,3,299,Blinkit,12.991247251329165,77.59495263551972
ORD000232,2026-01-25,Face Wash,Gujarat,Surat,395003,4,199,Swiggy Instamart,21.163202744920074,72.83323979910735
ORD000233,2026-04-06,Energy Drink,Maharashtra,Nashik,422001,4,79,Zepto,20.00477671950309,73.77749030400467
ORD000234,2026-01-24,Shampoo,Maharashtra,Mumbai,400050,1,199,Zepto,19.065741667000434,72.83707507710047
ORD000235,2026-01-16,Coffee,Delhi,New Delhi,110001,5,199,Swiggy Instamart,28.608594988523897,77.20324181759355
ORD000236,2026-04-16,Face Wash,Maharashtra,Mumbai,400050,4,49,Blinkit,19.056849483028483,72.80648078835264
ORD000237,2026-03-21,Face Wash,Telangana,Hyderabad,500001,1,129,Zepto,17.369848089378017,78.50036874267444
ORD000238,2026-02-27,Protein Bar,Karnataka,Bengaluru,560001,3,199,Zepto,12.988049677135013,77.59210963960443
ORD000239,2026-05-27,Energy Drink,Maharashtra,Nashik,422001,4,49,Swiggy Instamart,20.01166556963056,73.78281250154544
ORD000240,2026-01-08,Energy Drink,Maharashtra,Nashik,422001,3,149,Blinkit,20.036688808084552,73.79089574911436
ORD000241,2026-01-02,Energy Drink,Gujarat,Ahmedabad,380001,2,249,Zepto,23.021220824085194,72.561844595594
ORD000242,2026-06-12,Protein Bar,Maharashtra,Thane,400601,1,129,Blinkit,19.202235536797424,72.98013463635867
ORD000243,2026-04-27,Face Wash,Gujarat,Surat,395003,2,199,Blinkit,21.162636492547158,72.81687746290403
ORD000244,2026-05-26,Coffee,Gujarat,Ahmedabad,380001,1,49,Zepto,23.016034271157576,72.56058451996385
ORD000245,2026-06-08,Protein Bar,Maharashtra,Thane,400601,1,149,Blinkit,19.235171416350724,72.98691639756949
ORD000246,2026-05-05,Coffee,Gujarat,Surat,395003,4,249,Blinkit,21.170120273586836,72.84589944138891
ORD000247,2026-05-12,Protein Bar,Maharashtra,Pune,411001,3,249,Zepto,18.521173683076476,73.84808715798673
ORD000248,2026-06-23,Snacks,Maharashtra,Nashik,422001,5,299,Swiggy Instamart,20.021131240772696,73.78508910043685
ORD000249,2026-01-12,Energy Drink,Maharashtra,Nashik,422001,4,49,Zepto,19.995527538456734,73.77779661321917
ORD000250,2026-03-19,Energy Drink,Maharashtra,Pune,411001,2,149,Blinkit,18.51164381746615,73.84287200269036
ORD000251,2026-01-31,Protein Bar,Gujarat,Ahmedabad,380001,4,249,Zepto,23.031761775475317,72.5904941664047
ORD000252,2026-04-08,Coffee,Maharashtra,Thane,400601,2,199,Zepto,19.20431432426181,72.98372969236691
ORD000253,2026-01-11,Shampoo,Gujarat,Surat,395003,1,299,Zepto,21.163693574308784,72.82622874616236
ORD000254,2026-05-28,Shampoo,Gujarat,Ahmedabad,380001,5,249,Swiggy Instamart,23.01657606075761,72.5627600923032
ORD000255,2026-03-16,Protein Bar,Gujarat,Surat,395003,4,49,Blinkit,21.17068521627945,72.8227904988359
ORD000256,2026-06-08,Shampoo,Maharashtra,Thane,400601,3,79,Blinkit,19.221004568257797,72.9775976189055
ORD000257,2026-03-04,Shampoo,Maharashtra,Mumbai,400050,5,249,Swiggy Instamart,19.057210519531335,72.82042436337959
ORD000258,2026-04-12,Face Wash,Maharashtra,Mumbai,400050,3,129,Blinkit,19.053832286694316,72.83705391225826
ORD000259,2026-01-20,Coffee,Maharashtra,Thane,400601,1,129,Blinkit,19.22330917187624,72.968324447552
ORD000260,2026-06-15,Energy Drink,Gujarat,Ahmedabad,380001,2,79,Zepto,23.023493323054293,72.57891387123371
ORD000261,2026-02-20,Energy Drink,Maharashtra,Nashik,422001,5,99,Swiggy Instamart,19.989205947188786,73.7851336019238
ORD000262,2026-02-15,Snacks,Maharashtra,Mumbai,400050,4,299,Swiggy Instamart,19.05297376241054,72.83520598668592
ORD000263,2026-04-25,Snacks,Telangana,Hyderabad,500001,5,199,Swiggy Instamart,17.377367408434576,78.46865117899335
ORD000264,2026-02-08,Shampoo,Gujarat,Ahmedabad,380001,1,299,Blinkit,23.006224575621168,72.57188084946661
ORD000265,2026-03-12,Coffee,Maharashtra,Nashik,422001,1,199,Swiggy Instamart,20.008497225017216,73.77065683374896
ORD000266,2026-03-21,Shampoo,Maharashtra,Mumbai,400050,4,49,Zepto,19.065985924587775,72.8128847993773
ORD000267,2026-03-15,Protein Bar,Gujarat,Ahmedabad,380001,1,249,Blinkit,23.021839202013528,72.55928983800237
ORD000268,2026-05-22,Snacks,Telangana,Hyderabad,500001,1,299,Swiggy Instamart,17.37848163892198,78.48717398671316
ORD000269,2026-03-24,Coffee,Maharashtra,Pune,411001,4,99,Zepto,18.51179586634716,73.8528544445577
ORD000270,2026-01-27,Face Wash,Karnataka,Bengaluru,560001,1,99,Zepto,12.981662928092145,77.58883108130478
ORD000271,2026-04-23,Shampoo,Maharashtra,Pune,411001,5,99,Blinkit,18.52875692112065,73.84540293145342
ORD000272,2026-03-14,Shampoo,Gujarat,Ahmedabad,380001,4,199,Swiggy Instamart,23.027798041779153,72.58581568620657
ORD000273,2026-01-14,Snacks,Telangana,Hyderabad,500001,3,79,Blinkit,17.36028355499873,78.4787310474453
ORD000274,2026-05-23,Snacks,Maharashtra,Mumbai,400050,4,149,Blinkit,19.065370721271805,72.82746954613957
ORD000275,2026-02-08,Face Wash,Telangana,Hyderabad,500001,1,99,Blinkit,17.388711458733713,78.48066014813284
ORD000276,2026-06-17,Snacks,Maharashtra,Nashik,422001,4,99,Swiggy Instamart,20.00676589787473,73.77814322764608
ORD000277,2026-03-21,Coffee,Maharashtra,Mumbai,400050,4,199,Zepto,19.071277820616597,72.832044208433
ORD000278,2026-01-24,Snacks,Delhi,New Delhi,110001,4,199,Zepto,28.617276026620754,77.20488123033878
ORD000279,2026-03-21,Energy Drink,Gujarat,Ahmedabad,380001,2,199,Blinkit,23.017623937759275,72.5670744181218
ORD000280,2026-02-27,Energy Drink,Maharashtra,Pune,411001,2,79,Blinkit,18.52434452142378,73.8524901551918
ORD000281,2026-05-10,Coffee,Maharashtra,Mumbai,400050,5,49,Swiggy Instamart,19.062497748568966,72.85025400798645
ORD000282,2026-06-08,Energy Drink,Gujarat,Ahmedabad,380001,5,249,Zepto,23.031211247034317,72.56813976467832
ORD000283,2026-02-16,Snacks,Maharashtra,Thane,400601,5,99,Swiggy Instamart,19.23031213922164,72.97401924626978
ORD000284,2026-01-12,Shampoo,Karnataka,Bengaluru,560001,3,129,Blinkit,12.951218754648222,77.58451913689082
ORD000285,2026-03-14,Snacks,Telangana,Hyderabad,500001,4,129,Swiggy Instamart,17.366292080789744,78.48318486515959
ORD000286,2026-03-21,Shampoo,Maharashtra,Pune,411001,2,199,Swiggy Instamart,18.520584183791893,73.87346437312276
ORD000287,2026-04-23,Shampoo,Telangana,Hyderabad,500001,3,249,Swiggy Instamart,17.38826927373764,78.48450899471192
ORD000288,2026-04-18,Energy Drink,Delhi,New Delhi,110001,2,99,Blinkit,28.622194055811836,77.18688864690992
ORD000289,2026-06-14,Shampoo,Maharashtra,Mumbai,400001,3,79,Swiggy Instamart,19.078356145581086,72.88540865193887
ORD000290,2026-02-01,Face Wash,Delhi,New Delhi,110001,1,99,Blinkit,28.5991141375422,77.22043754043207
ORD000291,2026-05-12,Energy Drink,Karnataka,Bengaluru,560001,4,79,Zepto,12.974984964074945,77.59044712086099
ORD000292,2026-03-31,Protein Bar,Karnataka,Bengaluru,560001,4,49,Blinkit,12.977927818661064,77.61730692857805
ORD000293,2026-04-06,Energy Drink,Delhi,New Delhi,110001,4,79,Blinkit,28.615718662550584,77.211482205863
ORD000294,2026-01-08,Face Wash,Maharashtra,Pune,411001,1,199,Zepto,18.515806391004595,73.84820155630536
ORD000295,2026-01-10,Face Wash,Maharashtra,Thane,400601,4,99,Swiggy Instamart,19.22660335816544,72.96953916174091
ORD000296,2026-04-25,Coffee,Karnataka,Bengaluru,560001,1,79,Zepto,12.972315662372194,77.58982342553234
ORD000297,2026-02-25,Energy Drink,Maharashtra,Nashik,422001,5,249,Zepto,20.010689798257463,73.78303662105287
ORD000298,2026-03-02,Face Wash,Maharashtra,Nashik,422001,1,49,Zepto,20.01627539944258,73.77459983601146
ORD000299,2026-06-13,Coffee,Gujarat,Surat,395003,4,79,Zepto,21.167501250647067,72.82131236284218
ORD000300,2026-06-02,Coffee,Karnataka,Bengaluru,560001,1,129,Swiggy Instamart,12.96715706739924,77.59837300493045
ORD000301,2026-03-16,Shampoo,Maharashtra,Thane,400601,1,199,Zepto,19.225869886166453,72.96887834675822
ORD000302,2026-04-17,Energy Drink,Telangana,Hyderabad,500001,1,199,Zepto,17.39369605920106,78.50025637858805
ORD000303,2026-05-20,Coffee,Delhi,New Delhi,110001,5,49,Blinkit,28.61803434903224,77.22776795812558
ORD000304,2026-01-12,Snacks,Karnataka,Bengaluru,560001,4,199,Blinkit,12.963862108008964,77.58215345296689
ORD000305,2026-04-02,Protein Bar,Maharashtra,Mumbai,400001,3,129,Swiggy Instamart,19.058212797510958,72.89266044311489
ORD000306,2026-05-29,Snacks,Maharashtra,Mumbai,400050,3,99,Zepto,19.06614365656354,72.82894415329089
ORD000307,2026-05-20,Face Wash,Gujarat,Ahmedabad,380001,2,299,Swiggy Instamart,23.0252996862632,72.56014510952701
ORD000308,2026-06-11,Energy Drink,Karnataka,Bengaluru,560001,2,79,Swiggy Instamart,12.99605751979617,77.59589221181976
ORD000309,2026-01-10,Face Wash,Karnataka,Bengaluru,560001,2,49,Zepto,12.97269394794605,77.60185766623898
ORD000310,2026-03-22,Face Wash,Maharashtra,Mumbai,400001,5,249,Swiggy Instamart,19.080810092317368,72.8799388402428
ORD000311,2026-03-06,Protein Bar,Karnataka,Bengaluru,560001,2,149,Blinkit,12.963695255445547,77.59931468357136
ORD000312,2026-06-17,Face Wash,Maharashtra,Mumbai,400001,3,79,Blinkit,19.09482024496475,72.89115420046156
ORD000313,2026-04-13,Snacks,Gujarat,Surat,395003,4,249,Blinkit,21.186131866266397,72.8259878432357
ORD000314,2026-05-08,Snacks,Maharashtra,Thane,400601,4,199,Swiggy Instamart,19.208403951797415,72.976842130799
ORD000315,2026-01-22,Snacks,Maharashtra,Nashik,422001,4,79,Blinkit,20.00645724912289,73.79064191518472
ORD000316,2026-02-16,Coffee,Telangana,Hyderabad,500001,3,199,Zepto,17.368075353702853,78.5019955031946
ORD000317,2026-03-25,Snacks,Maharashtra,Mumbai,400050,3,149,Blinkit,19.05801992101421,72.82523118930052
ORD000318,2026-04-20,Energy Drink,Telangana,Hyderabad,500001,4,199,Blinkit,17.3748789562474,78.47015143328134
ORD000319,2026-04-01,Coffee,Maharashtra,Mumbai,400001,4,149,Swiggy Instamart,19.08423170583962,72.87843317967189
ORD000320,2026-01-20,Snacks,Maharashtra,Mumbai,400001,4,199,Swiggy Instamart,19.06310039100259,72.86474921227936
ORD000321,2026-01-08,Energy Drink,Maharashtra,Thane,400601,5,299,Zepto,19.214942153007097,72.99479021525289
ORD000322,2026-01-18,Energy Drink,Maharashtra,Thane,400601,3,199,Blinkit,19.21570408648636,72.96306857046882
ORD000323,2026-01-09,Coffee,Telangana,Hyderabad,500001,2,299,Blinkit,17.382542569359142,78.48397276430252
ORD000324,2026-04-24,Protein Bar,Gujarat,Ahmedabad,380001,5,99,Swiggy Instamart,22.995531133570584,72.57085705133481
ORD000325,2026-04-12,Face Wash,Gujarat,Ahmedabad,380001,3,129,Zepto,23.020190654697913,72.57836206364813
ORD000326,2026-02-17,Shampoo,Maharashtra,Mumbai,400001,5,249,Swiggy Instamart,19.094489560949455,72.88896565029548
ORD000327,2026-03-09,Face Wash,Maharashtra,Mumbai,400050,4,129,Swiggy Instamart,19.05691111309445,72.81843474091258
ORD000328,2026-06-27,Shampoo,Maharashtra,Nashik,422001,2,79,Zepto,20.0316335980325,73.78029218434015
ORD000329,2026-04-26,Energy Drink,Maharashtra,Mumbai,400050,4,79,Swiggy Instamart,19.05973929291913,72.8292587491289
ORD000330,2026-06-20,Face Wash,Gujarat,Ahmedabad,380001,1,149,Blinkit,23.02448084760768,72.56995639588075
ORD000331,2026-06-29,Snacks,Maharashtra,Thane,400601,2,199,Swiggy Instamart,19.212563379931197,72.9726314105876
ORD000332,2026-02-01,Energy Drink,Maharashtra,Pune,411001,2,129,Blinkit,18.52007246729784,73.85126575228867
ORD000333,2026-04-03,Coffee,Maharashtra,Mumbai,400001,5,199,Blinkit,19.06887154217323,72.87876430227692
ORD000334,2026-02-03,Coffee,Delhi,New Delhi,110001,1,79,Blinkit,28.611350227825792,77.22403992988583
ORD000335,2026-05-03,Coffee,Gujarat,Surat,395003,4,249,Swiggy Instamart,21.14369030191607,72.84201506851923
ORD000336,2026-02-02,Face Wash,Maharashtra,Mumbai,400050,1,299,Blinkit,19.072060851924977,72.80876609767591
ORD000337,2026-03-30,Energy Drink,Delhi,New Delhi,110001,5,99,Zepto,28.610473124059197,77.20528559134004
ORD000338,2026-05-09,Protein Bar,Gujarat,Surat,395003,1,99,Blinkit,21.156124883052822,72.8233218331241
ORD000339,2026-02-11,Face Wash,Maharashtra,Thane,400601,2,199,Swiggy Instamart,19.20719424154534,72.99562270443424
ORD000340,2026-01-21,Face Wash,Maharashtra,Nashik,422001,2,149,Zepto,20.015256783931473,73.79241555094994
ORD000341,2026-06-07,Coffee,Maharashtra,Nashik,422001,1,99,Swiggy Instamart,20.013116720640433,73.76840948228784
ORD000342,2026-02-09,Energy Drink,Telangana,Hyderabad,500001,5,199,Swiggy Instamart,17.379754797337203,78.49159374561228
ORD000343,2026-01-08,Protein Bar,Maharashtra,Mumbai,400001,1,149,Swiggy Instamart,19.06377872191108,72.88482998430173
ORD000344,2026-05-27,Shampoo,Maharashtra,Pune,411001,5,49,Blinkit,18.51799674601842,73.85295179192451
ORD000345,2026-03-16,Snacks,Delhi,New Delhi,110001,3,299,Zepto,28.621009599682036,77.21344263311487
ORD000346,2026-03-18,Shampoo,Gujarat,Surat,395003,1,49,Zepto,21.16659033834181,72.84269329803365
ORD000347,2026-04-17,Shampoo,Karnataka,Bengaluru,560001,4,129,Blinkit,12.960789366724,77.60075935606945
ORD000348,2026-02-06,Face Wash,Telangana,Hyderabad,500001,3,199,Blinkit,17.390931012579685,78.48360453560686
ORD000349,2026-04-05,Coffee,Maharashtra,Thane,400601,5,79,Blinkit,19.22156133022242,72.96558886423614
ORD000350,2026-04-30,Protein Bar,Maharashtra,Pune,411001,3,299,Zepto,18.52964027019207,73.85485097863557
ORD000351,2026-01-25,Protein Bar,Maharashtra,Thane,400601,3,249,Swiggy Instamart,19.21307276979481,72.98859009225836
ORD000352,2026-03-05,Energy Drink,Gujarat,Surat,395003,3,199,Zepto,21.163156563094574,72.81701538703638
ORD000353,2026-05-08,Coffee,Maharashtra,Thane,400601,4,299,Blinkit,19.20273370826476,72.98416009951346
ORD000354,2026-01-06,Protein Bar,Karnataka,Bengaluru,560001,4,299,Zepto,12.958795706475037,77.61214794181984
ORD000355,2026-05-30,Face Wash,Maharashtra,Pune,411001,1,49,Blinkit,18.49958070592116,73.87366456368291
ORD000356,2026-06-02,Snacks,Karnataka,Bengaluru,560001,4,149,Swiggy Instamart,12.973710174672027,77.5936328688813
ORD000357,2026-01-28,Shampoo,Maharashtra,Mumbai,400001,2,149,Swiggy Instamart,19.070550809131912,72.88169136114352
ORD000358,2026-04-14,Face Wash,Gujarat,Ahmedabad,380001,1,249,Zepto,23.022123652975754,72.58243301882017
ORD000359,2026-05-24,Energy Drink,Telangana,Hyderabad,500001,3,149,Zepto,17.386142276486623,78.48820301761462
ORD000360,2026-05-10,Shampoo,Gujarat,Surat,395003,5,149,Swiggy Instamart,21.166563877877863,72.83053054376279
ORD000361,2026-01-31,Energy Drink,Telangana,Hyderabad,500001,1,249,Blinkit,17.388078017688922,78.46959831607343
ORD000362,2026-05-23,Face Wash,Gujarat,Ahmedabad,380001,2,129,Swiggy Instamart,23.009018145778942,72.57883264094022
ORD000363,2026-04-13,Coffee,Delhi,New Delhi,110001,1,49,Zepto,28.61560865438128,77.20716016663647
ORD000364,2026-03-27,Shampoo,Maharashtra,Thane,400601,5,299,Zepto,19.218484339330654,72.98157581705361
ORD000365,2026-05-12,Energy Drink,Telangana,Hyderabad,500001,3,199,Zepto,17.37960240319691,78.47891695274598
ORD000366,2026-06-07,Snacks,Gujarat,Surat,395003,3,199,Swiggy Instamart,21.172158452550978,72.82131627222385
ORD000367,2026-05-17,Shampoo,Delhi,New Delhi,110001,5,149,Blinkit,28.617982527557146,77.19197416395762
ORD000368,2026-04-05,Face Wash,Maharashtra,Mumbai,400001,1,249,Swiggy Instamart,19.086291556373258,72.88242597482413
ORD000369,2026-06-26,Snacks,Maharashtra,Nashik,422001,1,299,Blinkit,20.008460297343138,73.78952690983947
ORD000370,2026-05-28,Energy Drink,Telangana,Hyderabad,500001,1,299,Zepto,17.401654744444627,78.49684370065017
ORD000371,2026-06-11,Snacks,Delhi,New Delhi,110001,5,249,Zepto,28.595491257686685,77.19620423033264
ORD000372,2026-01-09,Coffee,Maharashtra,Pune,411001,1,129,Zepto,18.51415181422304,73.85696091050211
ORD000373,2026-03-22,Shampoo,Karnataka,Bengaluru,560001,2,249,Swiggy Instamart,12.976776590204691,77.58734256186847
ORD000374,2026-04-16,Coffee,Maharashtra,Pune,411001,5,299,Swiggy Instamart,18.52226766764477,73.84914617067648
ORD000375,2026-02-05,Coffee,Maharashtra,Mumbai,400001,2,199,Swiggy Instamart,19.06988482197008,72.86363338903152
ORD000376,2026-05-15,Shampoo,Karnataka,Bengaluru,560001,3,99,Blinkit,12.962367667538892,77.58108315394384
ORD000377,2026-03-29,Coffee,Delhi,New Delhi,110001,3,149,Swiggy Instamart,28.60414126747023,77.21953641796608
ORD000378,2026-02-19,Energy Drink,Karnataka,Bengaluru,560001,3,149,Zepto,12.96210601111168,77.62092382064837
ORD000379,2026-03-15,Snacks,Maharashtra,Nashik,422001,2,299,Blinkit,20.01083317900881,73.78154836123696
ORD000380,2026-03-31,Coffee,Karnataka,Bengaluru,560001,3,149,Zepto,12.963016422198189,77.60160309879409
ORD000381,2026-06-23,Coffee,Telangana,Hyderabad,500001,4,249,Blinkit,17.379243621737622,78.48792009814645
ORD000382,2026-03-16,Protein Bar,Maharashtra,Thane,400601,3,79,Blinkit,19.243900845382687,72.97713940100274
ORD000383,2026-06-17,Face Wash,Karnataka,Bengaluru,560001,4,129,Zepto,12.983092733262858,77.58756823574875
ORD000384,2026-03-11,Coffee,Delhi,New Delhi,110001,3,99,Zepto,28.61355011509503,77.22670800635636
ORD000385,2026-05-31,Energy Drink,Telangana,Hyderabad,500001,2,49,Swiggy Instamart,17.378730329422122,78.50482448557997
ORD000386,2026-02-27,Snacks,Delhi,New Delhi,110001,2,49,Zepto,28.620977519354557,77.20337533224107
ORD000387,2026-03-26,Snacks,Gujarat,Surat,395003,4,79,Swiggy Instamart,21.176524077390557,72.84082554449627
ORD000388,2026-01-02,Coffee,Maharashtra,Thane,400601,2,249,Swiggy Instamart,19.22451809962217,72.9623977528011
ORD000389,2026-05-03,Snacks,Karnataka,Bengaluru,560001,2,149,Blinkit,12.964328628241752,77.59212481364449
ORD000390,2026-06-15,Protein Bar,Maharashtra,Nashik,422001,1,129,Swiggy Instamart,20.005155665709,73.78590672097552
ORD000391,2026-02-14,Shampoo,Maharashtra,Mumbai,400001,2,49,Blinkit,19.07777701000933,72.8643465564129
ORD000392,2026-02-17,Snacks,Karnataka,Bengaluru,560001,3,49,Zepto,12.97540197851006,77.60070585745284
ORD000393,2026-05-26,Coffee,Maharashtra,Nashik,422001,1,199,Blinkit,20.01149790447931,73.79050780725555
ORD000394,2026-06-14,Coffee,Karnataka,Bengaluru,560001,5,299,Zepto,12.97993922154549,77.59919180079228
ORD000395,2026-04-30,Face Wash,Delhi,New Delhi,110001,2,79,Blinkit,28.613198342885415,77.19239039066484
ORD000396,2026-04-28,Snacks,Maharashtra,Thane,400601,3,99,Zepto,19.222596182191324,72.98017687687162
ORD000397,2026-03-17,Coffee,Gujarat,Ahmedabad,380001,2,99,Swiggy Instamart,23.025215788371955,72.5586325142418
ORD000398,2026-04-20,Coffee,Gujarat,Surat,395003,3,79,Blinkit,21.15938943459592,72.84163152853334
ORD000399,2026-02-17,Energy Drink,Maharashtra,Mumbai,400050,4,199,Zepto,19.059204448461433,72.83631500697372
ORD000400,2026-03-08,Shampoo,Maharashtra,Mumbai,400001,2,299,Blinkit,19.076283183761305,72.87799756139496
ORD000401,2026-03-19,Coffee,Gujarat,Ahmedabad,380001,5,49,Blinkit,23.03188283805976,72.56623955271782
ORD000402,2026-06-27,Energy Drink,Gujarat,Ahmedabad,380001,1,79,Blinkit,23.02346120776941,72.56677724711295
ORD000403,2026-02-10,Shampoo,Maharashtra,Nashik,422001,5,149,Swiggy Instamart,20.001555037725677,73.77660827876532
ORD000404,2026-06-13,Face Wash,Maharashtra,Mumbai,400050,3,129,Zepto,19.061821337716335,72.82471251378337
ORD000405,2026-05-03,Energy Drink,Maharashtra,Thane,400601,4,199,Blinkit,19.230857561255736,72.9691539269778
ORD000406,2026-05-01,Coffee,Delhi,New Delhi,110001,2,129,Swiggy Instamart,28.612031283558387,77.20460268941726
ORD000407,2026-01-21,Coffee,Telangana,Hyderabad,500001,4,199,Zepto,17.39946977884354,78.48866554776511
ORD000408,2026-01-29,Protein Bar,Telangana,Hyderabad,500001,5,129,Swiggy Instamart,17.39531844539469,78.47184439626963
ORD000409,2026-02-08,Energy Drink,Delhi,New Delhi,110001,3,299,Zepto,28.616570502658693,77.21789630795624
ORD000410,2026-05-30,Shampoo,Maharashtra,Pune,411001,1,299,Zepto,18.521222839892754,73.86735480375066
ORD000411,2026-02-03,Coffee,Karnataka,Bengaluru,560001,4,299,Swiggy Instamart,12.966427115498997,77.60869347440186
ORD000412,2026-05-24,Shampoo,Maharashtra,Mumbai,400001,3,49,Blinkit,19.098988981236193,72.8740716143956
ORD000413,2026-01-01,Snacks,Maharashtra,Nashik,422001,2,79,Zepto,20.001444974785993,73.79423384477118
ORD000414,2026-03-30,Snacks,Gujarat,Surat,395003,1,49,Zepto,21.18599572145731,72.82587139972847
ORD000415,2026-01-09,Face Wash,Karnataka,Bengaluru,560001,4,99,Zepto,12.967398131829041,77.5917821539114
ORD000416,2026-04-06,Shampoo,Gujarat,Surat,395003,4,249,Blinkit,21.15675549488966,72.82191348053516
ORD000417,2026-06-24,Snacks,Maharashtra,Mumbai,400050,5,99,Swiggy Instamart,19.049558592332478,72.82182202434896
ORD000418,2026-01-31,Energy Drink,Gujarat,Ahmedabad,380001,5,249,Swiggy Instamart,23.022153151126133,72.57374214732536
ORD000419,2026-02-27,Protein Bar,Maharashtra,Thane,400601,1,149,Blinkit,19.23380500492814,72.96811645959261
ORD000420,2026-04-19,Coffee,Delhi,New Delhi,110001,4,129,Zepto,28.623743223984768,77.20686011155775
ORD000421,2026-03-30,Energy Drink,Karnataka,Bengaluru,560001,3,129,Swiggy Instamart,12.971105362903476,77.60134819492167
ORD000422,2026-01-09,Snacks,Maharashtra,Mumbai,400050,4,49,Zepto,19.048372779784376,72.83332409746184
ORD000423,2026-01-18,Protein Bar,Maharashtra,Pune,411001,5,49,Blinkit,18.52206452208213,73.86162451264009
ORD000424,2026-06-22,Snacks,Telangana,Hyderabad,500001,1,129,Swiggy Instamart,17.38789168643908,78.51125300139911
ORD000425,2026-04-13,Shampoo,Maharashtra,Mumbai,400001,2,129,Zepto,19.069622600157487,72.87239003044999
ORD000426,2026-05-09,Face Wash,Maharashtra,Thane,400601,2,199,Swiggy Instamart,19.21206859473575,72.9725452288084
ORD000427,2026-06-22,Face Wash,Telangana,Hyderabad,500001,2,149,Zepto,17.378626128726935,78.49859016531107
ORD000428,2026-02-26,Shampoo,Delhi,New Delhi,110001,3,149,Zepto,28.6281050424799,77.20329253706251
ORD000429,2026-06-01,Snacks,Delhi,New Delhi,110001,2,249,Swiggy Instamart,28.60557644426896,77.21371415556386
ORD000430,2026-01-13,Face Wash,Karnataka,Bengaluru,560001,4,199,Swiggy Instamart,12.966077769557192,77.60092931817755
ORD000431,2026-04-15,Energy Drink,Gujarat,Surat,395003,3,249,Zepto,21.172229230208515,72.81594255885004
ORD000432,2026-05-02,Energy Drink,Delhi,New Delhi,110001,2,149,Swiggy Instamart,28.6293750520133,77.22695877673095
ORD000433,2026-04-29,Protein Bar,Maharashtra,Thane,400601,5,249,Blinkit,19.212172113095157,72.97422298440064
ORD000434,2026-05-16,Energy Drink,Delhi,New Delhi,110001,4,129,Blinkit,28.61675865390725,77.21234456789988
ORD000435,2026-03-26,Snacks,Maharashtra,Pune,411001,1,299,Blinkit,18.526985442726726,73.87680204538766
ORD000436,2026-05-18,Snacks,Maharashtra,Mumbai,400050,2,49,Blinkit,19.05783052772506,72.8215170275546
ORD000437,2026-06-22,Coffee,Gujarat,Surat,395003,5,49,Zepto,21.156406807719858,72.8237906996006
ORD000438,2026-05-31,Snacks,Maharashtra,Pune,411001,5,129,Blinkit,18.520068730271262,73.87464557863518
ORD000439,2026-03-27,Face Wash,Maharashtra,Pune,411001,1,129,Zepto,18.515223887009636,73.85893787951639
ORD000440,2026-05-03,Energy Drink,Maharashtra,Mumbai,400050,5,129,Blinkit,19.059435771039272,72.84138393273447
ORD000441,2026-05-22,Face Wash,Maharashtra,Pune,411001,3,249,Blinkit,18.545669324258736,73.8513913122708
ORD000442,2026-06-16,Face Wash,Delhi,New Delhi,110001,3,149,Blinkit,28.60900560557482,77.2194416087707
ORD000443,2026-05-08,Shampoo,Delhi,New Delhi,110001,1,299,Blinkit,28.620718914896266,77.22746707325736
ORD000444,2026-04-05,Face Wash,Maharashtra,Pune,411001,4,49,Swiggy Instamart,18.526239281853258,73.85310707909213
ORD000445,2026-02-07,Protein Bar,Maharashtra,Pune,411001,3,249,Blinkit,18.526306548306923,73.86778703580583
ORD000446,2026-02-20,Face Wash,Maharashtra,Thane,400601,2,249,Swiggy Instamart,19.22650482181197,72.98317274031108
ORD000447,2026-05-08,Coffee,Maharashtra,Pune,411001,3,149,Blinkit,18.531066746895892,73.86839295590445
ORD000448,2026-04-28,Energy Drink,Karnataka,Bengaluru,560001,3,99,Zepto,12.985421589910375,77.6010870988759
ORD000449,2026-05-06,Energy Drink,Delhi,New Delhi,110001,5,49,Swiggy Instamart,28.612228819196833,77.21046713686434
ORD000450,2026-01-20,Snacks,Maharashtra,Mumbai,400001,1,49,Blinkit,19.088065089665083,72.86953064329013
ORD000451,2026-06-11,Energy Drink,Maharashtra,Thane,400601,1,99,Zepto,19.221986733088727,72.97416661187673
ORD000452,2026-05-10,Shampoo,Maharashtra,Pune,411001,3,49,Swiggy Instamart,18.520687448229346,73.86948451862608
ORD000453,2026-05-04,Snacks,Telangana,Hyderabad,500001,4,49,Zepto,17.3869109906802,78.48716436548156
ORD000454,2026-05-22,Shampoo,Delhi,New Delhi,110001,1,49,Swiggy Instamart,28.6003014385902,77.21646253566027
ORD000455,2026-05-18,Face Wash,Maharashtra,Nashik,422001,1,249,Zepto,20.012354841811412,73.80133254723306
ORD000456,2026-01-25,Coffee,Maharashtra,Mumbai,400050,2,129,Zepto,19.05652221765047,72.83169150327663
ORD000457,2026-05-15,Face Wash,Telangana,Hyderabad,500001,3,149,Blinkit,17.38749383683711,78.50247453279763
ORD000458,2026-04-06,Shampoo,Maharashtra,Mumbai,400050,4,129,Swiggy Instamart,19.058647044676132,72.8322902152577
ORD000459,2026-03-18,Snacks,Maharashtra,Pune,411001,1,49,Zepto,18.526478965097166,73.85856609123157
ORD000460,2026-04-08,Shampoo,Gujarat,Surat,395003,5,299,Zepto,21.165735663854495,72.83304089992899
ORD000461,2026-06-29,Energy Drink,Maharashtra,Mumbai,400001,1,299,Blinkit,19.0867363174986,72.8674348470059
ORD000462,2026-05-25,Protein Bar,Gujarat,Ahmedabad,380001,5,49,Zepto,23.02382969674147,72.5643987918506
ORD000463,2026-06-27,Coffee,Maharashtra,Pune,411001,4,149,Zepto,18.532350466289248,73.84146813095217
ORD000464,2026-06-25,Face Wash,Maharashtra,Mumbai,400050,5,49,Zepto,19.054010781527285,72.83327211875064
ORD000465,2026-01-05,Energy Drink,Gujarat,Ahmedabad,380001,5,99,Swiggy Instamart,23.038155240292344,72.57074249738926
ORD000466,2026-01-20,Face Wash,Gujarat,Surat,395003,2,129,Swiggy Instamart,21.16464800473307,72.84991157069442
ORD000467,2026-06-23,Coffee,Gujarat,Surat,395003,3,249,Swiggy Instamart,21.155719860995838,72.80911194043381
ORD000468,2026-06-26,Snacks,Maharashtra,Thane,400601,1,199,Zepto,19.222700144500532,72.97307945775647
ORD000469,2026-04-22,Energy Drink,Maharashtra,Mumbai,400050,1,199,Swiggy Instamart,19.049387671828693,72.83658356447299
ORD000470,2026-06-02,Shampoo,Telangana,Hyderabad,500001,3,49,Swiggy Instamart,17.387438007137714,78.48105921369263
ORD000471,2026-04-26,Shampoo,Maharashtra,Nashik,422001,2,199,Swiggy Instamart,19.993096956013293,73.78842457328281
ORD000472,2026-04-21,Energy Drink,Gujarat,Surat,395003,5,249,Zepto,21.17670201177959,72.83010824136221
ORD000473,2026-03-17,Energy Drink,Telangana,Hyderabad,500001,1,79,Blinkit,17.40346636996048,78.47599915233674
ORD000474,2026-04-08,Snacks,Maharashtra,Thane,400601,2,249,Blinkit,19.20304474829075,72.97118091930119
ORD000475,2026-01-28,Protein Bar,Gujarat,Ahmedabad,380001,1,149,Blinkit,23.022044139836446,72.57383339449322
ORD000476,2026-03-11,Protein Bar,Gujarat,Ahmedabad,380001,2,79,Zepto,23.020087639421437,72.57492055396514
ORD000477,2026-04-25,Coffee,Gujarat,Surat,395003,5,249,Zepto,21.157684605758096,72.84553764604074
ORD000478,2026-01-23,Face Wash,Maharashtra,Mumbai,400001,5,79,Swiggy Instamart,19.075178488216075,72.88887295831589
ORD000479,2026-03-25,Shampoo,Telangana,Hyderabad,500001,1,149,Blinkit,17.388427253463778,78.49126753219154
ORD000480,2026-01-22,Snacks,Gujarat,Surat,395003,5,129,Swiggy Instamart,21.175897672802325,72.83557708560018
ORD000481,2026-02-13,Snacks,Delhi,New Delhi,110001,4,99,Zepto,28.620327227598676,77.22229152530133
ORD000482,2026-03-19,Face Wash,Maharashtra,Nashik,422001,4,99,Zepto,20.007865211697016,73.78679003757588
ORD000483,2026-04-22,Face Wash,Maharashtra,Thane,400601,4,149,Blinkit,19.217402643057127,72.99250117215449
ORD000484,2026-04-03,Face Wash,Maharashtra,Mumbai,400050,2,299,Swiggy Instamart,19.052836076979407,72.8475094043291
ORD000485,2026-02-20,Shampoo,Telangana,Hyderabad,500001,1,99,Blinkit,17.384598420493557,78.47239224897882
ORD000486,2026-04-12,Face Wash,Maharashtra,Mumbai,400001,5,249,Blinkit,19.077281044149107,72.87088948342526
ORD000487,2026-03-27,Shampoo,Karnataka,Bengaluru,560001,5,99,Blinkit,12.980006435489887,77.58807376020698
ORD000488,2026-06-04,Snacks,Gujarat,Ahmedabad,380001,2,299,Blinkit,23.018038165667853,72.55250459269054
ORD000489,2026-04-12,Face Wash,Maharashtra,Thane,400601,3,299,Swiggy Instamart,19.21377693680751,72.9538612067337
ORD000490,2026-03-25,Shampoo,Maharashtra,Pune,411001,3,249,Blinkit,18.50456097176514,73.86430414656145
ORD000491,2026-05-25,Energy Drink,Maharashtra,Mumbai,400050,5,99,Swiggy Instamart,19.06745800158651,72.83375457561785
ORD000492,2026-01-07,Snacks,Delhi,New Delhi,110001,4,129,Blinkit,28.604230238568707,77.20852288643859
ORD000493,2026-06-27,Protein Bar,Maharashtra,Nashik,422001,4,299,Zepto,20.005863974609095,73.76811635310808
ORD000494,2026-03-03,Face Wash,Maharashtra,Nashik,422001,2,249,Blinkit,20.02093398301767,73.78847362290576
ORD000495,2026-04-25,Coffee,Maharashtra,Mumbai,400050,4,249,Swiggy Instamart,19.057390358261703,72.82976885838994
ORD000496,2026-06-27,Shampoo,Delhi,New Delhi,110001,5,49,Blinkit,28.615983828079475,77.18858265131576
ORD000497,2026-06-02,Snacks,Delhi,New Delhi,110001,1,79,Zepto,28.611428226174795,77.20218015752002
ORD000498,2026-02-12,Snacks,Gujarat,Ahmedabad,380001,5,49,Swiggy Instamart,23.01248379990105,72.56858899707113
ORD000499,2026-03-26,Shampoo,Gujarat,Surat,395003,1,49,Zepto,21.188176865268495,72.83750842861268
ORD000500,2026-02-26,Coffee,Maharashtra,Nashik,422001,5,129,Blinkit,20.000188210102174,73.78542582781357
ORD000501,2026-04-11,Shampoo,Gujarat,Ahmedabad,380001,5,99,Blinkit,23.03649355436586,72.58064633682912
ORD000502,2026-05-04,Protein Bar,Maharashtra,Mumbai,400001,3,249,Zepto,19.0765963036992,72.87123063222295
ORD000503,2026-02-06,Face Wash,Maharashtra,Mumbai,400050,3,199,Blinkit,19.066582233136135,72.83343485385421
ORD000504,2026-05-14,Shampoo,Maharashtra,Pune,411001,3,299,Zepto,18.529351932200274,73.86305171801682
ORD000505,2026-06-28,Shampoo,Karnataka,Bengaluru,560001,3,79,Blinkit,12.982095527153193,77.58924764788439
ORD000506,2026-01-30,Protein Bar,Maharashtra,Mumbai,400001,3,79,Swiggy Instamart,19.089173940656345,72.87967599604693
ORD000507,2026-03-04,Coffee,Maharashtra,Thane,400601,2,99,Blinkit,19.23905260872625,72.9712081218191
ORD000508,2026-04-20,Shampoo,Delhi,New Delhi,110001,2,249,Swiggy Instamart,28.631259638031654,77.21097910783463
ORD000509,2026-02-17,Snacks,Maharashtra,Thane,400601,4,249,Zepto,19.211785819963854,72.97326114165945
ORD000510,2026-02-20,Shampoo,Telangana,Hyderabad,500001,5,249,Blinkit,17.38179652691806,78.49094165946401
ORD000511,2026-02-24,Energy Drink,Maharashtra,Mumbai,400001,3,79,Swiggy Instamart,19.081228354880356,72.87196299996062
ORD000512,2026-05-18,Energy Drink,Maharashtra,Mumbai,400050,3,199,Zepto,19.05935645407739,72.85092270358612
ORD000513,2026-01-30,Face Wash,Karnataka,Bengaluru,560001,4,199,Swiggy Instamart,12.988875431701008,77.59896323669675
ORD000514,2026-06-06,Shampoo,Gujarat,Surat,395003,5,79,Blinkit,21.170580034781683,72.83230031326718
ORD000515,2026-04-28,Coffee,Gujarat,Ahmedabad,380001,2,149,Swiggy Instamart,23.028635179727306,72.56117207434801
ORD000516,2026-01-22,Snacks,Telangana,Hyderabad,500001,2,199,Zepto,17.38242623462577,78.47001415926123
ORD000517,2026-03-20,Protein Bar,Maharashtra,Pune,411001,2,199,Swiggy Instamart,18.524392231226052,73.86317195939704
ORD000518,2026-05-11,Shampoo,Maharashtra,Thane,400601,4,99,Swiggy Instamart,19.213468135377006,72.9938398676329
ORD000519,2026-04-19,Energy Drink,Gujarat,Surat,395003,4,99,Swiggy Instamart,21.157942343369978,72.8164562511979
ORD000520,2026-05-06,Face Wash,Maharashtra,Thane,400601,2,99,Blinkit,19.220544518185598,72.98857098302612
ORD000521,2026-06-08,Protein Bar,Karnataka,Bengaluru,560001,3,49,Blinkit,12.98843927691458,77.59001115737131
ORD000522,2026-02-19,Shampoo,Maharashtra,Thane,400601,5,299,Blinkit,19.229086808334312,72.97771491530499
ORD000523,2026-04-17,Snacks,Karnataka,Bengaluru,560001,4,299,Zepto,12.969873727000593,77.60343659937487
ORD000524,2026-05-25,Protein Bar,Maharashtra,Mumbai,400050,2,149,Zepto,19.066123228784132,72.81373607843015
ORD000525,2026-02-27,Coffee,Maharashtra,Nashik,422001,3,99,Blinkit,20.020665403497258,73.79350091354148
ORD000526,2026-05-07,Coffee,Telangana,Hyderabad,500001,5,79,Swiggy Instamart,17.378744372984908,78.49065803533438
ORD000527,2026-03-10,Coffee,Maharashtra,Mumbai,400050,3,49,Swiggy Instamart,19.064540301862827,72.83210673765824
ORD000528,2026-05-20,Energy Drink,Karnataka,Bengaluru,560001,4,79,Swiggy Instamart,12.966096948461546,77.58788376632062
ORD000529,2026-03-18,Protein Bar,Maharashtra,Pune,411001,4,149,Blinkit,18.520144459290083,73.8684272901926
ORD000530,2026-04-23,Protein Bar,Maharashtra,Mumbai,400050,2,129,Swiggy Instamart,19.065036001545945,72.82579385667914
ORD000531,2026-06-26,Face Wash,Telangana,Hyderabad,500001,5,249,Zepto,17.392716987106486,78.4582145737937
ORD000532,2026-02-05,Energy Drink,Telangana,Hyderabad,500001,2,49,Swiggy Instamart,17.39648765700372,78.46930286221222
ORD000533,2026-05-17,Face Wash,Gujarat,Ahmedabad,380001,5,99,Blinkit,23.01887559058597,72.56020330105373
ORD000534,2026-03-16,Coffee,Maharashtra,Nashik,422001,3,79,Zepto,19.99295318524279,73.79130826787379
ORD000535,2026-01-16,Face Wash,Gujarat,Surat,395003,2,99,Zepto,21.165522987986883,72.83456503881732
ORD000536,2026-03-24,Energy Drink,Maharashtra,Thane,400601,4,299,Zepto,19.217830794211206,72.98287040827223
ORD000537,2026-06-11,Face Wash,Telangana,Hyderabad,500001,4,249,Blinkit,17.385768218910606,78.47387007775811
ORD000538,2026-06-12,Protein Bar,Maharashtra,Mumbai,400050,4,149,Swiggy Instamart,19.06956266819447,72.82456243416839
ORD000539,2026-04-27,Shampoo,Gujarat,Ahmedabad,380001,3,49,Swiggy Instamart,23.006934181013403,72.56711884839034
ORD000540,2026-04-28,Snacks,Maharashtra,Mumbai,400050,3,79,Swiggy Instamart,19.074607597906343,72.83800221742113
ORD000541,2026-02-25,Shampoo,Gujarat,Surat,395003,2,299,Blinkit,21.16671347865592,72.82760742295682
ORD000542,2026-03-14,Face Wash,Gujarat,Ahmedabad,380001,5,99,Swiggy Instamart,23.01928364948783,72.59216747983561
ORD000543,2026-03-29,Snacks,Karnataka,Bengaluru,560001,1,49,Zepto,12.975419354522316,77.5989004164719
ORD000544,2026-01-05,Protein Bar,Karnataka,Bengaluru,560001,2,299,Blinkit,12.98190283454032,77.59698789159026
ORD000545,2026-04-20,Energy Drink,Maharashtra,Mumbai,400001,2,149,Zepto,19.073409578541792,72.87573650150915
ORD000546,2026-01-24,Snacks,Maharashtra,Nashik,422001,3,149,Zepto,20.00518398740586,73.7793277776349
ORD000547,2026-06-20,Snacks,Gujarat,Ahmedabad,380001,2,49,Blinkit,23.02977629543637,72.57191945885808
ORD000548,2026-06-29,Energy Drink,Maharashtra,Nashik,422001,4,79,Swiggy Instamart,20.013226400772155,73.77889283419891
ORD000549,2026-01-01,Energy Drink,Maharashtra,Mumbai,400050,4,79,Zepto,19.060386351903162,72.80951799315467
ORD000550,2026-02-27,Coffee,Telangana,Hyderabad,500001,4,49,Zepto,17.394163276747026,78.49016488475898
ORD000551,2026-01-31,Shampoo,Gujarat,Ahmedabad,380001,2,299,Zepto,23.032480101098596,72.54243744621806
ORD000552,2026-04-09,Protein Bar,Maharashtra,Pune,411001,1,79,Blinkit,18.541283747047807,73.85530410371845
ORD000553,2026-03-18,Energy Drink,Gujarat,Ahmedabad,380001,4,99,Swiggy Instamart,23.033581828167375,72.56100094072875
ORD000554,2026-01-18,Coffee,Maharashtra,Thane,400601,5,49,Swiggy Instamart,19.224427739050626,72.96756584436827
ORD000555,2026-04-23,Face Wash,Maharashtra,Thane,400601,2,99,Blinkit,19.21206231039304,72.99724031353867
ORD000556,2026-06-25,Shampoo,Telangana,Hyderabad,500001,2,79,Zepto,17.383093175992368,78.4888743287318
ORD000557,2026-02-01,Coffee,Maharashtra,Thane,400601,4,199,Blinkit,19.227000677306886,72.98305681887972
ORD000558,2026-02-05,Energy Drink,Gujarat,Ahmedabad,380001,3,79,Zepto,23.024004189051436,72.57504961002466
ORD000559,2026-06-03,Coffee,Delhi,New Delhi,110001,5,149,Swiggy Instamart,28.637934155852385,77.20842381202966
ORD000560,2026-06-18,Face Wash,Maharashtra,Mumbai,400001,2,129,Swiggy Instamart,19.07801099046715,72.88820654396008
ORD000561,2026-03-17,Snacks,Gujarat,Surat,395003,1,129,Blinkit,21.181255259329582,72.84297030305561
ORD000562,2026-01-29,Energy Drink,Gujarat,Surat,395003,4,79,Swiggy Instamart,21.176587302220295,72.81966995087271
ORD000563,2026-04-03,Face Wash,Maharashtra,Mumbai,400001,2,249,Swiggy Instamart,19.09233431532301,72.86623654606981
ORD000564,2026-04-04,Coffee,Gujarat,Surat,395003,2,299,Zepto,21.173226354652392,72.82355724149981
ORD000565,2026-05-31,Protein Bar,Maharashtra,Mumbai,400001,1,149,Zepto,19.07535861653407,72.88098762410304
ORD000566,2026-01-16,Shampoo,Maharashtra,Mumbai,400001,5,149,Swiggy Instamart,19.079213572154504,72.88191920754235
ORD000567,2026-04-17,Shampoo,Delhi,New Delhi,110001,4,79,Swiggy Instamart,28.630037112690587,77.21353534301514
ORD000568,2026-05-18,Coffee,Delhi,New Delhi,110001,2,149,Zepto,28.611458433647094,77.2186408716829
ORD000569,2026-01-21,Coffee,Maharashtra,Nashik,422001,2,99,Swiggy Instamart,20.017794704889248,73.76742392184863
ORD000570,2026-04-11,Coffee,Gujarat,Ahmedabad,380001,1,149,Swiggy Instamart,23.0284740006985,72.5784117274231
ORD000571,2026-03-03,Protein Bar,Gujarat,Surat,395003,2,79,Blinkit,21.1672243649664,72.84485706813312
ORD000572,2026-04-27,Coffee,Maharashtra,Mumbai,400050,5,49,Blinkit,19.058099444129674,72.83075576453471
ORD000573,2026-01-31,Protein Bar,Maharashtra,Thane,400601,2,49,Zepto,19.21656928175716,72.97825579047581
ORD000574,2026-03-30,Coffee,Karnataka,Bengaluru,560001,5,149,Zepto,12.960637249131048,77.58019949117406
ORD000575,2026-02-02,Snacks,Gujarat,Ahmedabad,380001,3,79,Zepto,23.03844505063225,72.56293038651681
ORD000576,2026-04-20,Face Wash,Gujarat,Ahmedabad,380001,5,79,Blinkit,23.01258607650544,72.54986609886396
ORD000577,2026-06-10,Protein Bar,Telangana,Hyderabad,500001,4,299,Swiggy Instamart,17.378610382523107,78.47346910206592
ORD000578,2026-01-15,Shampoo,Gujarat,Ahmedabad,380001,5,99,Blinkit,23.038920151601364,72.58149817089343
ORD000579,2026-03-07,Protein Bar,Maharashtra,Thane,400601,5,79,Zepto,19.211418496548223,73.00062435805344
ORD000580,2026-01-01,Protein Bar,Delhi,New Delhi,110001,1,129,Zepto,28.623717654869917,77.20575168616492
ORD000581,2026-04-04,Shampoo,Karnataka,Bengaluru,560001,2,99,Zepto,12.946605942851265,77.61750942572591
ORD000582,2026-06-17,Shampoo,Delhi,New Delhi,110001,2,199,Zepto,28.600004275332363,77.19254601253043
ORD000583,2026-03-23,Face Wash,Gujarat,Surat,395003,1,199,Zepto,21.180425704320097,72.8554975240634
ORD000584,2026-06-22,Protein Bar,Delhi,New Delhi,110001,2,129,Swiggy Instamart,28.627742728185105,77.21463909120052
ORD000585,2026-04-13,Protein Bar,Maharashtra,Mumbai,400001,4,149,Blinkit,19.081947543416653,72.8862341555878
ORD000586,2026-01-23,Coffee,Gujarat,Ahmedabad,380001,4,49,Blinkit,23.03008928589787,72.5742119142397
ORD000587,2026-03-16,Coffee,Maharashtra,Pune,411001,3,129,Blinkit,18.521442011039518,73.85607406872101
ORD000588,2026-06-01,Shampoo,Gujarat,Ahmedabad,380001,2,129,Zepto,23.014960354111334,72.56859324923133
ORD000589,2026-04-15,Protein Bar,Maharashtra,Mumbai,400001,2,199,Swiggy Instamart,19.059070431858046,72.87671660373206
ORD000590,2026-03-27,Protein Bar,Maharashtra,Mumbai,400001,4,149,Zepto,19.06611408892849,72.86666410682784
ORD000591,2026-05-16,Energy Drink,Maharashtra,Pune,411001,4,299,Zepto,18.522198941511533,73.87062002286345
ORD000592,2026-03-13,Protein Bar,Maharashtra,Thane,400601,1,129,Swiggy Instamart,19.227483166060022,72.96239499396377
ORD000593,2026-06-29,Face Wash,Gujarat,Surat,395003,4,79,Swiggy Instamart,21.1603037186343,72.8405077118799
ORD000594,2026-05-10,Energy Drink,Maharashtra,Mumbai,400050,4,79,Swiggy Instamart,19.049775126064617,72.82725366850002
ORD000595,2026-01-16,Shampoo,Telangana,Hyderabad,500001,2,129,Blinkit,17.390500520990248,78.47701655545136
ORD000596,2026-03-22,Shampoo,Maharashtra,Nashik,422001,3,199,Blinkit,20.00695375506146,73.76635974505082
ORD000597,2026-03-01,Protein Bar,Maharashtra,Nashik,422001,2,99,Swiggy Instamart,19.99988632356049,73.78289781934143
ORD000598,2026-02-09,Protein Bar,Maharashtra,Mumbai,400050,2,299,Blinkit,19.043670062664685,72.8339047473796
ORD000599,2026-04-15,Protein Bar,Gujarat,Ahmedabad,380001,5,199,Zepto,23.022303622010735,72.57692489954417
ORD000600,2026-03-20,Shampoo,Karnataka,Bengaluru,560001,3,79,Zepto,12.973839141340648,77.60824140429973
ORD000601,2026-06-25,Face Wash,Maharashtra,Thane,400601,5,49,Zepto,19.219552245026478,72.97380594458875
ORD000602,2026-02-07,Protein Bar,Gujarat,Ahmedabad,380001,2,199,Blinkit,23.023722975030324,72.57683298029036
ORD000603,2026-01-13,Snacks,Delhi,New Delhi,110001,3,149,Zepto,28.614388600703258,77.20940591691205
ORD000604,2026-04-14,Shampoo,Maharashtra,Mumbai,400001,5,129,Zepto,19.068980083121932,72.87107099082449
ORD000605,2026-01-27,Energy Drink,Karnataka,Bengaluru,560001,1,49,Zepto,12.957573947282004,77.61209576743187
ORD000606,2026-02-03,Energy Drink,Maharashtra,Pune,411001,4,199,Swiggy Instamart,18.507961367646086,73.84977094802204
ORD000607,2026-05-30,Coffee,Maharashtra,Mumbai,400050,3,79,Zepto,19.052415927344306,72.83844924376945
ORD000608,2026-02-20,Snacks,Maharashtra,Mumbai,400050,4,99,Zepto,19.056650503217078,72.84197742072674
ORD000609,2026-02-01,Protein Bar,Gujarat,Ahmedabad,380001,4,49,Zepto,23.01576509375756,72.57418994162224
ORD000610,2026-04-21,Snacks,Telangana,Hyderabad,500001,4,299,Zepto,17.376646529467404,78.50815149127773
ORD000611,2026-06-24,Shampoo,Gujarat,Surat,395003,2,199,Zepto,21.158324015809708,72.83419820710228
ORD000612,2026-03-12,Face Wash,Maharashtra,Thane,400601,4,99,Zepto,19.22463776880932,72.98223799097451
ORD000613,2026-06-08,Coffee,Telangana,Hyderabad,500001,2,149,Blinkit,17.383147123411224,78.48540179300267
ORD000614,2026-05-21,Shampoo,Gujarat,Surat,395003,1,79,Blinkit,21.170638114719793,72.82962997998372
ORD000615,2026-02-05,Shampoo,Gujarat,Surat,395003,2,129,Swiggy Instamart,21.17983879116795,72.85320523001592
ORD000616,2026-01-05,Shampoo,Delhi,New Delhi,110001,3,299,Swiggy Instamart,28.60832508214992,77.19530197020421
ORD000617,2026-03-30,Coffee,Karnataka,Bengaluru,560001,5,199,Blinkit,12.970717179516488,77.62039709337654
ORD000618,2026-02-16,Protein Bar,Maharashtra,Nashik,422001,3,129,Zepto,19.997863254320304,73.79609116805445
ORD000619,2026-01-15,Shampoo,Maharashtra,Nashik,422001,5,199,Swiggy Instamart,20.022677008140764,73.77416411758293
ORD000620,2026-02-10,Protein Bar,Maharashtra,Pune,411001,2,129,Blinkit,18.52608983079185,73.87298396623129
ORD000621,2026-01-15,Energy Drink,Delhi,New Delhi,110001,5,249,Blinkit,28.610108722590127,77.20696419639899
ORD000622,2026-02-15,Energy Drink,Maharashtra,Thane,400601,5,199,Swiggy Instamart,19.212483190860514,72.96795243269307
ORD000623,2026-06-01,Protein Bar,Gujarat,Ahmedabad,380001,3,99,Swiggy Instamart,23.01600722454934,72.55916059733238
ORD000624,2026-05-07,Coffee,Maharashtra,Pune,411001,3,99,Blinkit,18.52074083468259,73.84900026768942
ORD000625,2026-01-24,Protein Bar,Maharashtra,Mumbai,400001,2,129,Zepto,19.07833785911791,72.86214104353797
ORD000626,2026-05-03,Protein Bar,Delhi,New Delhi,110001,3,129,Zepto,28.617208802322146,77.21733528961609
ORD000627,2026-02-15,Face Wash,Gujarat,Ahmedabad,380001,1,49,Zepto,23.002562643574286,72.57514056569848
ORD000628,2026-02-06,Protein Bar,Telangana,Hyderabad,500001,5,199,Zepto,17.397276689924734,78.47460358981309
ORD000629,2026-06-19,Shampoo,Gujarat,Ahmedabad,380001,5,79,Blinkit,23.039225723868377,72.57559019009366
ORD000630,2026-03-24,Energy Drink,Maharashtra,Nashik,422001,2,249,Swiggy Instamart,19.998849881442418,73.77914230922343
ORD000631,2026-06-16,Face Wash,Karnataka,Bengaluru,560001,2,199,Zepto,12.977183269125218,77.59536005391412
ORD000632,2026-02-14,Shampoo,Telangana,Hyderabad,500001,3,149,Zepto,17.390387559924466,78.47749326406921
ORD000633,2026-01-01,Snacks,Maharashtra,Thane,400601,5,249,Swiggy Instamart,19.21999360824036,72.96396285503094
ORD000634,2026-02-16,Coffee,Maharashtra,Mumbai,400001,3,129,Swiggy Instamart,19.074887739386515,72.86866092358535
ORD000635,2026-01-27,Shampoo,Telangana,Hyderabad,500001,2,199,Swiggy Instamart,17.377644700574105,78.4990609317521
ORD000636,2026-03-02,Face Wash,Maharashtra,Mumbai,400050,3,99,Swiggy Instamart,19.070513101205943,72.83559138120907
ORD000637,2026-06-21,Snacks,Maharashtra,Mumbai,400050,3,299,Zepto,19.048676872353273,72.82633591550305
ORD000638,2026-02-23,Energy Drink,Maharashtra,Nashik,422001,1,199,Blinkit,20.018030976999793,73.78111716913641
ORD000639,2026-01-01,Protein Bar,Maharashtra,Mumbai,400050,4,299,Swiggy Instamart,19.082793295399817,72.83343317839395
ORD000640,2026-02-12,Shampoo,Gujarat,Surat,395003,4,249,Blinkit,21.1721204911649,72.82800883535798
ORD000641,2026-04-07,Protein Bar,Delhi,New Delhi,110001,4,129,Zepto,28.615235409047823,77.2074753016362
ORD000642,2026-01-19,Protein Bar,Karnataka,Bengaluru,560001,3,49,Blinkit,12.978681086766887,77.60416702316795
ORD000643,2026-01-27,Protein Bar,Maharashtra,Nashik,422001,3,99,Blinkit,19.99804010539492,73.76638767046443
ORD000644,2026-01-20,Coffee,Maharashtra,Thane,400601,1,199,Swiggy Instamart,19.199937946268967,72.98317991326913
ORD000645,2026-05-04,Snacks,Telangana,Hyderabad,500001,1,249,Swiggy Instamart,17.373966333938263,78.46517109407047
ORD000646,2026-06-05,Shampoo,Maharashtra,Thane,400601,2,49,Zepto,19.22218578604531,73.00302999517433
ORD000647,2026-02-22,Energy Drink,Gujarat,Ahmedabad,380001,4,149,Swiggy Instamart,23.022439290884602,72.57978490774451
ORD000648,2026-03-18,Energy Drink,Maharashtra,Nashik,422001,1,49,Blinkit,20.006718293585475,73.7787111034681
ORD000649,2026-05-21,Shampoo,Telangana,Hyderabad,500001,2,49,Blinkit,17.39419076482988,78.48379725455811
ORD000650,2026-04-20,Protein Bar,Maharashtra,Mumbai,400001,3,299,Zepto,19.07867392314072,72.88091697806196
ORD000651,2026-01-07,Energy Drink,Maharashtra,Mumbai,400050,2,149,Zepto,19.05291909546357,72.83942042349535
ORD000652,2026-01-30,Face Wash,Karnataka,Bengaluru,560001,4,299,Blinkit,12.969850402433046,77.58704254840507
ORD000653,2026-01-24,Snacks,Maharashtra,Nashik,422001,5,249,Zepto,20.011265098435704,73.77071532018209
ORD000654,2026-04-08,Face Wash,Gujarat,Ahmedabad,380001,2,299,Zepto,23.022781811573694,72.57130881003356
ORD000655,2026-04-23,Shampoo,Maharashtra,Nashik,422001,3,129,Blinkit,20.016758955658315,73.7844469823288
ORD000656,2026-01-16,Energy Drink,Telangana,Hyderabad,500001,1,79,Swiggy Instamart,17.38474973041255,78.494877662992
ORD000657,2026-05-19,Shampoo,Gujarat,Ahmedabad,380001,5,129,Swiggy Instamart,23.036402075490173,72.57697810306351
ORD000658,2026-04-10,Coffee,Maharashtra,Mumbai,400001,4,299,Swiggy Instamart,19.076103526198434,72.86458163767651
ORD000659,2026-05-02,Face Wash,Maharashtra,Pune,411001,1,249,Swiggy Instamart,18.509748863369246,73.85364775295646
ORD000660,2026-05-09,Coffee,Maharashtra,Mumbai,400001,5,99,Zepto,19.06990487797841,72.87583028697016
ORD000661,2026-02-14,Energy Drink,Karnataka,Bengaluru,560001,2,129,Zepto,12.97216649924897,77.59989692754357
ORD000662,2026-04-19,Protein Bar,Maharashtra,Mumbai,400001,4,129,Swiggy Instamart,19.07529501221941,72.88256501643826
ORD000663,2026-06-02,Face Wash,Maharashtra,Thane,400601,3,79,Zepto,19.2189447441481,72.95834533433646
ORD000664,2026-05-23,Shampoo,Gujarat,Surat,395003,5,199,Blinkit,21.160806646061815,72.82965912444278
ORD000665,2026-04-28,Protein Bar,Delhi,New Delhi,110001,5,249,Zepto,28.60180305257159,77.21499928729996
ORD000666,2026-02-08,Energy Drink,Gujarat,Surat,395003,5,79,Zepto,21.18550750832344,72.84328761851698
ORD000667,2026-01-26,Face Wash,Telangana,Hyderabad,500001,5,199,Blinkit,17.3828655712907,78.5016072613685
ORD000668,2026-04-09,Snacks,Maharashtra,Nashik,422001,4,299,Zepto,20.00738667457202,73.77632914028882
ORD000669,2026-03-12,Shampoo,Maharashtra,Thane,400601,2,249,Zepto,19.21216597336459,72.97507530313511
ORD000670,2026-03-26,Snacks,Gujarat,Surat,395003,2,49,Swiggy Instamart,21.16631823181459,72.83280416222377
ORD000671,2026-03-10,Face Wash,Karnataka,Bengaluru,560001,1,199,Blinkit,12.9732057398105,77.59463046020153
ORD000672,2026-03-13,Shampoo,Maharashtra,Nashik,422001,1,129,Zepto,20.010269381697466,73.79160646274786
ORD000673,2026-04-24,Face Wash,Maharashtra,Nashik,422001,3,249,Swiggy Instamart,20.015395541354415,73.7648510203155
ORD000674,2026-02-18,Shampoo,Maharashtra,Mumbai,400050,2,249,Swiggy Instamart,19.03406078865098,72.83884319911239
ORD000675,2026-05-13,Face Wash,Karnataka,Bengaluru,560001,1,99,Zepto,12.957931213015847,77.59235234598107
ORD000676,2026-05-10,Shampoo,Maharashtra,Nashik,422001,2,49,Zepto,19.994198869739407,73.76168019562421
ORD000677,2026-02-21,Protein Bar,Maharashtra,Pune,411001,2,49,Blinkit,18.525814627282045,73.86429155160303
ORD000678,2026-04-03,Snacks,Maharashtra,Mumbai,400001,2,149,Blinkit,19.070234895992733,72.85178957707855
ORD000679,2026-05-10,Shampoo,Karnataka,Bengaluru,560001,1,49,Zepto,12.966137555517475,77.59851804005403
ORD000680,2026-05-06,Coffee,Gujarat,Ahmedabad,380001,4,99,Blinkit,23.00771088431226,72.57323359919779
ORD000681,2026-05-22,Face Wash,Telangana,Hyderabad,500001,3,99,Blinkit,17.384846901508272,78.492492914996
ORD000682,2026-03-14,Protein Bar,Maharashtra,Mumbai,400050,4,49,Zepto,19.06079580368414,72.81976931059118
ORD000683,2026-02-24,Energy Drink,Telangana,Hyderabad,500001,2,129,Blinkit,17.396965715016645,78.48511470426973
ORD000684,2026-05-12,Protein Bar,Gujarat,Surat,395003,1,299,Zepto,21.1699269546049,72.82176732040928
ORD000685,2026-06-03,Protein Bar,Maharashtra,Thane,400601,2,149,Swiggy Instamart,19.213867177488083,72.96925197285972
ORD000686,2026-06-14,Face Wash,Maharashtra,Nashik,422001,4,249,Blinkit,20.004170539400768,73.79681708480143
ORD000687,2026-03-06,Energy Drink,Karnataka,Bengaluru,560001,4,149,Swiggy Instamart,12.957880988570686,77.57846438602124
ORD000688,2026-06-09,Shampoo,Delhi,New Delhi,110001,5,79,Zepto,28.628611703274938,77.20690676322849
ORD000689,2026-06-19,Face Wash,Delhi,New Delhi,110001,5,149,Blinkit,28.607209272613403,77.21939904687396
ORD000690,2026-05-04,Protein Bar,Maharashtra,Mumbai,400050,3,149,Swiggy Instamart,19.053543844602633,72.84776009713546
ORD000691,2026-03-12,Face Wash,Gujarat,Ahmedabad,380001,3,129,Zepto,23.029279258713395,72.56652088591854
ORD000692,2026-03-03,Protein Bar,Delhi,New Delhi,110001,5,249,Swiggy Instamart,28.635473082132656,77.20294285076997
ORD000693,2026-06-24,Energy Drink,Gujarat,Ahmedabad,380001,1,299,Blinkit,23.029920953720094,72.57439292580406
ORD000694,2026-04-18,Shampoo,Maharashtra,Nashik,422001,4,49,Swiggy Instamart,20.018917412893988,73.79531511196727
ORD000695,2026-02-18,Face Wash,Telangana,Hyderabad,500001,2,299,Swiggy Instamart,17.385320041490658,78.47916582129653
ORD000696,2026-05-10,Face Wash,Gujarat,Ahmedabad,380001,2,99,Blinkit,23.02709972142939,72.56462284630247
ORD000697,2026-05-01,Energy Drink,Maharashtra,Mumbai,400050,3,99,Swiggy Instamart,19.079733872475266,72.83086535331083
ORD000698,2026-06-17,Protein Bar,Gujarat,Ahmedabad,380001,2,199,Zepto,23.01884678448688,72.57324680305865
ORD000699,2026-04-18,Face Wash,Maharashtra,Nashik,422001,3,149,Swiggy Instamart,19.992428737104703,73.7699838596149
ORD000700,2026-04-29,Protein Bar,Maharashtra,Nashik,422001,4,49,Swiggy Instamart,20.017904139079445,73.77313105721029
ORD000701,2026-05-29,Coffee,Telangana,Hyderabad,500001,1,299,Zepto,17.374530890173183,78.49206652752527
ORD000702,2026-01-31,Snacks,Delhi,New Delhi,110001,4,149,Blinkit,28.62575704154663,77.21618953310666
ORD000703,2026-02-08,Energy Drink,Maharashtra,Mumbai,400001,2,199,Blinkit,19.08596047685806,72.8701320491143
ORD000704,2026-04-28,Energy Drink,Telangana,Hyderabad,500001,3,99,Zepto,17.370781893332584,78.50171333651956
ORD000705,2026-03-27,Snacks,Karnataka,Bengaluru,560001,2,199,Swiggy Instamart,12.968373201611579,77.59209166983545
ORD000706,2026-01-02,Shampoo,Maharashtra,Mumbai,400001,3,129,Zepto,19.08928194141849,72.88326230009402
ORD000707,2026-02-10,Shampoo,Telangana,Hyderabad,500001,1,99,Swiggy Instamart,17.389558877720816,78.50835002344901
ORD000708,2026-06-12,Shampoo,Gujarat,Surat,395003,4,249,Blinkit,21.1637648176962,72.84037840128082
ORD000709,2026-01-02,Protein Bar,Gujarat,Surat,395003,5,129,Swiggy Instamart,21.170770131248972,72.83378592278864
ORD000710,2026-01-04,Face Wash,Gujarat,Ahmedabad,380001,5,129,Zepto,23.037784684264125,72.57647835756289
ORD000711,2026-06-10,Snacks,Maharashtra,Mumbai,400001,2,129,Swiggy Instamart,19.081382960790496,72.8884250733731
ORD000712,2026-03-21,Energy Drink,Gujarat,Ahmedabad,380001,1,249,Swiggy Instamart,23.01885047270457,72.56300790332661
ORD000713,2026-03-20,Energy Drink,Telangana,Hyderabad,500001,1,49,Blinkit,17.374551908059793,78.46703643410623
ORD000714,2026-04-27,Snacks,Maharashtra,Nashik,422001,5,199,Blinkit,20.026462071299402,73.76866791634279
ORD000715,2026-03-29,Shampoo,Maharashtra,Thane,400601,3,129,Zepto,19.21608746376414,72.9753318670011
ORD000716,2026-01-05,Energy Drink,Gujarat,Surat,395003,2,99,Zepto,21.17327406697809,72.8392573721254
ORD000717,2026-05-31,Coffee,Maharashtra,Mumbai,400001,2,79,Blinkit,19.084604734883598,72.87186922561432
ORD000718,2026-04-07,Snacks,Maharashtra,Mumbai,400001,3,49,Swiggy Instamart,19.074328782862136,72.88052579950488
ORD000719,2026-06-19,Protein Bar,Maharashtra,Mumbai,400001,1,49,Swiggy Instamart,19.073513088738164,72.89377345576021
ORD000720,2026-04-17,Shampoo,Maharashtra,Mumbai,400050,4,79,Swiggy Instamart,19.064509749516382,72.8368487778605
ORD000721,2026-05-02,Snacks,Maharashtra,Nashik,422001,2,129,Swiggy Instamart,20.012528812686675,73.79143473857486
ORD000722,2026-03-19,Shampoo,Maharashtra,Mumbai,400001,1,149,Swiggy Instamart,19.07781021558704,72.86473168052045
ORD000723,2026-06-29,Energy Drink,Telangana,Hyderabad,500001,4,79,Swiggy Instamart,17.388996879517528,78.48018643106208
ORD000724,2026-01-31,Face Wash,Telangana,Hyderabad,500001,1,79,Blinkit,17.379713833182503,78.49256364018756
ORD000725,2026-06-05,Energy Drink,Maharashtra,Pune,411001,3,129,Blinkit,18.532782830714336,73.85691271576736
ORD000726,2026-03-17,Energy Drink,Gujarat,Surat,395003,1,299,Zepto,21.17328833012599,72.84812214944635
ORD000727,2026-03-26,Energy Drink,Karnataka,Bengaluru,560001,1,49,Swiggy Instamart,12.974007531794886,77.6206168311418
ORD000728,2026-01-29,Coffee,Maharashtra,Mumbai,400050,4,99,Zepto,19.065255096456315,72.81189237240844
ORD000729,2026-01-20,Snacks,Delhi,New Delhi,110001,1,149,Swiggy Instamart,28.621433416211048,77.21281158384883
ORD000730,2026-04-27,Face Wash,Maharashtra,Pune,411001,3,299,Zepto,18.533297527540824,73.8634318135127
ORD000731,2026-02-14,Protein Bar,Maharashtra,Mumbai,400050,3,199,Swiggy Instamart,19.05821544016016,72.8172570176371
ORD000732,2026-04-20,Snacks,Gujarat,Ahmedabad,380001,1,79,Zepto,23.02040976742714,72.56289479545791
ORD000733,2026-02-05,Snacks,Maharashtra,Mumbai,400001,2,199,Blinkit,19.070194765501952,72.88358578404421
ORD000734,2026-06-09,Face Wash,Karnataka,Bengaluru,560001,1,199,Blinkit,12.988299045043515,77.59854671529823
ORD000735,2026-01-30,Shampoo,Maharashtra,Thane,400601,4,299,Blinkit,19.206341169379648,72.9825460266822
ORD000736,2026-06-26,Shampoo,Gujarat,Surat,395003,4,99,Zepto,21.182166314866457,72.82500217095681
ORD000737,2026-06-28,Snacks,Maharashtra,Thane,400601,1,99,Zepto,19.21695982833327,72.97824688194729
ORD000738,2026-06-01,Shampoo,Gujarat,Surat,395003,5,299,Zepto,21.162351016869177,72.83758280433844
ORD000739,2026-04-08,Face Wash,Telangana,Hyderabad,500001,5,49,Swiggy Instamart,17.383790518513923,78.49089532443907
ORD000740,2026-05-04,Shampoo,Maharashtra,Thane,400601,1,249,Blinkit,19.20942507822198,72.97372541699676
ORD000741,2026-01-17,Face Wash,Maharashtra,Mumbai,400001,3,49,Swiggy Instamart,19.08322381357828,72.87397166847909
ORD000742,2026-05-28,Snacks,Delhi,New Delhi,110001,5,129,Swiggy Instamart,28.631169638512336,77.20500363814385
ORD000743,2026-05-13,Coffee,Gujarat,Ahmedabad,380001,5,79,Blinkit,23.02474684725752,72.58072590831873
ORD000744,2026-05-04,Face Wash,Maharashtra,Pune,411001,4,99,Swiggy Instamart,18.50621634267067,73.83909191188019
ORD000745,2026-01-14,Protein Bar,Telangana,Hyderabad,500001,2,299,Blinkit,17.3697434368543,78.49932584103428
ORD000746,2026-01-20,Shampoo,Maharashtra,Thane,400601,3,129,Blinkit,19.212781418541073,73.00368199285668
ORD000747,2026-01-13,Coffee,Maharashtra,Nashik,422001,2,249,Blinkit,20.000257524013428,73.78154551303197
ORD000748,2026-01-21,Shampoo,Maharashtra,Pune,411001,4,299,Zepto,18.535821099525677,73.8767609288816
ORD000749,2026-04-25,Face Wash,Karnataka,Bengaluru,560001,1,299,Swiggy Instamart,12.992215035766364,77.60668366230593
ORD000750,2026-01-27,Shampoo,Maharashtra,Mumbai,400001,4,49,Swiggy Instamart,19.086240625258114,72.88362526949201
ORD000751,2026-01-01,Protein Bar,Delhi,New Delhi,110001,5,149,Swiggy Instamart,28.621683610761668,77.20348814283672
ORD000752,2026-02-22,Snacks,Delhi,New Delhi,110001,4,199,Blinkit,28.605718011165777,77.20896625542589
ORD000753,2026-02-27,Shampoo,Maharashtra,Mumbai,400001,3,299,Swiggy Instamart,19.074298153774752,72.87316771950672
ORD000754,2026-04-26,Protein Bar,Gujarat,Ahmedabad,380001,1,129,Zepto,23.02946387447457,72.5809530520857
ORD000755,2026-04-01,Snacks,Gujarat,Ahmedabad,380001,3,199,Swiggy Instamart,23.02338406886292,72.58617530081055
ORD000756,2026-01-12,Energy Drink,Maharashtra,Mumbai,400050,4,99,Swiggy Instamart,19.048183108858666,72.8275634054072
ORD000757,2026-01-28,Face Wash,Gujarat,Surat,395003,5,129,Zepto,21.16303177679397,72.81243463382927
ORD000758,2026-04-11,Energy Drink,Maharashtra,Mumbai,400050,4,129,Swiggy Instamart,19.058773193141572,72.82828252491616
ORD000759,2026-01-28,Shampoo,Gujarat,Ahmedabad,380001,1,79,Blinkit,23.03763449743242,72.57770811684554
ORD000760,2026-06-18,Coffee,Karnataka,Bengaluru,560001,5,99,Blinkit,12.96135813175671,77.61314092566334
ORD000761,2026-05-16,Snacks,Maharashtra,Mumbai,400001,1,249,Swiggy Instamart,19.088210336955253,72.88352097703469
ORD000762,2026-05-11,Energy Drink,Karnataka,Bengaluru,560001,5,99,Swiggy Instamart,12.969335159011502,77.58500560763277
ORD000763,2026-01-27,Shampoo,Maharashtra,Thane,400601,5,199,Swiggy Instamart,19.21457793223929,72.98898748619703
ORD000764,2026-04-18,Coffee,Gujarat,Surat,395003,2,149,Blinkit,21.18904586305935,72.84653243528273
ORD000765,2026-03-17,Shampoo,Gujarat,Ahmedabad,380001,2,99,Blinkit,23.01761150578214,72.5602038256671
ORD000766,2026-06-29,Snacks,Telangana,Hyderabad,500001,5,149,Swiggy Instamart,17.386408862469114,78.46901560634437
ORD000767,2026-03-22,Snacks,Delhi,New Delhi,110001,5,129,Zepto,28.61713167714185,77.20752397413702
ORD000768,2026-06-09,Snacks,Maharashtra,Pune,411001,3,199,Swiggy Instamart,18.515739634981315,73.84075296932734
ORD000769,2026-06-16,Energy Drink,Maharashtra,Thane,400601,5,199,Swiggy Instamart,19.223436001065696,72.97277299160338
ORD000770,2026-04-01,Coffee,Maharashtra,Mumbai,400050,4,249,Swiggy Instamart,19.047900831642895,72.80077737786718
ORD000771,2026-03-15,Shampoo,Delhi,New Delhi,110001,1,79,Zepto,28.613624850949495,77.2267225159667
ORD000772,2026-02-07,Protein Bar,Gujarat,Surat,395003,1,129,Blinkit,21.18681259214548,72.82652903743414
ORD000773,2026-03-15,Snacks,Maharashtra,Thane,400601,3,99,Zepto,19.21227787939638,72.98278774256075
ORD000774,2026-02-22,Coffee,Maharashtra,Nashik,422001,1,199,Blinkit,19.995916145608117,73.7827179189982
ORD000775,2026-06-07,Snacks,Maharashtra,Mumbai,400050,5,129,Swiggy Instamart,19.067260802783846,72.84176933223884
ORD000776,2026-04-10,Energy Drink,Delhi,New Delhi,110001,5,149,Swiggy Instamart,28.6128984592352,77.20696326249823
ORD000777,2026-04-08,Shampoo,Maharashtra,Mumbai,400001,4,199,Swiggy Instamart,19.067220174132434,72.8694311964596
ORD000778,2026-01-04,Snacks,Maharashtra,Mumbai,400001,3,129,Swiggy Instamart,19.073735211080987,72.88137365506816
ORD000779,2026-02-27,Snacks,Karnataka,Bengaluru,560001,3,129,Swiggy Instamart,12.980735846262332,77.5865682104932
ORD000780,2026-03-17,Shampoo,Maharashtra,Pune,411001,2,79,Zepto,18.535326885689592,73.85398876398958
ORD000781,2026-05-12,Protein Bar,Maharashtra,Thane,400601,4,49,Blinkit,19.218086327056515,72.97062788320852
ORD000782,2026-05-23,Face Wash,Maharashtra,Nashik,422001,2,99,Swiggy Instamart,19.98165759739727,73.78854045396362
ORD000783,2026-01-02,Face Wash,Maharashtra,Nashik,422001,4,99,Zepto,20.013268438970925,73.77688672442882
ORD000784,2026-03-24,Coffee,Maharashtra,Thane,400601,1,149,Blinkit,19.218969907172248,72.98325939217703
ORD000785,2026-05-21,Face Wash,Telangana,Hyderabad,500001,1,199,Swiggy Instamart,17.369374541431135,78.48140947322653
ORD000786,2026-02-17,Coffee,Maharashtra,Pune,411001,1,99,Blinkit,18.52834264679622,73.84415710576832
ORD000787,2026-05-18,Shampoo,Delhi,New Delhi,110001,1,199,Zepto,28.616835579321666,77.19543418195377
ORD000788,2026-06-19,Face Wash,Maharashtra,Pune,411001,3,199,Blinkit,18.525064299824333,73.85634358517703
ORD000789,2026-06-08,Coffee,Maharashtra,Pune,411001,4,49,Zepto,18.504248681840945,73.86834739354458
ORD000790,2026-04-25,Energy Drink,Gujarat,Ahmedabad,380001,5,129,Zepto,23.01515408423202,72.56329747562985
ORD000791,2026-04-08,Protein Bar,Gujarat,Ahmedabad,380001,4,149,Swiggy Instamart,23.024505691972312,72.58288637349429
ORD000792,2026-01-07,Coffee,Maharashtra,Nashik,422001,3,299,Blinkit,19.995741781810217,73.78031679849849
ORD000793,2026-03-17,Snacks,Maharashtra,Mumbai,400001,2,199,Swiggy Instamart,19.080288165003306,72.88463105607264
ORD000794,2026-01-25,Energy Drink,Maharashtra,Mumbai,400050,5,49,Swiggy Instamart,19.06136441555277,72.82582972160917
ORD000795,2026-02-23,Snacks,Maharashtra,Mumbai,400050,2,249,Zepto,19.05132409779351,72.83036143883047
ORD000796,2026-05-18,Snacks,Maharashtra,Pune,411001,4,79,Swiggy Instamart,18.509678609880144,73.82748649516506
ORD000797,2026-01-07,Shampoo,Maharashtra,Thane,400601,3,49,Zepto,19.222665598041576,72.98713934841086
ORD000798,2026-01-14,Energy Drink,Maharashtra,Mumbai,400050,3,79,Swiggy Instamart,19.03597067564458,72.81940269295289
ORD000799,2026-03-08,Shampoo,Maharashtra,Pune,411001,4,299,Swiggy Instamart,18.52659154261005,73.87727495469711
ORD000800,2026-04-21,Face Wash,Gujarat,Surat,395003,1,249,Swiggy Instamart,21.170407937076757,72.82381997058772
ORD000801,2026-05-17,Protein Bar,Maharashtra,Mumbai,400050,5,79,Swiggy Instamart,19.057771035588953,72.84324876419147
ORD000802,2026-01-12,Snacks,Telangana,Hyderabad,500001,1,199,Swiggy Instamart,17.378540358208756,78.4787080799335
ORD000803,2026-03-16,Snacks,Maharashtra,Mumbai,400050,3,79,Blinkit,19.05477256477818,72.81996671391741
ORD000804,2026-04-08,Shampoo,Karnataka,Bengaluru,560001,1,299,Zepto,12.972826703159948,77.6108467845847
ORD000805,2026-02-26,Energy Drink,Delhi,New Delhi,110001,4,149,Swiggy Instamart,28.61713079273116,77.20647646497873
ORD000806,2026-03-18,Snacks,Maharashtra,Thane,400601,3,49,Swiggy Instamart,19.215381887310844,72.96246809191302
ORD000807,2026-02-06,Protein Bar,Delhi,New Delhi,110001,1,49,Swiggy Instamart,28.62273109777147,77.20822162802988
ORD000808,2026-04-11,Coffee,Telangana,Hyderabad,500001,5,79,Blinkit,17.383195200864094,78.51863107567844
ORD000809,2026-03-30,Energy Drink,Maharashtra,Pune,411001,4,99,Zepto,18.523387529083656,73.84918208949905
ORD000810,2026-02-26,Coffee,Maharashtra,Thane,400601,3,129,Zepto,19.214036424037943,72.98958445709196
ORD000811,2026-06-21,Coffee,Maharashtra,Thane,400601,1,299,Swiggy Instamart,19.219432704105376,72.96371722021682
ORD000812,2026-01-19,Face Wash,Delhi,New Delhi,110001,1,149,Zepto,28.623092289345752,77.20231855914462
ORD000813,2026-05-29,Shampoo,Maharashtra,Pune,411001,3,199,Zepto,18.539132977762176,73.86750048065716
ORD000814,2026-01-26,Face Wash,Maharashtra,Pune,411001,5,79,Zepto,18.51592678104341,73.86951016361735
ORD000815,2026-05-05,Shampoo,Gujarat,Ahmedabad,380001,3,149,Swiggy Instamart,23.023178555105275,72.57992773675122
ORD000816,2026-02-09,Coffee,Telangana,Hyderabad,500001,5,199,Blinkit,17.389847328172948,78.47823643345009
ORD000817,2026-02-13,Protein Bar,Gujarat,Surat,395003,3,129,Zepto,21.163764501676827,72.84139960817582
ORD000818,2026-03-12,Face Wash,Gujarat,Surat,395003,2,199,Blinkit,21.166852246678936,72.82706351536758
ORD000819,2026-04-25,Face Wash,Karnataka,Bengaluru,560001,3,299,Swiggy Instamart,12.962048774206506,77.59883599065593
ORD000820,2026-02-14,Snacks,Maharashtra,Mumbai,400050,5,79,Blinkit,19.08022524919243,72.81882467085745
ORD000821,2026-05-18,Energy Drink,Maharashtra,Thane,400601,3,79,Swiggy Instamart,19.218542194566727,72.99222220555416
ORD000822,2026-01-05,Coffee,Maharashtra,Mumbai,400050,1,249,Swiggy Instamart,19.058803586087542,72.8340237179625
ORD000823,2026-01-10,Coffee,Maharashtra,Pune,411001,3,299,Swiggy Instamart,18.50977606471853,73.86098307097208
ORD000824,2026-04-04,Shampoo,Maharashtra,Thane,400601,2,149,Zepto,19.216428557349953,72.98795729995679
ORD000825,2026-05-09,Coffee,Karnataka,Bengaluru,560001,1,249,Blinkit,12.983473860515648,77.62049563642019
ORD000826,2026-01-03,Snacks,Delhi,New Delhi,110001,2,99,Swiggy Instamart,28.619696331732136,77.21225796316583
ORD000827,2026-04-25,Energy Drink,Maharashtra,Thane,400601,2,99,Swiggy Instamart,19.220243843015773,72.97456833707189
ORD000828,2026-04-02,Protein Bar,Karnataka,Bengaluru,560001,2,299,Zepto,12.974984838434617,77.59164598589861
ORD000829,2026-03-09,Face Wash,Maharashtra,Mumbai,400050,2,49,Swiggy Instamart,19.061284609762694,72.84267597535607
ORD000830,2026-05-13,Face Wash,Maharashtra,Pune,411001,4,299,Blinkit,18.5103345743472,73.8680987856113
ORD000831,2026-01-11,Snacks,Maharashtra,Mumbai,400001,3,79,Swiggy Instamart,19.089171150673398,72.87651931473009
ORD000832,2026-06-12,Face Wash,Delhi,New Delhi,110001,3,99,Blinkit,28.592681451009916,77.20292178012906
ORD000833,2026-04-04,Coffee,Gujarat,Surat,395003,1,149,Blinkit,21.18316994546561,72.83087131937702
ORD000834,2026-05-13,Shampoo,Maharashtra,Pune,411001,3,199,Blinkit,18.51040697767705,73.85165225078772
ORD000835,2026-06-04,Protein Bar,Karnataka,Bengaluru,560001,5,99,Blinkit,12.980006200265047,77.60006733568201
ORD000836,2026-02-28,Protein Bar,Maharashtra,Thane,400601,5,149,Zepto,19.215910679008303,72.97443175588185
ORD000837,2026-02-17,Energy Drink,Maharashtra,Thane,400601,3,79,Swiggy Instamart,19.21438241850956,72.96887589815502
ORD000838,2026-04-17,Face Wash,Maharashtra,Pune,411001,1,299,Swiggy Instamart,18.536553756894694,73.85347679530788
ORD000839,2026-05-03,Energy Drink,Karnataka,Bengaluru,560001,5,99,Swiggy Instamart,12.983771585208256,77.60981316051922
ORD000840,2026-01-06,Energy Drink,Gujarat,Surat,395003,1,99,Swiggy Instamart,21.18018310898148,72.82678379687283
ORD000841,2026-02-11,Energy Drink,Telangana,Hyderabad,500001,5,49,Swiggy Instamart,17.389037300903368,78.4864580439361
ORD000842,2026-01-15,Energy Drink,Maharashtra,Thane,400601,3,99,Swiggy Instamart,19.209262981392698,72.98134359281721
ORD000843,2026-06-03,Coffee,Gujarat,Surat,395003,1,149,Zepto,21.158409602088405,72.84297679388462
ORD000844,2026-04-25,Coffee,Maharashtra,Pune,411001,4,299,Zepto,18.515753827027016,73.85871159655873
ORD000845,2026-04-16,Coffee,Maharashtra,Pune,411001,2,99,Swiggy Instamart,18.52323287871546,73.85411095026296
ORD000846,2026-03-09,Energy Drink,Delhi,New Delhi,110001,3,299,Swiggy Instamart,28.619766938014752,77.20425096343378
ORD000847,2026-01-18,Energy Drink,Telangana,Hyderabad,500001,4,249,Zepto,17.393712972974573,78.47324020319753
ORD000848,2026-01-05,Energy Drink,Maharashtra,Mumbai,400050,5,249,Zepto,19.060863795795463,72.84888928999058
ORD000849,2026-01-25,Energy Drink,Telangana,Hyderabad,500001,4,49,Swiggy Instamart,17.374996686753946,78.47992255029475
ORD000850,2026-01-31,Protein Bar,Delhi,New Delhi,110001,4,99,Swiggy Instamart,28.61903907849659,77.2107958178194
ORD000851,2026-01-01,Snacks,Delhi,New Delhi,110001,4,249,Blinkit,28.617406300992737,77.21389187130148
ORD000852,2026-06-28,Coffee,Maharashtra,Mumbai,400001,4,129,Blinkit,19.08234721468562,72.88879699841956
ORD000853,2026-03-31,Coffee,Gujarat,Surat,395003,5,79,Blinkit,21.174298186569285,72.82868742345381
ORD000854,2026-03-07,Shampoo,Maharashtra,Thane,400601,2,79,Blinkit,19.225025737012025,72.99709881934895
ORD000855,2026-05-20,Shampoo,Telangana,Hyderabad,500001,3,129,Zepto,17.383673662536175,78.4769547069533
ORD000856,2026-05-28,Coffee,Maharashtra,Mumbai,400001,1,49,Blinkit,19.08707080669287,72.87649618836046
ORD000857,2026-06-26,Face Wash,Maharashtra,Pune,411001,4,199,Zepto,18.498673304539857,73.8651742167715
ORD000858,2026-04-20,Snacks,Maharashtra,Thane,400601,5,149,Blinkit,19.21294671814046,72.97719466717696
ORD000859,2026-04-19,Coffee,Delhi,New Delhi,110001,3,149,Swiggy Instamart,28.61721980330569,77.2109049967978
ORD000860,2026-02-22,Shampoo,Gujarat,Surat,395003,5,299,Zepto,21.17729451817139,72.8267451362943
ORD000861,2026-05-24,Coffee,Gujarat,Ahmedabad,380001,4,149,Blinkit,23.02763105798176,72.56880453322415
ORD000862,2026-03-30,Snacks,Telangana,Hyderabad,500001,4,99,Swiggy Instamart,17.392388104808877,78.49285367484013
ORD000863,2026-02-28,Shampoo,Maharashtra,Mumbai,400050,2,79,Zepto,19.050245612979555,72.84035982116174
ORD000864,2026-04-13,Face Wash,Delhi,New Delhi,110001,5,49,Zepto,28.608540365548862,77.21708057798281
ORD000865,2026-06-12,Protein Bar,Gujarat,Surat,395003,1,99,Blinkit,21.173872873134016,72.84948183676796
ORD000866,2026-04-22,Protein Bar,Telangana,Hyderabad,500001,1,149,Zepto,17.382765340176284,78.48320683203882
ORD000867,2026-01-21,Coffee,Gujarat,Ahmedabad,380001,1,249,Blinkit,23.022305803941123,72.56836820217165
ORD000868,2026-06-17,Coffee,Telangana,Hyderabad,500001,3,49,Zepto,17.39299941901942,78.47053689391564
ORD000869,2026-04-23,Protein Bar,Karnataka,Bengaluru,560001,2,149,Zepto,12.961063175808537,77.5839219707842
ORD000870,2026-06-03,Coffee,Maharashtra,Mumbai,400001,5,129,Swiggy Instamart,19.085503075919735,72.89480613372582
ORD000871,2026-06-22,Protein Bar,Maharashtra,Thane,400601,3,129,Swiggy Instamart,19.217255507814624,72.9764117827681
ORD000872,2026-02-10,Protein Bar,Maharashtra,Mumbai,400001,3,249,Blinkit,19.076700521631132,72.88931878302608
ORD000873,2026-04-14,Coffee,Gujarat,Surat,395003,2,49,Swiggy Instamart,21.160926468658097,72.83348368982736
ORD000874,2026-01-24,Coffee,Maharashtra,Mumbai,400050,3,199,Blinkit,19.069351976297824,72.83451094169939
ORD000875,2026-02-27,Coffee,Maharashtra,Nashik,422001,2,299,Blinkit,20.007795816165988,73.78971046092568
ORD000876,2026-01-02,Face Wash,Telangana,Hyderabad,500001,2,249,Swiggy Instamart,17.357967677070008,78.4934787531953
ORD000877,2026-05-24,Protein Bar,Maharashtra,Mumbai,400050,5,149,Blinkit,19.053059243168725,72.81119367103143
ORD000878,2026-05-12,Face Wash,Maharashtra,Mumbai,400050,5,149,Swiggy Instamart,19.06471202599525,72.84323658545162
ORD000879,2026-04-07,Coffee,Karnataka,Bengaluru,560001,4,129,Blinkit,12.970225514853723,77.60412874547202
ORD000880,2026-06-24,Shampoo,Karnataka,Bengaluru,560001,5,49,Blinkit,12.987722782579887,77.60774914453584
ORD000881,2026-03-08,Protein Bar,Maharashtra,Mumbai,400050,4,129,Swiggy Instamart,19.075999645293713,72.83692127491071
ORD000882,2026-03-22,Shampoo,Maharashtra,Pune,411001,3,49,Swiggy Instamart,18.521154336389014,73.84068034188103
ORD000883,2026-03-05,Face Wash,Maharashtra,Nashik,422001,1,249,Swiggy Instamart,20.003439375118703,73.77126753404684
ORD000884,2026-01-20,Coffee,Gujarat,Ahmedabad,380001,2,299,Blinkit,23.04420942717498,72.56964114187568
ORD000885,2026-02-25,Coffee,Gujarat,Ahmedabad,380001,3,99,Swiggy Instamart,23.023732048067846,72.5769148537604
ORD000886,2026-05-08,Snacks,Maharashtra,Pune,411001,2,129,Swiggy Instamart,18.520836024463723,73.87365051040432
ORD000887,2026-03-09,Energy Drink,Maharashtra,Pune,411001,2,129,Zepto,18.514173506382654,73.85864607455238
ORD000888,2026-04-02,Energy Drink,Telangana,Hyderabad,500001,1,79,Zepto,17.37757529414302,78.4734997748878
ORD000889,2026-06-07,Protein Bar,Karnataka,Bengaluru,560001,5,49,Blinkit,12.965482309090948,77.59422963202951
ORD000890,2026-06-08,Face Wash,Gujarat,Ahmedabad,380001,4,149,Blinkit,23.01820697775483,72.56447579020126
ORD000891,2026-05-11,Face Wash,Maharashtra,Thane,400601,4,129,Swiggy Instamart,19.20423682536328,72.97726894427372
ORD000892,2026-01-14,Coffee,Maharashtra,Thane,400601,4,299,Swiggy Instamart,19.20325279625969,72.9857005596369
ORD000893,2026-05-09,Face Wash,Maharashtra,Mumbai,400001,4,99,Blinkit,19.076824397529347,72.86312448500536
ORD000894,2026-06-28,Coffee,Maharashtra,Mumbai,400050,4,199,Swiggy Instamart,19.056507909229502,72.82197843594409
ORD000895,2026-01-04,Snacks,Maharashtra,Mumbai,400001,2,249,Swiggy Instamart,19.079191745104193,72.89110450446023
ORD000896,2026-03-25,Face Wash,Maharashtra,Mumbai,400050,5,149,Zepto,19.040848275303542,72.83065026079147
ORD000897,2026-03-09,Energy Drink,Delhi,New Delhi,110001,3,299,Swiggy Instamart,28.612298672044336,77.21571340076451
ORD000898,2026-04-04,Energy Drink,Gujarat,Ahmedabad,380001,4,249,Zepto,23.024631966282378,72.5638803066826
ORD000899,2026-06-29,Face Wash,Gujarat,Surat,395003,3,249,Blinkit,21.167009460643335,72.82313974143197
ORD000900,2026-02-16,Coffee,Karnataka,Bengaluru,560001,2,129,Zepto,12.982360071385987,77.59481311648672
ORD000901,2026-03-02,Coffee,Maharashtra,Nashik,422001,4,249,Zepto,20.02491190685753,73.77909339186186
ORD000902,2026-02-08,Shampoo,Maharashtra,Thane,400601,1,99,Blinkit,19.211215932330894,72.96296285607387
ORD000903,2026-02-04,Snacks,Karnataka,Bengaluru,560001,5,199,Blinkit,12.953568603237441,77.57875864056994
ORD000904,2026-03-06,Coffee,Maharashtra,Nashik,422001,5,49,Blinkit,20.008571266510117,73.7847872502323
ORD000905,2026-06-26,Energy Drink,Maharashtra,Mumbai,400050,1,129,Blinkit,19.04378809297968,72.83845038314075
ORD000906,2026-06-11,Protein Bar,Karnataka,Bengaluru,560001,4,199,Blinkit,12.966769389483167,77.59606793011986
ORD000907,2026-04-03,Coffee,Gujarat,Ahmedabad,380001,5,149,Blinkit,23.038622206282554,72.58036839315865
ORD000908,2026-04-16,Protein Bar,Maharashtra,Mumbai,400001,3,129,Swiggy Instamart,19.073314693520942,72.86878807774585
ORD000909,2026-06-16,Snacks,Telangana,Hyderabad,500001,5,99,Blinkit,17.36348184598671,78.47950846680757
ORD000910,2026-03-25,Snacks,Gujarat,Ahmedabad,380001,5,299,Swiggy Instamart,23.020388697611725,72.56152820472849
ORD000911,2026-01-21,Shampoo,Karnataka,Bengaluru,560001,5,149,Blinkit,12.970287430329078,77.59536851882959
ORD000912,2026-02-12,Snacks,Maharashtra,Thane,400601,3,249,Swiggy Instamart,19.216051440181918,72.97159997419176
ORD000913,2026-05-27,Shampoo,Telangana,Hyderabad,500001,1,79,Zepto,17.38668654671967,78.4911194064957
ORD000914,2026-02-28,Face Wash,Gujarat,Ahmedabad,380001,3,149,Swiggy Instamart,23.011596009225574,72.58550932379745
ORD000915,2026-06-04,Snacks,Maharashtra,Nashik,422001,4,149,Blinkit,20.004914118677156,73.77988849622946
ORD000916,2026-05-31,Coffee,Gujarat,Ahmedabad,380001,4,249,Zepto,23.029582144232567,72.57373216131263
ORD000917,2026-01-06,Energy Drink,Maharashtra,Thane,400601,2,149,Swiggy Instamart,19.22783136633913,72.98097124165201
ORD000918,2026-02-23,Energy Drink,Maharashtra,Mumbai,400050,4,79,Zepto,19.053475626253594,72.83311503525206
ORD000919,2026-05-02,Coffee,Maharashtra,Mumbai,400050,1,49,Blinkit,19.04816273792679,72.83058559705776
ORD000920,2026-01-22,Protein Bar,Delhi,New Delhi,110001,3,99,Zepto,28.613567700093558,77.20691883142727
ORD000921,2026-03-21,Energy Drink,Gujarat,Surat,395003,2,149,Blinkit,21.168914624885613,72.81228150954503
ORD000922,2026-02-03,Coffee,Maharashtra,Thane,400601,2,49,Zepto,19.21281275092259,72.97902844901141
ORD000923,2026-03-25,Shampoo,Gujarat,Ahmedabad,380001,4,149,Swiggy Instamart,23.024098563919974,72.56112324859073
ORD000924,2026-02-04,Snacks,Karnataka,Bengaluru,560001,5,99,Swiggy Instamart,12.984257078408648,77.58593825151786
ORD000925,2026-04-27,Snacks,Telangana,Hyderabad,500001,5,249,Swiggy Instamart,17.394694572005267,78.49097194361872
ORD000926,2026-03-21,Face Wash,Delhi,New Delhi,110001,4,129,Zepto,28.607437726901562,77.2267531089261
ORD000927,2026-03-20,Face Wash,Karnataka,Bengaluru,560001,4,149,Zepto,12.959663631682435,77.6037915417361
ORD000928,2026-01-03,Protein Bar,Maharashtra,Nashik,422001,5,99,Blinkit,20.01590582318043,73.77299379790924
ORD000929,2026-05-01,Coffee,Maharashtra,Nashik,422001,1,299,Blinkit,20.019824653000644,73.77719953485402
ORD000930,2026-01-03,Shampoo,Maharashtra,Nashik,422001,3,129,Zepto,20.0087869362928,73.78230321838772
ORD000931,2026-04-06,Energy Drink,Delhi,New Delhi,110001,4,249,Blinkit,28.612556912585294,77.2171080827316
ORD000932,2026-02-11,Snacks,Maharashtra,Pune,411001,4,249,Zepto,18.52833488720552,73.83921468026762
ORD000933,2026-01-21,Shampoo,Maharashtra,Nashik,422001,2,149,Blinkit,20.018943402428782,73.76307508011965
ORD000934,2026-03-10,Shampoo,Delhi,New Delhi,110001,2,79,Zepto,28.624225462043416,77.22026705136828
ORD000935,2026-03-16,Protein Bar,Maharashtra,Thane,400601,4,299,Blinkit,19.20739033569785,72.97399185712045
ORD000936,2026-05-06,Energy Drink,Telangana,Hyderabad,500001,3,49,Zepto,17.373942953315144,78.48455078969711
ORD000937,2026-05-17,Protein Bar,Maharashtra,Mumbai,400001,2,79,Blinkit,19.072919657158142,72.8854966053227
ORD000938,2026-02-02,Snacks,Maharashtra,Nashik,422001,4,49,Zepto,20.019003087461197,73.7936568381079
ORD000939,2026-02-08,Protein Bar,Maharashtra,Mumbai,400050,4,129,Blinkit,19.053978319734217,72.82740778126255
ORD000940,2026-03-21,Shampoo,Gujarat,Surat,395003,3,299,Swiggy Instamart,21.153365618077792,72.82304129933505
ORD000941,2026-03-26,Protein Bar,Maharashtra,Mumbai,400001,2,49,Blinkit,19.085648516330973,72.89385582823549
ORD000942,2026-01-19,Coffee,Gujarat,Surat,395003,4,99,Zepto,21.157856511281203,72.82517535740848
ORD000943,2026-04-08,Protein Bar,Maharashtra,Nashik,422001,1,129,Blinkit,20.005635942430413,73.7825016115882
ORD000944,2026-03-05,Snacks,Karnataka,Bengaluru,560001,1,129,Blinkit,12.963503964800784,77.59884061044464
ORD000945,2026-05-14,Snacks,Maharashtra,Mumbai,400050,2,299,Blinkit,19.05486160652929,72.82935547729122
ORD000946,2026-03-24,Energy Drink,Maharashtra,Nashik,422001,1,79,Blinkit,20.011362842480036,73.77976422269812
ORD000947,2026-06-13,Face Wash,Karnataka,Bengaluru,560001,2,199,Zepto,12.967236141094736,77.59350390196074
ORD000948,2026-01-29,Energy Drink,Maharashtra,Pune,411001,4,199,Zepto,18.519516370407946,73.85299988970118
ORD000949,2026-03-12,Coffee,Maharashtra,Thane,400601,1,249,Zepto,19.21571203937333,72.99408647170505
ORD000950,2026-01-11,Coffee,Maharashtra,Mumbai,400001,4,99,Blinkit,19.081609194479412,72.87474519681972
ORD000951,2026-03-05,Energy Drink,Maharashtra,Mumbai,400050,4,79,Swiggy Instamart,19.066569544045105,72.82616180510243
ORD000952,2026-03-28,Snacks,Telangana,Hyderabad,500001,1,49,Blinkit,17.396731246375868,78.49039642192199
ORD000953,2026-06-29,Coffee,Maharashtra,Thane,400601,1,99,Blinkit,19.217226978559957,72.98257716925811
ORD000954,2026-03-23,Coffee,Maharashtra,Pune,411001,3,299,Swiggy Instamart,18.504691238479314,73.84543232531091
ORD000955,2026-01-06,Snacks,Maharashtra,Pune,411001,4,199,Swiggy Instamart,18.50846074993601,73.85812943094764
ORD000956,2026-03-06,Protein Bar,Maharashtra,Thane,400601,4,299,Swiggy Instamart,19.23562514999485,73.00041300146192
ORD000957,2026-05-19,Snacks,Maharashtra,Nashik,422001,4,129,Swiggy Instamart,20.012280511014406,73.78470844474946
ORD000958,2026-05-20,Face Wash,Maharashtra,Thane,400601,3,299,Blinkit,19.20028942265847,72.97267326200266
ORD000959,2026-05-22,Energy Drink,Telangana,Hyderabad,500001,1,99,Blinkit,17.37712216248092,78.4804915240175
ORD000960,2026-03-09,Coffee,Maharashtra,Nashik,422001,3,299,Zepto,20.004218561814152,73.77497909422303
ORD000961,2026-04-08,Snacks,Delhi,New Delhi,110001,2,49,Swiggy Instamart,28.594107001896244,77.21647910256118
ORD000962,2026-06-08,Energy Drink,Gujarat,Ahmedabad,380001,3,79,Swiggy Instamart,23.011772569742604,72.5737924686411
ORD000963,2026-04-10,Energy Drink,Delhi,New Delhi,110001,5,299,Swiggy Instamart,28.6346408266975,77.19980615408414
ORD000964,2026-06-06,Face Wash,Maharashtra,Thane,400601,3,249,Swiggy Instamart,19.192997124772535,72.9752399577812
ORD000965,2026-01-29,Protein Bar,Gujarat,Ahmedabad,380001,5,79,Zepto,23.033509596349987,72.5909834745422
ORD000966,2026-02-15,Protein Bar,Maharashtra,Thane,400601,2,79,Blinkit,19.206004504055475,72.98306699223237
ORD000967,2026-01-26,Protein Bar,Maharashtra,Pune,411001,5,249,Swiggy Instamart,18.515746895432198,73.85564051645696
ORD000968,2026-05-15,Coffee,Karnataka,Bengaluru,560001,5,149,Zepto,12.99804343347017,77.57957029671604
ORD000969,2026-02-26,Coffee,Gujarat,Ahmedabad,380001,1,49,Zepto,23.025037396614948,72.57607693171765
ORD000970,2026-01-21,Shampoo,Karnataka,Bengaluru,560001,1,199,Swiggy Instamart,12.982457863249394,77.5955798315347
ORD000971,2026-04-05,Snacks,Gujarat,Surat,395003,1,149,Swiggy Instamart,21.17328050539504,72.82718351432578
ORD000972,2026-01-19,Face Wash,Maharashtra,Mumbai,400001,1,129,Swiggy Instamart,19.078691269412452,72.87426807724503
ORD000973,2026-01-26,Snacks,Maharashtra,Mumbai,400050,2,249,Zepto,19.06581571889856,72.82580389663956
ORD000974,2026-05-15,Snacks,Maharashtra,Pune,411001,2,99,Swiggy Instamart,18.52417100393902,73.85640737186316
ORD000975,2026-04-17,Snacks,Delhi,New Delhi,110001,1,199,Swiggy Instamart,28.625160502507722,77.20848606276412
ORD000976,2026-06-29,Snacks,Karnataka,Bengaluru,560001,4,79,Zepto,12.953869675317932,77.60721921500713
ORD000977,2026-05-21,Shampoo,Maharashtra,Thane,400601,5,199,Swiggy Instamart,19.209242676991373,72.97156233661352
ORD000978,2026-05-17,Coffee,Maharashtra,Thane,400601,4,199,Blinkit,19.212343387059565,72.99184438093171
ORD000979,2026-03-25,Face Wash,Delhi,New Delhi,110001,4,249,Swiggy Instamart,28.592543257860214,77.24037748533661
ORD000980,2026-06-05,Energy Drink,Gujarat,Ahmedabad,380001,5,129,Blinkit,23.03306056809066,72.5736323891413
ORD000981,2026-03-07,Face Wash,Delhi,New Delhi,110001,4,299,Blinkit,28.61335105999384,77.21185554074857
ORD000982,2026-01-09,Face Wash,Maharashtra,Mumbai,400001,5,49,Swiggy Instamart,19.081211224283795,72.88415215585951
ORD000983,2026-03-19,Protein Bar,Maharashtra,Thane,400601,3,129,Zepto,19.223856044660035,72.97899580681255
ORD000984,2026-01-06,Snacks,Gujarat,Ahmedabad,380001,3,99,Zepto,23.02052661579693,72.56988726716347
ORD000985,2026-04-28,Face Wash,Maharashtra,Mumbai,400001,2,99,Blinkit,19.074050917196473,72.88903770096867
ORD000986,2026-05-30,Energy Drink,Gujarat,Ahmedabad,380001,2,149,Blinkit,23.02843556722281,72.54199611365335
ORD000987,2026-05-27,Shampoo,Maharashtra,Mumbai,400050,5,129,Swiggy Instamart,19.066159007765297,72.83144736194718
ORD000988,2026-03-25,Shampoo,Maharashtra,Mumbai,400050,2,299,Swiggy Instamart,19.05941291243554,72.82561481546911
ORD000989,2026-01-25,Coffee,Telangana,Hyderabad,500001,3,49,Swiggy Instamart,17.39624112719986,78.49617526462123
ORD000990,2026-04-08,Protein Bar,Telangana,Hyderabad,500001,1,199,Blinkit,17.377271223321767,78.49077052287124
ORD000991,2026-04-17,Protein Bar,Gujarat,Surat,395003,2,49,Swiggy Instamart,21.160483432654587,72.81730381835212
ORD000992,2026-01-14,Face Wash,Gujarat,Surat,395003,5,49,Blinkit,21.163932827754103,72.83972393472384
ORD000993,2026-05-25,Energy Drink,Delhi,New Delhi,110001,3,129,Zepto,28.623431250453763,77.21413085420097
ORD000994,2026-06-22,Snacks,Maharashtra,Mumbai,400001,4,299,Swiggy Instamart,19.08325095786848,72.88286178287116
ORD000995,2026-05-10,Protein Bar,Telangana,Hyderabad,500001,2,249,Blinkit,17.378585184047772,78.49101922544673
ORD000996,2026-02-07,Energy Drink,Gujarat,Surat,395003,3,79,Blinkit,21.178204095252276,72.83864291329814
ORD000997,2026-01-13,Coffee,Telangana,Hyderabad,500001,4,149,Zepto,17.396889133714748,78.493783038472
ORD000998,2026-05-09,Shampoo,Gujarat,Surat,395003,2,99,Blinkit,21.173714482075418,72.84180150238318
ORD000999,2026-02-20,Shampoo,Delhi,New Delhi,110001,4,129,Swiggy Instamart,28.61363478740751,77.20018125348773
ORD001000,2026-05-15,Energy Drink,Telangana,Hyderabad,500001,2,79,Blinkit,17.383369330360566,78.47925097355193
ORD001001,2026-03-24,Snacks,Gujarat,Surat,395003,5,79,Zepto,21.163448217250256,72.82965481329285
ORD001002,2026-04-19,Face Wash,Gujarat,Surat,395003,3,129,Blinkit,21.162275800790002,72.82802038470362
ORD001003,2026-06-02,Snacks,Gujarat,Ahmedabad,380001,1,149,Zepto,23.003563853330462,72.57353293707372
ORD001004,2026-06-07,Shampoo,Gujarat,Ahmedabad,380001,5,99,Blinkit,23.022512054753623,72.56322911368932
ORD001005,2026-03-01,Energy Drink,Maharashtra,Mumbai,400001,3,99,Swiggy Instamart,19.082592456684324,72.88707570137628
ORD001006,2026-01-29,Snacks,Maharashtra,Mumbai,400050,1,129,Swiggy Instamart,19.04352440135631,72.82187275221433
ORD001007,2026-03-15,Protein Bar,Maharashtra,Thane,400601,3,79,Blinkit,19.210608576502125,72.96870096898891
ORD001008,2026-05-01,Protein Bar,Karnataka,Bengaluru,560001,3,129,Swiggy Instamart,12.979894748419317,77.59266173861228
ORD001009,2026-02-24,Energy Drink,Delhi,New Delhi,110001,5,149,Swiggy Instamart,28.611254851586896,77.18896137635593
ORD001010,2026-06-09,Snacks,Karnataka,Bengaluru,560001,2,49,Blinkit,12.977954180302092,77.58220741605146
ORD001011,2026-06-19,Coffee,Telangana,Hyderabad,500001,1,149,Zepto,17.385599326302664,78.48947376937959
ORD001012,2026-03-14,Energy Drink,Maharashtra,Mumbai,400001,5,149,Zepto,19.089606585958386,72.86461179600882
ORD001013,2026-06-17,Protein Bar,Karnataka,Bengaluru,560001,1,249,Swiggy Instamart,12.941404878441793,77.59643849544754
ORD001014,2026-06-19,Snacks,Maharashtra,Nashik,422001,3,79,Zepto,20.023905111815107,73.7920894635294
ORD001015,2026-06-16,Shampoo,Maharashtra,Nashik,422001,2,249,Swiggy Instamart,20.007996594152747,73.77478363814369
ORD001016,2026-03-22,Shampoo,Maharashtra,Mumbai,400050,5,79,Zepto,19.06767122596637,72.81976453800296
ORD001017,2026-05-09,Shampoo,Maharashtra,Pune,411001,5,49,Zepto,18.52516357769356,73.86175470159166
ORD001018,2026-05-16,Face Wash,Maharashtra,Pune,411001,3,299,Blinkit,18.53100209907499,73.88429660038912
ORD001019,2026-01-05,Face Wash,Maharashtra,Thane,400601,3,199,Swiggy Instamart,19.222224159671786,72.97301036374293
ORD001020,2026-03-02,Coffee,Maharashtra,Nashik,422001,3,49,Swiggy Instamart,20.00564425687808,73.76200924095112
ORD001021,2026-04-10,Protein Bar,Maharashtra,Nashik,422001,5,149,Zepto,19.99895286868911,73.77560717561887
ORD001022,2026-03-29,Shampoo,Maharashtra,Thane,400601,2,79,Swiggy Instamart,19.213059116020652,72.97962354872034
ORD001023,2026-05-14,Snacks,Gujarat,Surat,395003,5,129,Blinkit,21.161975800676178,72.84231030667326
ORD001024,2026-05-27,Energy Drink,Maharashtra,Pune,411001,4,149,Swiggy Instamart,18.52040207064918,73.85660699678861
ORD001025,2026-04-25,Coffee,Gujarat,Ahmedabad,380001,2,129,Swiggy Instamart,23.019221052834872,72.57295190683858
ORD001026,2026-05-29,Coffee,Maharashtra,Thane,400601,2,99,Blinkit,19.226550982646675,72.96942869784289
ORD001027,2026-02-04,Shampoo,Delhi,New Delhi,110001,2,99,Blinkit,28.607318835109247,77.20596273971223
ORD001028,2026-05-23,Coffee,Maharashtra,Mumbai,400050,1,99,Blinkit,19.046141290765267,72.82130742140278
ORD001029,2026-01-08,Face Wash,Maharashtra,Thane,400601,4,249,Blinkit,19.213537791264553,72.98684389180713
ORD001030,2026-06-13,Snacks,Karnataka,Bengaluru,560001,3,99,Zepto,12.97422561329002,77.59653589911368
ORD001031,2026-02-03,Energy Drink,Maharashtra,Mumbai,400050,1,149,Swiggy Instamart,19.06810897962168,72.828126282116
ORD001032,2026-06-06,Energy Drink,Telangana,Hyderabad,500001,5,129,Zepto,17.38890464849929,78.48566778247067
ORD001033,2026-04-02,Protein Bar,Maharashtra,Mumbai,400001,4,99,Swiggy Instamart,19.078653623493995,72.87187241342389
ORD001034,2026-05-01,Snacks,Telangana,Hyderabad,500001,3,99,Blinkit,17.360611828417237,78.48535720837813
ORD001035,2026-05-02,Energy Drink,Karnataka,Bengaluru,560001,2,129,Zepto,12.985827481361,77.60386215402242
ORD001036,2026-04-15,Protein Bar,Maharashtra,Mumbai,400001,3,249,Zepto,19.08565397484591,72.89006130721806
ORD001037,2026-02-22,Protein Bar,Maharashtra,Pune,411001,2,299,Swiggy Instamart,18.521286575909613,73.85867315707407
ORD001038,2026-06-26,Face Wash,Karnataka,Bengaluru,560001,4,129,Blinkit,12.965423481045656,77.59143927143973
ORD001039,2026-01-11,Coffee,Gujarat,Surat,395003,4,199,Blinkit,21.17635771149771,72.8431388443717
ORD001040,2026-05-27,Coffee,Telangana,Hyderabad,500001,5,49,Swiggy Instamart,17.38360553724319,78.48219810735148
ORD001041,2026-04-26,Shampoo,Maharashtra,Mumbai,400050,1,129,Swiggy Instamart,19.059605279588567,72.83551206748929
ORD001042,2026-04-12,Snacks,Delhi,New Delhi,110001,1,249,Swiggy Instamart,28.599461451838664,77.18603819046864
ORD001043,2026-02-18,Face Wash,Maharashtra,Mumbai,400001,4,249,Blinkit,19.070494631505085,72.86549287574087
ORD001044,2026-04-29,Energy Drink,Maharashtra,Nashik,422001,4,149,Swiggy Instamart,20.00081859802353,73.77822219681183
ORD001045,2026-06-26,Coffee,Maharashtra,Mumbai,400001,2,299,Swiggy Instamart,19.07146751590977,72.8922246753447
ORD001046,2026-01-24,Snacks,Karnataka,Bengaluru,560001,5,79,Zepto,12.974867447646023,77.59760474359611
ORD001047,2026-06-28,Coffee,Telangana,Hyderabad,500001,2,249,Blinkit,17.391222071440435,78.47531166882219
ORD001048,2026-04-26,Protein Bar,Gujarat,Ahmedabad,380001,2,299,Swiggy Instamart,23.032891117874204,72.57064235713464
ORD001049,2026-04-27,Protein Bar,Maharashtra,Pune,411001,3,199,Swiggy Instamart,18.52710480617241,73.8459814276696
ORD001050,2026-02-01,Protein Bar,Maharashtra,Thane,400601,1,299,Swiggy Instamart,19.20276241233984,72.98627889658025
ORD001051,2026-01-22,Coffee,Gujarat,Ahmedabad,380001,4,99,Blinkit,23.026264095260977,72.56237948445643
ORD001052,2026-04-08,Protein Bar,Delhi,New Delhi,110001,2,199,Swiggy Instamart,28.605203369187254,77.22025434784415
ORD001053,2026-02-11,Energy Drink,Maharashtra,Thane,400601,2,49,Blinkit,19.206405881071326,72.99452672953255
ORD001054,2026-03-21,Snacks,Maharashtra,Nashik,422001,4,149,Swiggy Instamart,19.996893792653523,73.78608391925609
ORD001055,2026-01-31,Energy Drink,Maharashtra,Thane,400601,2,49,Swiggy Instamart,19.21501381524251,72.98413187431082
ORD001056,2026-01-04,Shampoo,Maharashtra,Nashik,422001,4,299,Swiggy Instamart,20.00045885997886,73.77807207093929
ORD001057,2026-06-05,Shampoo,Maharashtra,Mumbai,400001,2,129,Swiggy Instamart,19.076409191753957,72.86767812544218
ORD001058,2026-04-27,Shampoo,Karnataka,Bengaluru,560001,4,79,Swiggy Instamart,12.979008243454201,77.58946786433529
ORD001059,2026-01-02,Energy Drink,Telangana,Hyderabad,500001,5,149,Swiggy Instamart,17.3827140008466,78.47675650625392
ORD001060,2026-02-23,Protein Bar,Delhi,New Delhi,110001,2,99,Zepto,28.58827666341205,77.20708972237401
ORD001061,2026-01-10,Energy Drink,Gujarat,Ahmedabad,380001,1,149,Blinkit,23.04662615421613,72.57924604287898
ORD001062,2026-01-13,Protein Bar,Maharashtra,Mumbai,400050,4,99,Zepto,19.059407396202655,72.82687109170791
ORD001063,2026-06-06,Snacks,Maharashtra,Nashik,422001,5,99,Blinkit,20.006124658928123,73.78517119115176
ORD001064,2026-04-03,Protein Bar,Telangana,Hyderabad,500001,1,149,Blinkit,17.373191871846913,78.49784321694669
ORD001065,2026-04-08,Protein Bar,Gujarat,Ahmedabad,380001,4,79,Blinkit,23.029653813154415,72.57858185725708
ORD001066,2026-02-04,Protein Bar,Karnataka,Bengaluru,560001,3,199,Swiggy Instamart,12.975984757388098,77.59479616657694
ORD001067,2026-05-15,Energy Drink,Gujarat,Surat,395003,2,49,Zepto,21.17692861235967,72.83701814133742
ORD001068,2026-06-11,Coffee,Telangana,Hyderabad,500001,1,299,Swiggy Instamart,17.381459592890593,78.48096398227104
ORD001069,2026-03-15,Shampoo,Telangana,Hyderabad,500001,5,199,Blinkit,17.38601856295262,78.50219020151495
ORD001070,2026-05-28,Coffee,Delhi,New Delhi,110001,3,99,Swiggy Instamart,28.60150892924346,77.19432474734248
ORD001071,2026-05-08,Coffee,Telangana,Hyderabad,500001,4,299,Zepto,17.386647608412368,78.48720887701856
ORD001072,2026-03-01,Snacks,Telangana,Hyderabad,500001,3,129,Zepto,17.386733416643704,78.48913953197908
ORD001073,2026-01-07,Shampoo,Maharashtra,Mumbai,400050,1,129,Swiggy Instamart,19.05736797745365,72.84439863438601
ORD001074,2026-04-16,Protein Bar,Gujarat,Surat,395003,3,199,Swiggy Instamart,21.154190960215235,72.8228150297522
ORD001075,2026-01-03,Snacks,Maharashtra,Pune,411001,2,149,Blinkit,18.51936745239851,73.84026811188846
ORD001076,2026-03-20,Face Wash,Maharashtra,Mumbai,400050,5,199,Zepto,19.05784145595568,72.84611470165727
ORD001077,2026-06-25,Face Wash,Maharashtra,Mumbai,400050,3,249,Swiggy Instamart,19.05980886488296,72.83180700905719
ORD001078,2026-06-07,Protein Bar,Telangana,Hyderabad,500001,2,129,Blinkit,17.372398352348277,78.4805363859196
ORD001079,2026-06-22,Shampoo,Gujarat,Ahmedabad,380001,4,49,Swiggy Instamart,23.01874803619676,72.56822284903244
ORD001080,2026-05-04,Energy Drink,Maharashtra,Thane,400601,4,199,Blinkit,19.231116437950035,72.98367691060724
ORD001081,2026-01-15,Coffee,Gujarat,Surat,395003,3,199,Swiggy Instamart,21.159085420430632,72.83356504778433
ORD001082,2026-01-05,Energy Drink,Delhi,New Delhi,110001,5,199,Blinkit,28.61888221748497,77.22040149038521
ORD001083,2026-02-08,Face Wash,Maharashtra,Mumbai,400050,1,199,Blinkit,19.075405406865684,72.81934905808171
ORD001084,2026-02-12,Coffee,Delhi,New Delhi,110001,5,249,Zepto,28.605791424887897,77.19642422141085
ORD001085,2026-01-30,Face Wash,Telangana,Hyderabad,500001,3,49,Blinkit,17.38265980140893,78.49136358374446
ORD001086,2026-01-23,Shampoo,Gujarat,Surat,395003,2,199,Blinkit,21.18007334516589,72.83034048976359
ORD001087,2026-02-25,Coffee,Maharashtra,Nashik,422001,3,99,Zepto,20.002701524767453,73.7812175799225
ORD001088,2026-01-10,Energy Drink,Gujarat,Ahmedabad,380001,1,299,Swiggy Instamart,23.0141485709837,72.59229538721695
ORD001089,2026-05-04,Coffee,Maharashtra,Mumbai,400001,2,129,Blinkit,19.05992338972882,72.87954740578895
ORD001090,2026-05-15,Face Wash,Karnataka,Bengaluru,560001,3,99,Zepto,12.991836062192297,77.5946679984456
ORD001091,2026-06-23,Energy Drink,Delhi,New Delhi,110001,2,49,Blinkit,28.611999609649985,77.2054255457719
ORD001092,2026-05-14,Protein Bar,Gujarat,Surat,395003,1,149,Zepto,21.168396083182376,72.84482848474677
ORD001093,2026-01-23,Face Wash,Telangana,Hyderabad,500001,4,49,Zepto,17.362881380886705,78.50203433701296
ORD001094,2026-06-18,Snacks,Delhi,New Delhi,110001,3,49,Swiggy Instamart,28.5996604284755,77.20633347670766
ORD001095,2026-06-13,Energy Drink,Maharashtra,Nashik,422001,3,129,Zepto,20.001607555797015,73.78558553269771
ORD001096,2026-03-12,Coffee,Maharashtra,Nashik,422001,3,299,Swiggy Instamart,19.989918756481163,73.78432172666082
ORD001097,2026-03-11,Energy Drink,Maharashtra,Mumbai,400050,2,149,Zepto,19.079843096232867,72.81586825995407
ORD001098,2026-06-09,Coffee,Maharashtra,Mumbai,400001,5,79,Zepto,19.077897061676104,72.87108017822204
ORD001099,2026-03-31,Coffee,Delhi,New Delhi,110001,3,149,Zepto,28.618158872061933,77.20919147777416
ORD001100,2026-05-27,Energy Drink,Maharashtra,Nashik,422001,2,79,Blinkit,19.99948513090956,73.78457872284872
ORD001101,2026-03-28,Coffee,Telangana,Hyderabad,500001,4,49,Zepto,17.403043481097868,78.48479096208273
ORD001102,2026-05-01,Snacks,Maharashtra,Mumbai,400001,1,79,Blinkit,19.083197579421483,72.8647672704213
ORD001103,2026-01-23,Shampoo,Maharashtra,Mumbai,400001,4,99,Swiggy Instamart,19.06643563623182,72.88242406277881
ORD001104,2026-06-01,Snacks,Telangana,Hyderabad,500001,4,199,Blinkit,17.399841160285362,78.49025613348786
ORD001105,2026-02-20,Snacks,Gujarat,Ahmedabad,380001,5,79,Blinkit,23.01936941969477,72.57139291405423
ORD001106,2026-02-03,Protein Bar,Telangana,Hyderabad,500001,4,79,Blinkit,17.372495922660303,78.49274515326356
ORD001107,2026-06-25,Snacks,Maharashtra,Nashik,422001,4,299,Zepto,20.014723330623234,73.77517909667168
ORD001108,2026-02-06,Coffee,Maharashtra,Pune,411001,3,199,Blinkit,18.515699578522405,73.85935878229652
ORD001109,2026-06-29,Snacks,Maharashtra,Thane,400601,3,199,Blinkit,19.213932802639594,72.97743867385374
ORD001110,2026-01-08,Protein Bar,Karnataka,Bengaluru,560001,4,79,Blinkit,12.992597217891666,77.59212974299254
ORD001111,2026-04-29,Energy Drink,Karnataka,Bengaluru,560001,3,199,Swiggy Instamart,12.968016598479789,77.58812458194365
ORD001112,2026-02-02,Coffee,Telangana,Hyderabad,500001,1,249,Swiggy Instamart,17.392441919715,78.48488775826782
ORD001113,2026-03-25,Coffee,Maharashtra,Mumbai,400050,1,149,Swiggy Instamart,19.053106269616784,72.84271304032272
ORD001114,2026-04-13,Coffee,Karnataka,Bengaluru,560001,4,129,Swiggy Instamart,12.985796030045137,77.58859576434261
ORD001115,2026-05-21,Energy Drink,Maharashtra,Pune,411001,4,249,Zepto,18.501734600486394,73.86677513689837
ORD001116,2026-02-23,Snacks,Gujarat,Ahmedabad,380001,5,249,Blinkit,23.0156537017424,72.57930625599163
ORD001117,2026-03-29,Coffee,Telangana,Hyderabad,500001,2,99,Swiggy Instamart,17.365298961822884,78.49562597338299
ORD001118,2026-05-27,Shampoo,Maharashtra,Mumbai,400050,1,299,Blinkit,19.047488280707192,72.83680764119066
ORD001119,2026-01-25,Shampoo,Delhi,New Delhi,110001,2,149,Blinkit,28.614042730678364,77.19946060580604
ORD001120,2026-06-03,Protein Bar,Maharashtra,Mumbai,400050,5,249,Blinkit,19.05552963687073,72.83636318456956
ORD001121,2026-06-15,Snacks,Karnataka,Bengaluru,560001,1,79,Zepto,12.972658944531153,77.60044412980473
ORD001122,2026-05-29,Snacks,Maharashtra,Thane,400601,1,99,Swiggy Instamart,19.238064405845154,72.96245758388288
ORD001123,2026-04-26,Coffee,Maharashtra,Thane,400601,3,249,Swiggy Instamart,19.234472125749686,72.97914355937523
ORD001124,2026-04-25,Energy Drink,Telangana,Hyderabad,500001,2,199,Blinkit,17.37601215951677,78.47339686374261
ORD001125,2026-06-23,Face Wash,Telangana,Hyderabad,500001,4,199,Zepto,17.38310879609223,78.49591650111924
ORD001126,2026-01-03,Coffee,Telangana,Hyderabad,500001,5,249,Zepto,17.383724508796227,78.50181154930247
ORD001127,2026-01-16,Face Wash,Maharashtra,Nashik,422001,5,49,Zepto,19.991388243099486,73.77957911052154
ORD001128,2026-04-02,Protein Bar,Delhi,New Delhi,110001,3,49,Zepto,28.60137606555587,77.21263631882626
ORD001129,2026-06-29,Coffee,Gujarat,Surat,395003,4,199,Swiggy Instamart,21.179068873900974,72.82689238206319
ORD001130,2026-04-14,Shampoo,Gujarat,Surat,395003,4,129,Swiggy Instamart,21.14415786143373,72.83308948146797
ORD001131,2026-05-02,Energy Drink,Maharashtra,Thane,400601,2,249,Blinkit,19.222667385517333,72.98214294754962
ORD001132,2026-02-09,Face Wash,Gujarat,Surat,395003,2,99,Zepto,21.182557821918223,72.82038946320351
ORD001133,2026-06-15,Protein Bar,Maharashtra,Mumbai,400050,2,299,Swiggy Instamart,19.066402161054505,72.84142507512477
ORD001134,2026-02-04,Protein Bar,Gujarat,Surat,395003,2,249,Blinkit,21.152414124159936,72.8342965182592
ORD001135,2026-04-19,Coffee,Telangana,Hyderabad,500001,2,299,Swiggy Instamart,17.379958201689924,78.48588477326898
ORD001136,2026-05-22,Shampoo,Gujarat,Surat,395003,4,199,Zepto,21.173676764835385,72.82622771435886
ORD001137,2026-04-19,Coffee,Maharashtra,Thane,400601,1,299,Swiggy Instamart,19.211542919208384,72.97844152417488
ORD001138,2026-05-09,Face Wash,Maharashtra,Pune,411001,4,199,Zepto,18.50952754061137,73.84584174871115
ORD001139,2026-05-26,Shampoo,Maharashtra,Mumbai,400001,3,79,Swiggy Instamart,19.082793732829565,72.86621205964842
ORD001140,2026-06-26,Protein Bar,Karnataka,Bengaluru,560001,2,149,Blinkit,12.978263125009093,77.59922591292855
ORD001141,2026-01-21,Coffee,Delhi,New Delhi,110001,5,79,Zepto,28.596641932712096,77.20222435347665
ORD001142,2026-06-11,Snacks,Karnataka,Bengaluru,560001,1,149,Swiggy Instamart,12.983541094030475,77.5847883446886
ORD001143,2026-03-29,Coffee,Maharashtra,Mumbai,400001,1,299,Blinkit,19.071355957376905,72.88232060893252
ORD001144,2026-05-01,Coffee,Delhi,New Delhi,110001,3,249,Blinkit,28.621733905092828,77.20648461113956
ORD001145,2026-03-16,Energy Drink,Maharashtra,Nashik,422001,1,149,Swiggy Instamart,19.999924898053084,73.793923698617
ORD001146,2026-03-08,Protein Bar,Telangana,Hyderabad,500001,4,99,Swiggy Instamart,17.402388996637978,78.49648858050782
ORD001147,2026-06-18,Face Wash,Maharashtra,Mumbai,400001,5,49,Blinkit,19.07685318142565,72.8696173427836
ORD001148,2026-01-22,Energy Drink,Karnataka,Bengaluru,560001,5,79,Blinkit,12.963295555934435,77.59982514105266
ORD001149,2026-02-03,Coffee,Maharashtra,Nashik,422001,3,149,Blinkit,20.010083982208887,73.79371598592947
ORD001150,2026-01-29,Coffee,Maharashtra,Mumbai,400001,2,99,Swiggy Instamart,19.082504500925364,72.86266919698241
ORD001151,2026-04-05,Energy Drink,Karnataka,Bengaluru,560001,3,129,Blinkit,12.98211947617723,77.58461939372685
ORD001152,2026-05-16,Protein Bar,Maharashtra,Thane,400601,3,79,Zepto,19.214460287280478,72.98060200206251
ORD001153,2026-02-09,Shampoo,Telangana,Hyderabad,500001,4,249,Zepto,17.404956674897843,78.51779918556005
ORD001154,2026-06-13,Energy Drink,Karnataka,Bengaluru,560001,2,199,Zepto,12.977667230591361,77.5927680338128
ORD001155,2026-01-30,Protein Bar,Maharashtra,Nashik,422001,2,299,Blinkit,20.011245056484807,73.78857655425874
ORD001156,2026-03-19,Shampoo,Karnataka,Bengaluru,560001,5,129,Blinkit,12.96839332374443,77.61255211355912
ORD001157,2026-05-02,Face Wash,Gujarat,Surat,395003,2,249,Zepto,21.172500707591915,72.83607743089092
ORD001158,2026-04-25,Shampoo,Maharashtra,Nashik,422001,3,49,Zepto,20.012559242520545,73.78391586610616
ORD001159,2026-06-13,Face Wash,Delhi,New Delhi,110001,4,149,Blinkit,28.622289405004697,77.20282746813453
ORD001160,2026-03-10,Protein Bar,Maharashtra,Nashik,422001,3,249,Blinkit,20.00031698246054,73.76869845767028
ORD001161,2026-06-22,Coffee,Maharashtra,Pune,411001,2,199,Swiggy Instamart,18.5247950123062,73.86448936503513
ORD001162,2026-03-22,Coffee,Maharashtra,Thane,400601,1,49,Zepto,19.22287772866152,72.99484492433348
ORD001163,2026-04-16,Protein Bar,Maharashtra,Mumbai,400001,5,79,Swiggy Instamart,19.07594403981171,72.88438741655592
ORD001164,2026-03-31,Energy Drink,Karnataka,Bengaluru,560001,3,149,Zepto,12.960682991238608,77.59072900297525
ORD001165,2026-01-07,Coffee,Maharashtra,Mumbai,400001,1,49,Swiggy Instamart,19.082955377575658,72.88619102110744
ORD001166,2026-06-03,Snacks,Maharashtra,Pune,411001,1,79,Zepto,18.517460330523356,73.85598400748142
ORD001167,2026-02-03,Shampoo,Telangana,Hyderabad,500001,5,99,Zepto,17.369821262533193,78.48312970799194
ORD001168,2026-03-06,Face Wash,Maharashtra,Thane,400601,4,79,Swiggy Instamart,19.227203831635197,72.98385205016106
ORD001169,2026-03-12,Shampoo,Karnataka,Bengaluru,560001,3,149,Zepto,12.976606657213813,77.59509773687181
ORD001170,2026-03-12,Protein Bar,Maharashtra,Mumbai,400050,4,249,Blinkit,19.059670631586282,72.82289678860526
ORD001171,2026-03-08,Face Wash,Maharashtra,Mumbai,400001,2,299,Zepto,19.082988284202028,72.8819097294439
ORD001172,2026-02-21,Coffee,Karnataka,Bengaluru,560001,4,99,Swiggy Instamart,12.97652018847993,77.58933965157333
ORD001173,2026-01-28,Energy Drink,Karnataka,Bengaluru,560001,5,249,Zepto,12.950066570801289,77.60557152711753
ORD001174,2026-06-14,Protein Bar,Telangana,Hyderabad,500001,4,149,Zepto,17.380211625439916,78.47807224235957
ORD001175,2026-01-19,Protein Bar,Maharashtra,Mumbai,400001,5,149,Blinkit,19.08293478911914,72.87377987360081
ORD001176,2026-05-08,Energy Drink,Maharashtra,Mumbai,400001,1,49,Swiggy Instamart,19.086599363840467,72.88387005949578
ORD001177,2026-03-10,Energy Drink,Gujarat,Surat,395003,3,249,Swiggy Instamart,21.177035693232007,72.817440442888
ORD001178,2026-05-12,Snacks,Maharashtra,Mumbai,400001,4,299,Blinkit,19.088119439853866,72.88031250531235
ORD001179,2026-01-18,Coffee,Gujarat,Surat,395003,2,49,Blinkit,21.16650722860754,72.83253388467342
ORD001180,2026-02-01,Coffee,Karnataka,Bengaluru,560001,5,199,Blinkit,12.953837647671017,77.59868652811481
ORD001181,2026-04-13,Protein Bar,Maharashtra,Nashik,422001,1,199,Swiggy Instamart,19.99560628491818,73.76617329714156
ORD001182,2026-01-21,Shampoo,Gujarat,Ahmedabad,380001,3,129,Zepto,23.007276408137823,72.58252688374989
ORD001183,2026-01-11,Shampoo,Delhi,New Delhi,110001,2,149,Swiggy Instamart,28.607607366063075,77.22433727709917
ORD001184,2026-01-28,Snacks,Gujarat,Surat,395003,3,299,Zepto,21.164841985369478,72.81402642042407
ORD001185,2026-02-18,Energy Drink,Karnataka,Bengaluru,560001,1,129,Zepto,12.960434755600513,77.60695811620008
ORD001186,2026-03-03,Shampoo,Telangana,Hyderabad,500001,4,79,Swiggy Instamart,17.383441018220633,78.4812171270351
ORD001187,2026-05-08,Coffee,Maharashtra,Nashik,422001,4,49,Zepto,20.00750018225853,73.78471782736167
ORD001188,2026-01-15,Face Wash,Gujarat,Ahmedabad,380001,1,249,Zepto,23.033673988159027,72.58588499229893
ORD001189,2026-06-17,Snacks,Maharashtra,Pune,411001,5,299,Swiggy Instamart,18.516802313542108,73.84343952313918
ORD001190,2026-02-08,Snacks,Delhi,New Delhi,110001,5,129,Zepto,28.60976534838877,77.21160280506584
ORD001191,2026-02-06,Shampoo,Maharashtra,Mumbai,400001,1,299,Swiggy Instamart,19.066362410737895,72.86812849085105
ORD001192,2026-03-04,Snacks,Maharashtra,Mumbai,400001,2,49,Zepto,19.0794378788155,72.8772134764843
ORD001193,2026-03-20,Protein Bar,Maharashtra,Mumbai,400001,4,99,Swiggy Instamart,19.076327969954118,72.870115046653
ORD001194,2026-01-28,Protein Bar,Maharashtra,Mumbai,400050,4,129,Zepto,19.05729599285794,72.82025766855732
ORD001195,2026-04-20,Face Wash,Maharashtra,Pune,411001,4,199,Zepto,18.529301984111246,73.86705249334724
ORD001196,2026-05-20,Energy Drink,Telangana,Hyderabad,500001,3,129,Zepto,17.36653812137762,78.47740489139808
ORD001197,2026-02-14,Face Wash,Telangana,Hyderabad,500001,1,79,Blinkit,17.3700347074491,78.48019976065594
ORD001198,2026-04-17,Energy Drink,Maharashtra,Thane,400601,3,99,Blinkit,19.217465620302097,72.96360354780302
ORD001199,2026-05-29,Protein Bar,Maharashtra,Pune,411001,2,79,Swiggy Instamart,18.511181401868747,73.84666042627919
ORD001200,2026-04-07,Energy Drink,Telangana,Hyderabad,500001,1,299,Zepto,17.38707267329399,78.48739344337037
ORD001201,2026-01-02,Energy Drink,Maharashtra,Mumbai,400001,1,149,Blinkit,19.06878262446663,72.87946820872139
ORD001202,2026-06-27,Energy Drink,Karnataka,Bengaluru,560001,2,99,Swiggy Instamart,12.966133199154127,77.59188344889674
ORD001203,2026-05-14,Shampoo,Maharashtra,Nashik,422001,4,129,Zepto,20.022634520902987,73.79310461051791
ORD001204,2026-06-27,Protein Bar,Telangana,Hyderabad,500001,5,99,Swiggy Instamart,17.372004187630726,78.4949973241788
ORD001205,2026-06-06,Protein Bar,Karnataka,Bengaluru,560001,3,199,Blinkit,12.979713965544917,77.58311736711248
ORD001206,2026-05-23,Energy Drink,Maharashtra,Mumbai,400001,2,79,Swiggy Instamart,19.08418777643755,72.89307931918412
ORD001207,2026-06-08,Face Wash,Maharashtra,Mumbai,400050,5,129,Blinkit,19.048374551937556,72.82032497178986
ORD001208,2026-03-12,Protein Bar,Maharashtra,Pune,411001,2,79,Zepto,18.530576614668433,73.85941495310826
ORD001209,2026-05-08,Energy Drink,Karnataka,Bengaluru,560001,2,49,Zepto,12.977114762752395,77.59800589216401
ORD001210,2026-03-14,Energy Drink,Gujarat,Ahmedabad,380001,4,149,Blinkit,23.026406959209282,72.55813527871689
ORD001211,2026-04-27,Protein Bar,Telangana,Hyderabad,500001,1,49,Swiggy Instamart,17.395473177066215,78.49839589992428
ORD001212,2026-02-10,Protein Bar,Maharashtra,Thane,400601,4,79,Zepto,19.21600609255932,72.97766523050186
ORD001213,2026-04-24,Coffee,Maharashtra,Pune,411001,5,199,Blinkit,18.50508892497444,73.86184254756019
ORD001214,2026-06-23,Face Wash,Maharashtra,Pune,411001,2,79,Blinkit,18.52612057441714,73.85607808983
ORD001215,2026-01-26,Energy Drink,Maharashtra,Pune,411001,4,129,Blinkit,18.531643533598704,73.8533592276902
ORD001216,2026-01-19,Shampoo,Maharashtra,Pune,411001,5,299,Zepto,18.526046059258935,73.84650335661308
ORD001217,2026-02-07,Energy Drink,Gujarat,Surat,395003,5,299,Zepto,21.16996447849126,72.82935645742097
ORD001218,2026-04-06,Energy Drink,Gujarat,Surat,395003,4,129,Swiggy Instamart,21.17245307922041,72.82740473071168
ORD001219,2026-03-11,Energy Drink,Gujarat,Ahmedabad,380001,3,99,Zepto,23.021185274043283,72.57966047171442
ORD001220,2026-01-16,Face Wash,Telangana,Hyderabad,500001,2,79,Blinkit,17.38063235762762,78.47063422899261
ORD001221,2026-04-18,Energy Drink,Karnataka,Bengaluru,560001,3,129,Blinkit,12.989095839042054,77.60841454078691
ORD001222,2026-02-10,Snacks,Telangana,Hyderabad,500001,5,99,Swiggy Instamart,17.372077373048946,78.49359707805245
ORD001223,2026-02-28,Protein Bar,Delhi,New Delhi,110001,4,299,Zepto,28.608870252294487,77.21163487215331
ORD001224,2026-05-02,Shampoo,Telangana,Hyderabad,500001,3,49,Swiggy Instamart,17.387942241290137,78.48435592199684
ORD001225,2026-03-05,Energy Drink,Gujarat,Surat,395003,3,249,Swiggy Instamart,21.16236234334414,72.82419458947685
ORD001226,2026-06-01,Energy Drink,Maharashtra,Pune,411001,5,49,Blinkit,18.511238080845185,73.8483817779177
ORD001227,2026-01-11,Shampoo,Maharashtra,Mumbai,400001,5,49,Blinkit,19.075328217099507,72.8705424001089
ORD001228,2026-04-11,Shampoo,Delhi,New Delhi,110001,1,299,Blinkit,28.620720520657127,77.22387246155336
ORD001229,2026-01-22,Coffee,Maharashtra,Pune,411001,1,249,Zepto,18.514599467586297,73.85909404500536
ORD001230,2026-04-02,Face Wash,Maharashtra,Thane,400601,2,79,Zepto,19.22329685110303,72.98282002270919
ORD001231,2026-06-21,Face Wash,Karnataka,Bengaluru,560001,2,299,Swiggy Instamart,12.972359552679162,77.6020268241836
ORD001232,2026-01-07,Shampoo,Telangana,Hyderabad,500001,4,99,Swiggy Instamart,17.389822489526807,78.47432337577672
ORD001233,2026-02-17,Face Wash,Gujarat,Surat,395003,4,49,Swiggy Instamart,21.178891560643894,72.83997290837267
ORD001234,2026-04-09,Snacks,Maharashtra,Mumbai,400050,3,49,Blinkit,19.051967138958215,72.82987937835448
ORD001235,2026-03-11,Snacks,Gujarat,Surat,395003,5,129,Swiggy Instamart,21.17703328992811,72.82900686180422
ORD001236,2026-06-08,Face Wash,Maharashtra,Mumbai,400050,1,199,Zepto,19.07032978047766,72.85313872494619
ORD001237,2026-04-09,Face Wash,Maharashtra,Mumbai,400050,4,49,Blinkit,19.05174013967365,72.81568955396845
ORD001238,2026-02-14,Snacks,Gujarat,Ahmedabad,380001,5,79,Swiggy Instamart,23.025538185956048,72.57861562505126
ORD001239,2026-02-05,Face Wash,Maharashtra,Pune,411001,2,79,Swiggy Instamart,18.518091336261552,73.87123260663321
ORD001240,2026-05-29,Snacks,Karnataka,Bengaluru,560001,2,129,Blinkit,12.958213942002768,77.60152918623032
ORD001241,2026-03-10,Coffee,Gujarat,Ahmedabad,380001,4,149,Zepto,23.016441391792412,72.58859377906207
ORD001242,2026-04-06,Face Wash,Maharashtra,Mumbai,400050,4,299,Swiggy Instamart,19.07952515353168,72.82183343412217
ORD001243,2026-02-01,Shampoo,Delhi,New Delhi,110001,5,149,Blinkit,28.608404428640917,77.2175958788698
ORD001244,2026-04-05,Snacks,Telangana,Hyderabad,500001,1,129,Blinkit,17.381128693502106,78.48624588782067
ORD001245,2026-01-21,Shampoo,Maharashtra,Mumbai,400050,2,149,Zepto,19.059853884205424,72.81030326843802
ORD001246,2026-02-12,Face Wash,Maharashtra,Mumbai,400050,1,99,Blinkit,19.059461622539057,72.82260272225935
ORD001247,2026-02-22,Coffee,Maharashtra,Thane,400601,1,149,Blinkit,19.213368771776,72.99253632003469
ORD001248,2026-02-03,Shampoo,Delhi,New Delhi,110001,3,249,Blinkit,28.60133493105721,77.21713205186748
ORD001249,2026-03-16,Energy Drink,Maharashtra,Mumbai,400001,1,49,Zepto,19.073210370696682,72.87490239831504
ORD001250,2026-06-15,Face Wash,Delhi,New Delhi,110001,4,199,Swiggy Instamart,28.621803718960518,77.21240051294569
ORD001251,2026-05-05,Coffee,Gujarat,Ahmedabad,380001,5,299,Blinkit,23.028206129972197,72.58108184660533
ORD001252,2026-05-26,Energy Drink,Maharashtra,Nashik,422001,3,99,Blinkit,20.002586916168166,73.77357763265493
ORD001253,2026-05-04,Face Wash,Maharashtra,Pune,411001,3,49,Zepto,18.50954849473442,73.84844589470022
ORD001254,2026-03-14,Shampoo,Gujarat,Ahmedabad,380001,2,99,Swiggy Instamart,23.051990944253088,72.58384679580736
ORD001255,2026-03-15,Energy Drink,Delhi,New Delhi,110001,2,99,Zepto,28.60038925633792,77.19577542043257
ORD001256,2026-01-30,Protein Bar,Maharashtra,Pune,411001,3,99,Blinkit,18.525218660617185,73.86217264797378
ORD001257,2026-04-05,Energy Drink,Maharashtra,Nashik,422001,2,49,Swiggy Instamart,20.011388838353174,73.77715044206447
ORD001258,2026-03-30,Energy Drink,Gujarat,Ahmedabad,380001,3,299,Swiggy Instamart,23.02124545739997,72.5746787952416
ORD001259,2026-05-17,Face Wash,Maharashtra,Thane,400601,1,49,Blinkit,19.21915893006293,72.95590699627252
ORD001260,2026-02-07,Shampoo,Karnataka,Bengaluru,560001,3,99,Zepto,12.96930200369425,77.5860859356574
ORD001261,2026-05-10,Face Wash,Delhi,New Delhi,110001,3,299,Blinkit,28.615652114189086,77.23885259002604
ORD001262,2026-06-20,Energy Drink,Telangana,Hyderabad,500001,5,299,Blinkit,17.388674816654746,78.48356470313827
ORD001263,2026-05-03,Protein Bar,Maharashtra,Mumbai,400050,2,79,Blinkit,19.068818015019772,72.83432687887209
ORD001264,2026-04-13,Coffee,Maharashtra,Mumbai,400001,2,299,Blinkit,19.08020094490452,72.88376850593217
ORD001265,2026-03-25,Protein Bar,Maharashtra,Mumbai,400050,5,129,Swiggy Instamart,19.080165435648293,72.81819111564674
ORD001266,2026-02-26,Face Wash,Delhi,New Delhi,110001,2,49,Zepto,28.618636320768115,77.19973618870019
ORD001267,2026-04-25,Snacks,Delhi,New Delhi,110001,1,249,Zepto,28.619455126463425,77.19981313488515
ORD001268,2026-03-23,Coffee,Karnataka,Bengaluru,560001,5,49,Swiggy Instamart,12.96742633186395,77.59164910085762
ORD001269,2026-04-12,Energy Drink,Gujarat,Ahmedabad,380001,4,199,Blinkit,23.032258167193447,72.58058454443942
ORD001270,2026-01-04,Face Wash,Gujarat,Ahmedabad,380001,3,199,Blinkit,23.010042826235537,72.57194934111
ORD001271,2026-05-24,Protein Bar,Karnataka,Bengaluru,560001,2,299,Swiggy Instamart,12.96450420145251,77.58201495089325
ORD001272,2026-04-24,Face Wash,Gujarat,Surat,395003,2,249,Swiggy Instamart,21.168029829495758,72.82801517211544
ORD001273,2026-02-05,Coffee,Gujarat,Surat,395003,5,79,Zepto,21.194467164863457,72.83542959825361
ORD001274,2026-03-19,Shampoo,Maharashtra,Pune,411001,5,199,Zepto,18.506623824992456,73.8510522599583
ORD001275,2026-04-07,Protein Bar,Telangana,Hyderabad,500001,1,249,Swiggy Instamart,17.395213832954294,78.5075844277287
ORD001276,2026-04-17,Energy Drink,Maharashtra,Nashik,422001,5,299,Swiggy Instamart,19.99004016687762,73.76090075614862
ORD001277,2026-02-05,Energy Drink,Telangana,Hyderabad,500001,2,249,Blinkit,17.40370965175372,78.49059614177371
ORD001278,2026-05-06,Protein Bar,Delhi,New Delhi,110001,3,149,Blinkit,28.60521707268124,77.21434629086123
ORD001279,2026-04-29,Energy Drink,Delhi,New Delhi,110001,1,49,Zepto,28.587542522609834,77.20903375506597
ORD001280,2026-03-18,Snacks,Maharashtra,Nashik,422001,4,79,Swiggy Instamart,20.009178211728432,73.78894270139538
ORD001281,2026-04-17,Energy Drink,Maharashtra,Nashik,422001,4,129,Zepto,19.995761040477074,73.78055687161404
ORD001282,2026-03-12,Shampoo,Maharashtra,Mumbai,400050,1,199,Swiggy Instamart,19.050345753739403,72.83205383755674
ORD001283,2026-05-25,Shampoo,Karnataka,Bengaluru,560001,3,299,Swiggy Instamart,12.96264653677637,77.59051899160839
ORD001284,2026-04-06,Coffee,Maharashtra,Mumbai,400050,5,49,Blinkit,19.049641846052097,72.83601136241823
ORD001285,2026-05-29,Protein Bar,Maharashtra,Thane,400601,2,199,Blinkit,19.226884511166567,72.97575379430042
ORD001286,2026-04-02,Energy Drink,Maharashtra,Thane,400601,1,149,Blinkit,19.2186823799496,72.96361408585366
ORD001287,2026-06-12,Face Wash,Gujarat,Surat,395003,1,149,Blinkit,21.167203233519935,72.8305979538296
ORD001288,2026-06-13,Protein Bar,Delhi,New Delhi,110001,5,129,Swiggy Instamart,28.6401079309103,77.19788032974226
ORD001289,2026-01-25,Coffee,Maharashtra,Thane,400601,2,199,Blinkit,19.232941772387523,72.98806858773466
ORD001290,2026-03-11,Snacks,Maharashtra,Nashik,422001,3,79,Swiggy Instamart,20.0087063640449,73.79728620484195
ORD001291,2026-04-01,Energy Drink,Telangana,Hyderabad,500001,1,99,Swiggy Instamart,17.38872105472607,78.49059159195667
ORD001292,2026-04-06,Shampoo,Maharashtra,Nashik,422001,4,199,Zepto,20.005368793469824,73.7919356888242
ORD001293,2026-02-25,Energy Drink,Maharashtra,Mumbai,400050,5,129,Zepto,19.07056469233811,72.82324322712503
ORD001294,2026-06-07,Snacks,Delhi,New Delhi,110001,5,79,Blinkit,28.600707528054013,77.20697019362605
ORD001295,2026-01-20,Protein Bar,Karnataka,Bengaluru,560001,2,49,Blinkit,12.963599614356024,77.59396475425385
ORD001296,2026-03-21,Snacks,Gujarat,Ahmedabad,380001,3,99,Blinkit,23.034874381346842,72.56682698344913
ORD001297,2026-05-14,Face Wash,Telangana,Hyderabad,500001,2,149,Zepto,17.384571766186887,78.48728022734808
ORD001298,2026-02-26,Energy Drink,Maharashtra,Mumbai,400050,2,129,Blinkit,19.06808430882205,72.80703110666015
ORD001299,2026-02-23,Energy Drink,Maharashtra,Thane,400601,1,249,Swiggy Instamart,19.212232997052347,72.98021283692279
ORD001300,2026-01-20,Protein Bar,Maharashtra,Mumbai,400050,4,249,Zepto,19.07160078956427,72.82458097552494
ORD001301,2026-01-28,Protein Bar,Maharashtra,Pune,411001,5,49,Blinkit,18.50163447293958,73.86289711445967
ORD001302,2026-03-06,Protein Bar,Maharashtra,Mumbai,400050,1,149,Swiggy Instamart,19.053246376111744,72.8176033334091
ORD001303,2026-01-25,Protein Bar,Maharashtra,Mumbai,400001,5,129,Swiggy Instamart,19.06975654610287,72.87585474642344
ORD001304,2026-02-17,Snacks,Maharashtra,Pune,411001,3,49,Zepto,18.514352553354616,73.83464433942902
ORD001305,2026-03-13,Coffee,Maharashtra,Thane,400601,3,199,Zepto,19.22727066196887,72.99084875041278
ORD001306,2026-06-06,Energy Drink,Delhi,New Delhi,110001,5,79,Zepto,28.620415219913397,77.19762314329576
ORD001307,2026-01-04,Coffee,Telangana,Hyderabad,500001,2,129,Blinkit,17.382985084660525,78.4866347868477
ORD001308,2026-05-18,Protein Bar,Maharashtra,Thane,400601,1,129,Swiggy Instamart,19.224287943895618,72.98478340488718
ORD001309,2026-04-04,Snacks,Karnataka,Bengaluru,560001,5,99,Blinkit,12.964258262012216,77.59541995556414
ORD001310,2026-02-16,Face Wash,Maharashtra,Mumbai,400050,4,249,Zepto,19.06417280404615,72.84405822322147
ORD001311,2026-02-28,Shampoo,Delhi,New Delhi,110001,1,199,Zepto,28.62094506539825,77.21689056687376
ORD001312,2026-01-29,Coffee,Karnataka,Bengaluru,560001,2,299,Blinkit,12.972438266279294,77.60870459145204
ORD001313,2026-05-23,Snacks,Maharashtra,Nashik,422001,1,79,Blinkit,20.009997627959596,73.77108912089827
ORD001314,2026-01-30,Shampoo,Karnataka,Bengaluru,560001,3,299,Swiggy Instamart,12.985633699701252,77.6015790327254
ORD001315,2026-06-25,Shampoo,Maharashtra,Nashik,422001,2,249,Blinkit,20.001469559788717,73.77490507032601
ORD001316,2026-02-18,Protein Bar,Gujarat,Surat,395003,4,199,Zepto,21.173165755451407,72.83573184795269
ORD001317,2026-06-22,Shampoo,Maharashtra,Mumbai,400001,1,249,Blinkit,19.07797292265631,72.88081308673443
ORD001318,2026-06-18,Snacks,Delhi,New Delhi,110001,1,79,Zepto,28.630899573745765,77.21971543152235
ORD001319,2026-04-13,Snacks,Gujarat,Surat,395003,5,79,Swiggy Instamart,21.17210635591265,72.84051310580769
ORD001320,2026-01-17,Face Wash,Maharashtra,Thane,400601,2,199,Zepto,19.207974760964724,72.98207927049947
ORD001321,2026-04-14,Protein Bar,Telangana,Hyderabad,500001,2,249,Swiggy Instamart,17.403093063497334,78.48451954104607
ORD001322,2026-03-13,Snacks,Karnataka,Bengaluru,560001,5,149,Swiggy Instamart,12.96312366071381,77.58807911111407
ORD001323,2026-04-02,Shampoo,Gujarat,Surat,395003,5,249,Blinkit,21.159303669626578,72.82325238091873
ORD001324,2026-03-13,Energy Drink,Delhi,New Delhi,110001,4,79,Zepto,28.610194919014102,77.19494432980822
ORD001325,2026-05-06,Shampoo,Maharashtra,Nashik,422001,2,99,Zepto,20.006056183339496,73.78872277173787
ORD001326,2026-01-14,Protein Bar,Maharashtra,Mumbai,400050,4,49,Zepto,19.05052243819853,72.84469283923642
ORD001327,2026-06-04,Snacks,Gujarat,Surat,395003,3,99,Blinkit,21.175307920885277,72.84140580585624
ORD001328,2026-06-09,Protein Bar,Telangana,Hyderabad,500001,1,299,Blinkit,17.37842165446148,78.49524525227066
ORD001329,2026-03-17,Snacks,Maharashtra,Pune,411001,4,299,Swiggy Instamart,18.509480660996047,73.86560247500837
ORD001330,2026-05-19,Face Wash,Maharashtra,Nashik,422001,5,49,Zepto,20.007618393397937,73.78523251219985
ORD001331,2026-01-31,Shampoo,Gujarat,Surat,395003,4,199,Blinkit,21.158444053943754,72.82214930157724
ORD001332,2026-04-28,Protein Bar,Karnataka,Bengaluru,560001,1,99,Swiggy Instamart,12.977572282182534,77.58511651995775
ORD001333,2026-02-12,Shampoo,Maharashtra,Nashik,422001,4,99,Blinkit,20.01053206292099,73.7660286219354
ORD001334,2026-05-05,Protein Bar,Gujarat,Surat,395003,5,299,Swiggy Instamart,21.178681742126667,72.81877476685231
ORD001335,2026-06-25,Coffee,Delhi,New Delhi,110001,5,299,Blinkit,28.619422999376795,77.21525630933647
ORD001336,2026-02-10,Coffee,Delhi,New Delhi,110001,1,249,Blinkit,28.606932281815705,77.21482026567085
ORD001337,2026-06-01,Shampoo,Karnataka,Bengaluru,560001,5,199,Blinkit,12.974204422633337,77.58921158143808
ORD001338,2026-01-16,Protein Bar,Gujarat,Ahmedabad,380001,5,49,Zepto,23.012414453159238,72.55177374308327
ORD001339,2026-03-31,Snacks,Gujarat,Ahmedabad,380001,5,49,Swiggy Instamart,23.025996500473,72.55575197228637
ORD001340,2026-04-08,Protein Bar,Gujarat,Ahmedabad,380001,4,199,Blinkit,23.023453441994413,72.56876551783917
ORD001341,2026-03-31,Protein Bar,Gujarat,Surat,395003,2,129,Zepto,21.176991427754384,72.82807954500511
ORD001342,2026-06-01,Protein Bar,Maharashtra,Nashik,422001,1,149,Zepto,20.00260552213653,73.78701870704289
ORD001343,2026-02-13,Protein Bar,Gujarat,Ahmedabad,380001,5,199,Zepto,23.025850580290843,72.57456155957182
ORD001344,2026-06-18,Shampoo,Karnataka,Bengaluru,560001,5,249,Blinkit,12.976292675898085,77.57924427876793
ORD001345,2026-06-28,Shampoo,Maharashtra,Mumbai,400001,5,49,Blinkit,19.08356788679987,72.88382468794013
ORD001346,2026-05-27,Shampoo,Gujarat,Surat,395003,3,79,Blinkit,21.160033168714236,72.82865919526327
ORD001347,2026-06-26,Snacks,Maharashtra,Mumbai,400050,2,199,Blinkit,19.059206927123725,72.82815503215598
ORD001348,2026-06-20,Face Wash,Delhi,New Delhi,110001,2,149,Blinkit,28.617238599665686,77.22331366781832
ORD001349,2026-02-21,Shampoo,Gujarat,Surat,395003,1,129,Blinkit,21.18101766727673,72.81797780806569
ORD001350,2026-01-13,Face Wash,Maharashtra,Nashik,422001,5,249,Zepto,20.01212069990306,73.79298933319537
ORD001351,2026-01-24,Snacks,Telangana,Hyderabad,500001,5,79,Swiggy Instamart,17.388868085206894,78.49760980425187
ORD001352,2026-03-11,Protein Bar,Gujarat,Ahmedabad,380001,5,299,Blinkit,23.04262270445701,72.58163709546106
ORD001353,2026-03-30,Protein Bar,Maharashtra,Pune,411001,3,149,Blinkit,18.522893085956415,73.86715088474085
ORD001354,2026-03-22,Energy Drink,Delhi,New Delhi,110001,4,249,Blinkit,28.61534887833097,77.20923903043285
ORD001355,2026-05-12,Shampoo,Telangana,Hyderabad,500001,5,99,Zepto,17.381485857642865,78.50233413358832
ORD001356,2026-02-17,Coffee,Delhi,New Delhi,110001,4,129,Swiggy Instamart,28.60571571334058,77.22432367724679
ORD001357,2026-03-10,Snacks,Karnataka,Bengaluru,560001,5,249,Swiggy Instamart,12.976598641237404,77.58060693825198
ORD001358,2026-05-14,Energy Drink,Maharashtra,Mumbai,400001,3,299,Zepto,19.079676492929913,72.85669973492348
ORD001359,2026-02-08,Snacks,Maharashtra,Pune,411001,3,249,Blinkit,18.526655080168307,73.8655523148299
ORD001360,2026-01-17,Snacks,Gujarat,Ahmedabad,380001,2,249,Blinkit,23.01657644044348,72.57263547695955
ORD001361,2026-06-15,Energy Drink,Maharashtra,Nashik,422001,3,129,Blinkit,20.025441574337503,73.77464253295739
ORD001362,2026-01-30,Energy Drink,Maharashtra,Pune,411001,2,49,Zepto,18.509810924129432,73.87151663402463
ORD001363,2026-04-29,Shampoo,Maharashtra,Nashik,422001,5,249,Blinkit,20.02552587190531,73.77973695671848
ORD001364,2026-02-21,Energy Drink,Maharashtra,Mumbai,400001,3,99,Zepto,19.086114630354086,72.89111475915531
ORD001365,2026-03-13,Snacks,Maharashtra,Nashik,422001,5,99,Swiggy Instamart,19.998475157674616,73.77484694164633
ORD001366,2026-05-05,Protein Bar,Maharashtra,Mumbai,400001,1,79,Blinkit,19.08830874513155,72.8945501427871
ORD001367,2026-03-18,Protein Bar,Telangana,Hyderabad,500001,4,199,Swiggy Instamart,17.390628808601747,78.47790185646498
ORD001368,2026-04-12,Snacks,Maharashtra,Mumbai,400050,2,129,Zepto,19.079470611116996,72.82419029102188
ORD001369,2026-05-09,Protein Bar,Telangana,Hyderabad,500001,5,149,Blinkit,17.381648622188287,78.49012337834489
ORD001370,2026-03-02,Coffee,Maharashtra,Mumbai,400050,1,199,Blinkit,19.075141604207147,72.83803975976552
ORD001371,2026-04-10,Snacks,Telangana,Hyderabad,500001,2,249,Zepto,17.38914865500362,78.49133288530118
ORD001372,2026-01-28,Energy Drink,Maharashtra,Thane,400601,2,149,Blinkit,19.218735146686434,72.98368139514518
ORD001373,2026-03-07,Coffee,Gujarat,Surat,395003,1,299,Swiggy Instamart,21.14490439922306,72.8281339254093
ORD001374,2026-06-29,Protein Bar,Gujarat,Ahmedabad,380001,3,249,Blinkit,23.02491321934917,72.5598898591638
ORD001375,2026-03-13,Energy Drink,Maharashtra,Pune,411001,3,299,Swiggy Instamart,18.524263233178115,73.85465528779014
ORD001376,2026-03-20,Protein Bar,Gujarat,Ahmedabad,380001,5,49,Swiggy Instamart,23.040054756983157,72.58713019725215
ORD001377,2026-06-26,Snacks,Maharashtra,Mumbai,400001,2,149,Swiggy Instamart,19.07134194430882,72.87619162288433
ORD001378,2026-03-21,Snacks,Gujarat,Surat,395003,3,79,Swiggy Instamart,21.16946052434392,72.82658340523841
ORD001379,2026-04-24,Shampoo,Maharashtra,Pune,411001,1,249,Blinkit,18.52235024984028,73.84911717931112
ORD001380,2026-01-24,Energy Drink,Maharashtra,Nashik,422001,3,129,Zepto,19.994593846650623,73.78592711223901
ORD001381,2026-06-11,Face Wash,Karnataka,Bengaluru,560001,4,49,Blinkit,12.977895295842218,77.5865568424034
ORD001382,2026-05-06,Shampoo,Maharashtra,Mumbai,400050,4,199,Swiggy Instamart,19.068553554307627,72.82318422270835
ORD001383,2026-01-26,Energy Drink,Gujarat,Surat,395003,3,79,Blinkit,21.17273165238038,72.83930344012613
ORD001384,2026-06-04,Snacks,Gujarat,Surat,395003,5,199,Blinkit,21.169863874352963,72.83564740912142
ORD001385,2026-01-14,Snacks,Maharashtra,Mumbai,400001,2,299,Swiggy Instamart,19.070835703561126,72.87573533416573
ORD001386,2026-01-01,Shampoo,Maharashtra,Thane,400601,2,149,Blinkit,19.216241405691196,72.97063421653459
ORD001387,2026-01-22,Protein Bar,Telangana,Hyderabad,500001,2,129,Swiggy Instamart,17.383232258368842,78.47121381701136
ORD001388,2026-06-02,Snacks,Maharashtra,Thane,400601,4,199,Blinkit,19.213388462528577,72.9752512450663
ORD001389,2026-02-04,Face Wash,Karnataka,Bengaluru,560001,2,199,Blinkit,12.969038202475046,77.5921850255413
ORD001390,2026-01-22,Shampoo,Maharashtra,Pune,411001,3,99,Blinkit,18.519782358001397,73.86149441518086
ORD001391,2026-05-27,Energy Drink,Gujarat,Surat,395003,1,49,Swiggy Instamart,21.178945170741326,72.82460234773153
ORD001392,2026-06-10,Energy Drink,Telangana,Hyderabad,500001,1,299,Zepto,17.37296799144611,78.47627955587757
ORD001393,2026-06-29,Energy Drink,Maharashtra,Nashik,422001,1,249,Swiggy Instamart,20.00102797078805,73.77618078682184
ORD001394,2026-06-03,Face Wash,Gujarat,Surat,395003,2,79,Blinkit,21.162500039338028,72.81813883335751
ORD001395,2026-05-26,Protein Bar,Maharashtra,Thane,400601,1,249,Blinkit,19.21373879172526,72.97991426620113
ORD001396,2026-01-31,Energy Drink,Karnataka,Bengaluru,560001,2,129,Blinkit,12.977550294658355,77.58902576946892
ORD001397,2026-05-07,Shampoo,Maharashtra,Nashik,422001,2,249,Zepto,20.001770021778565,73.77043301691153
ORD001398,2026-02-25,Face Wash,Telangana,Hyderabad,500001,2,249,Zepto,17.384685608296255,78.47821571365809
ORD001399,2026-02-07,Protein Bar,Gujarat,Surat,395003,3,149,Zepto,21.175931278132413,72.81324133508066
ORD001400,2026-04-26,Energy Drink,Telangana,Hyderabad,500001,3,299,Zepto,17.381403703275478,78.48971107339192
ORD001401,2026-05-01,Energy Drink,Maharashtra,Mumbai,400001,3,249,Swiggy Instamart,19.077838345163226,72.90463033663981
ORD001402,2026-04-09,Snacks,Maharashtra,Pune,411001,4,149,Zepto,18.523898000245676,73.84665945403158
ORD001403,2026-05-23,Protein Bar,Maharashtra,Mumbai,400050,1,199,Zepto,19.05864535752911,72.81173753666533
ORD001404,2026-04-01,Coffee,Karnataka,Bengaluru,560001,5,49,Zepto,12.970794002507033,77.58626943943
ORD001405,2026-05-10,Coffee,Maharashtra,Nashik,422001,4,149,Blinkit,20.015053902755604,73.77420459725406
ORD001406,2026-02-03,Coffee,Gujarat,Ahmedabad,380001,1,99,Blinkit,23.021332340842047,72.56504442158595
ORD001407,2026-05-09,Shampoo,Maharashtra,Thane,400601,3,299,Zepto,19.235688513518532,72.97488757233882
ORD001408,2026-03-23,Snacks,Maharashtra,Mumbai,400050,5,249,Zepto,19.077925570434793,72.83764151762118
ORD001409,2026-01-30,Face Wash,Maharashtra,Nashik,422001,1,99,Blinkit,20.010720667273354,73.78338733147318
ORD001410,2026-04-03,Shampoo,Maharashtra,Nashik,422001,3,149,Swiggy Instamart,20.00983797298216,73.76042327420654
ORD001411,2026-05-13,Face Wash,Maharashtra,Nashik,422001,4,99,Blinkit,20.003111166058492,73.78815157971185
ORD001412,2026-02-08,Coffee,Karnataka,Bengaluru,560001,4,49,Zepto,12.971111028165259,77.58054810153196
ORD001413,2026-01-14,Energy Drink,Maharashtra,Thane,400601,2,49,Blinkit,19.217775955494226,72.99514105516255
ORD001414,2026-02-11,Snacks,Maharashtra,Nashik,422001,4,249,Zepto,20.018368917155346,73.77907995990634
ORD001415,2026-01-11,Shampoo,Karnataka,Bengaluru,560001,3,299,Blinkit,12.981114492770581,77.59093492979632
ORD001416,2026-01-29,Snacks,Karnataka,Bengaluru,560001,2,79,Blinkit,12.954561284131733,77.58535534011871
ORD001417,2026-02-22,Face Wash,Maharashtra,Mumbai,400050,2,99,Swiggy Instamart,19.075228887685082,72.8267600691817
ORD001418,2026-03-11,Coffee,Delhi,New Delhi,110001,5,129,Swiggy Instamart,28.611466160206252,77.20600161803725
ORD001419,2026-05-15,Coffee,Maharashtra,Mumbai,400001,2,249,Zepto,19.09504136589573,72.89395958915362
ORD001420,2026-05-08,Snacks,Maharashtra,Pune,411001,1,199,Zepto,18.54258780233448,73.855109547896
ORD001421,2026-06-24,Snacks,Maharashtra,Nashik,422001,1,249,Blinkit,20.008856244887472,73.76453357450579
ORD001422,2026-01-28,Face Wash,Telangana,Hyderabad,500001,2,49,Zepto,17.399769344261184,78.47502220448732
ORD001423,2026-06-18,Shampoo,Karnataka,Bengaluru,560001,4,149,Swiggy Instamart,12.973767755637628,77.58362697472367
ORD001424,2026-03-26,Protein Bar,Maharashtra,Mumbai,400001,5,299,Blinkit,19.070111331732612,72.86932737568951
ORD001425,2026-02-03,Energy Drink,Telangana,Hyderabad,500001,1,149,Blinkit,17.378921247393244,78.4813087729685
ORD001426,2026-01-19,Coffee,Maharashtra,Mumbai,400001,5,249,Zepto,19.07051731205075,72.8860333391178
ORD001427,2026-03-07,Energy Drink,Gujarat,Surat,395003,2,249,Zepto,21.159151372069378,72.83330541427014
ORD001428,2026-02-23,Energy Drink,Maharashtra,Mumbai,400001,4,249,Blinkit,19.088179591523055,72.87256803635486
ORD001429,2026-01-31,Face Wash,Maharashtra,Thane,400601,4,249,Swiggy Instamart,19.211120811092524,72.97579475374819
ORD001430,2026-06-25,Coffee,Maharashtra,Nashik,422001,2,199,Swiggy Instamart,20.017697252083607,73.78164107630954
ORD001431,2026-04-05,Coffee,Maharashtra,Mumbai,400050,2,299,Blinkit,19.054287857053925,72.83433876651188
ORD001432,2026-05-02,Face Wash,Gujarat,Surat,395003,5,249,Zepto,21.15917707850164,72.83791359510444
ORD001433,2026-04-05,Coffee,Gujarat,Surat,395003,2,249,Swiggy Instamart,21.17428607307702,72.82802191528862
ORD001434,2026-01-24,Protein Bar,Gujarat,Surat,395003,5,199,Blinkit,21.16181414201553,72.82223319077717
ORD001435,2026-06-15,Snacks,Maharashtra,Pune,411001,2,299,Swiggy Instamart,18.525748173363457,73.8689898050249
ORD001436,2026-01-22,Face Wash,Delhi,New Delhi,110001,4,249,Zepto,28.60752692252971,77.21358386703552
ORD001437,2026-03-18,Energy Drink,Karnataka,Bengaluru,560001,2,149,Zepto,12.950729729813979,77.58875382269343
ORD001438,2026-04-20,Face Wash,Delhi,New Delhi,110001,5,49,Swiggy Instamart,28.613589410671292,77.19990316583018
ORD001439,2026-01-12,Coffee,Maharashtra,Mumbai,400050,1,249,Blinkit,19.050234936252103,72.82282220443531
ORD001440,2026-04-29,Snacks,Maharashtra,Mumbai,400050,5,149,Blinkit,19.062521927283264,72.82762670981593
ORD001441,2026-05-30,Protein Bar,Maharashtra,Nashik,422001,5,49,Zepto,19.98351768766675,73.75849299847366
ORD001442,2026-02-15,Energy Drink,Karnataka,Bengaluru,560001,4,49,Zepto,12.965531348221429,77.59917686586054
ORD001443,2026-03-18,Face Wash,Gujarat,Surat,395003,5,299,Swiggy Instamart,21.14272495157275,72.82610269823849
ORD001444,2026-06-09,Face Wash,Karnataka,Bengaluru,560001,3,99,Zepto,12.966337521434827,77.60848337778208
ORD001445,2026-01-21,Snacks,Maharashtra,Thane,400601,5,149,Swiggy Instamart,19.21444978188287,72.98192988984741
ORD001446,2026-04-22,Coffee,Maharashtra,Mumbai,400050,1,49,Blinkit,19.061012571400873,72.80819433520192
ORD001447,2026-01-04,Energy Drink,Maharashtra,Mumbai,400050,4,299,Swiggy Instamart,19.067282072166318,72.83165396505456
ORD001448,2026-06-18,Snacks,Gujarat,Surat,395003,5,299,Blinkit,21.17528268639675,72.87036237706437
ORD001449,2026-06-07,Face Wash,Telangana,Hyderabad,500001,4,149,Zepto,17.364158870605017,78.50394696649761
ORD001450,2026-02-04,Protein Bar,Maharashtra,Thane,400601,2,79,Zepto,19.215425524805994,72.98097328904403
ORD001451,2026-01-07,Energy Drink,Maharashtra,Pune,411001,4,99,Swiggy Instamart,18.519944877546987,73.85245763666602
ORD001452,2026-04-22,Snacks,Maharashtra,Pune,411001,5,129,Zepto,18.51470167071761,73.85999508735573
ORD001453,2026-04-29,Energy Drink,Maharashtra,Nashik,422001,4,249,Zepto,19.990728263033283,73.78720579167522
ORD001454,2026-02-12,Energy Drink,Maharashtra,Mumbai,400050,4,299,Blinkit,19.055438055951146,72.81819930660959
ORD001455,2026-04-26,Coffee,Maharashtra,Mumbai,400001,2,129,Blinkit,19.07149987142004,72.89027149216864
ORD001456,2026-04-11,Protein Bar,Telangana,Hyderabad,500001,3,49,Zepto,17.37964664912984,78.4902845361821
ORD001457,2026-04-17,Shampoo,Gujarat,Surat,395003,5,149,Zepto,21.162890437242847,72.83867921849924
ORD001458,2026-04-13,Shampoo,Karnataka,Bengaluru,560001,5,299,Zepto,12.978455077387903,77.61308608833296
ORD001459,2026-05-16,Protein Bar,Maharashtra,Mumbai,400001,4,199,Swiggy Instamart,19.07424436054501,72.88438654804759
ORD001460,2026-03-10,Snacks,Maharashtra,Mumbai,400050,4,299,Zepto,19.06058067539539,72.84245871781863
ORD001461,2026-06-09,Snacks,Karnataka,Bengaluru,560001,3,299,Swiggy Instamart,12.964411676123913,77.60205005312878
ORD001462,2026-01-06,Energy Drink,Gujarat,Surat,395003,3,129,Blinkit,21.168253027038833,72.83045811822892
ORD001463,2026-04-23,Energy Drink,Gujarat,Ahmedabad,380001,5,129,Swiggy Instamart,23.023417524844486,72.57392240396426
ORD001464,2026-06-04,Snacks,Gujarat,Ahmedabad,380001,4,99,Blinkit,23.02133770956878,72.5735471318317
ORD001465,2026-04-17,Snacks,Gujarat,Surat,395003,3,299,Zepto,21.185981180575624,72.84095449685616
ORD001466,2026-02-23,Face Wash,Telangana,Hyderabad,500001,1,299,Zepto,17.39369154592497,78.48214460473976
ORD001467,2026-02-21,Energy Drink,Maharashtra,Thane,400601,5,299,Zepto,19.209407591717717,72.98765300558237
ORD001468,2026-05-07,Face Wash,Gujarat,Surat,395003,2,129,Swiggy Instamart,21.1789604679253,72.84582670675752
ORD001469,2026-01-05,Face Wash,Maharashtra,Mumbai,400001,3,199,Swiggy Instamart,19.069960193740307,72.8754045134464
ORD001470,2026-02-14,Coffee,Maharashtra,Thane,400601,1,79,Blinkit,19.201905158374746,72.97417528893939
ORD001471,2026-01-30,Coffee,Gujarat,Surat,395003,2,79,Swiggy Instamart,21.180165705105797,72.82643504620772
ORD001472,2026-05-05,Face Wash,Maharashtra,Pune,411001,3,199,Zepto,18.526804797952007,73.85479496894003
ORD001473,2026-03-10,Energy Drink,Delhi,New Delhi,110001,5,79,Swiggy Instamart,28.617140570282217,77.19752308610185
ORD001474,2026-04-23,Shampoo,Maharashtra,Mumbai,400001,1,79,Swiggy Instamart,19.07685209449634,72.847788640291
ORD001475,2026-01-27,Coffee,Telangana,Hyderabad,500001,1,79,Zepto,17.38313103841838,78.47039526756285
ORD001476,2026-02-22,Face Wash,Maharashtra,Mumbai,400050,2,149,Swiggy Instamart,19.071659945165468,72.83727407352764
ORD001477,2026-05-10,Shampoo,Karnataka,Bengaluru,560001,1,99,Swiggy Instamart,12.976266709819662,77.60981006227159
ORD001478,2026-03-27,Energy Drink,Gujarat,Ahmedabad,380001,1,129,Blinkit,23.013010834791753,72.58887363197915
ORD001479,2026-01-02,Energy Drink,Gujarat,Surat,395003,4,199,Blinkit,21.179521915642606,72.82873444712781
ORD001480,2026-02-13,Protein Bar,Delhi,New Delhi,110001,3,199,Swiggy Instamart,28.62525620147183,77.19793706487589
ORD001481,2026-04-03,Snacks,Gujarat,Surat,395003,2,99,Swiggy Instamart,21.161954858384725,72.82501410276761
ORD001482,2026-02-28,Energy Drink,Gujarat,Surat,395003,4,249,Blinkit,21.16491022291936,72.8205344235724
ORD001483,2026-05-13,Snacks,Karnataka,Bengaluru,560001,3,49,Blinkit,12.983830830670954,77.5920114559963
ORD001484,2026-01-03,Snacks,Maharashtra,Thane,400601,5,79,Zepto,19.221825049683567,72.97239648633587
ORD001485,2026-03-22,Shampoo,Gujarat,Ahmedabad,380001,2,249,Zepto,23.004293966994517,72.5741005735839
ORD001486,2026-01-10,Snacks,Gujarat,Surat,395003,2,49,Swiggy Instamart,21.151077450245804,72.83041365953915
ORD001487,2026-03-17,Shampoo,Delhi,New Delhi,110001,4,149,Swiggy Instamart,28.600216849611673,77.22887275999231
ORD001488,2026-03-30,Protein Bar,Gujarat,Ahmedabad,380001,3,99,Swiggy Instamart,23.03161362722175,72.57245753791271
ORD001489,2026-04-25,Snacks,Gujarat,Surat,395003,2,299,Swiggy Instamart,21.182837066776546,72.82263684022534
ORD001490,2026-06-16,Shampoo,Gujarat,Ahmedabad,380001,2,149,Zepto,23.027934793786702,72.57339810433719
ORD001491,2026-05-18,Face Wash,Maharashtra,Mumbai,400001,4,99,Swiggy Instamart,19.078640200813336,72.89042353500108
ORD001492,2026-03-14,Energy Drink,Delhi,New Delhi,110001,1,149,Swiggy Instamart,28.6212249210278,77.21188723662826
ORD001493,2026-06-12,Energy Drink,Gujarat,Ahmedabad,380001,1,49,Swiggy Instamart,23.00595112563772,72.56179953704721
ORD001494,2026-03-08,Energy Drink,Telangana,Hyderabad,500001,3,249,Swiggy Instamart,17.383772910664046,78.48763372374276
ORD001495,2026-01-16,Face Wash,Maharashtra,Mumbai,400050,3,199,Zepto,19.04829796275326,72.85361676675578
ORD001496,2026-06-16,Protein Bar,Maharashtra,Mumbai,400001,4,149,Swiggy Instamart,19.091163940552537,72.88372118320393
ORD001497,2026-04-27,Face Wash,Maharashtra,Mumbai,400001,2,129,Blinkit,19.07672036861284,72.87557791030099
ORD001498,2026-03-14,Snacks,Maharashtra,Nashik,422001,5,99,Swiggy Instamart,19.996380815399778,73.7804748051852
ORD001499,2026-05-14,Snacks,Gujarat,Surat,395003,2,79,Blinkit,21.17277752540143,72.81868239424519
ORD001500,2026-05-30,Energy Drink,Delhi,New Delhi,110001,3,299,Zepto,28.61724176417245,77.20744740951176
ORD001501,2026-04-19,Shampoo,Maharashtra,Thane,400601,1,79,Zepto,19.199221924421224,72.96949614989221
ORD001502,2026-02-03,Shampoo,Gujarat,Surat,395003,2,299,Zepto,21.166063944665783,72.84997687657341
ORD001503,2026-06-23,Coffee,Gujarat,Ahmedabad,380001,4,249,Blinkit,23.02806553124534,72.558045184309
ORD001504,2026-05-08,Snacks,Telangana,Hyderabad,500001,4,299,Swiggy Instamart,17.38986036289418,78.47122696011061
ORD001505,2026-04-17,Energy Drink,Karnataka,Bengaluru,560001,2,99,Blinkit,12.982426910538871,77.58988875348182
ORD001506,2026-02-03,Snacks,Karnataka,Bengaluru,560001,5,79,Swiggy Instamart,12.970663638112608,77.60785796647542
ORD001507,2026-04-27,Shampoo,Maharashtra,Pune,411001,1,99,Swiggy Instamart,18.507528364314155,73.84272881814887
ORD001508,2026-01-31,Coffee,Gujarat,Ahmedabad,380001,4,79,Zepto,23.01666400673654,72.5817837885102
ORD001509,2026-05-27,Face Wash,Gujarat,Ahmedabad,380001,1,99,Zepto,23.00730653924523,72.54307844401889
ORD001510,2026-03-20,Face Wash,Gujarat,Ahmedabad,380001,3,149,Blinkit,23.01798841141591,72.5769174079991
ORD001511,2026-02-06,Energy Drink,Maharashtra,Mumbai,400001,5,249,Zepto,19.088002617497388,72.87306838637915
ORD001512,2026-03-14,Energy Drink,Maharashtra,Nashik,422001,2,299,Zepto,20.00178573392884,73.79123900734257
ORD001513,2026-05-21,Face Wash,Maharashtra,Mumbai,400050,1,49,Blinkit,19.040902583003046,72.82561479224816
ORD001514,2026-05-27,Face Wash,Karnataka,Bengaluru,560001,5,299,Blinkit,12.97350423889925,77.59909218721285
ORD001515,2026-05-02,Snacks,Gujarat,Surat,395003,5,99,Zepto,21.165101933068094,72.83144441011706
ORD001516,2026-06-12,Shampoo,Delhi,New Delhi,110001,4,299,Zepto,28.58901672646587,77.20241751587666
ORD001517,2026-01-23,Coffee,Gujarat,Ahmedabad,380001,5,249,Blinkit,23.027035087125544,72.56157705965745
ORD001518,2026-04-12,Face Wash,Maharashtra,Pune,411001,5,49,Swiggy Instamart,18.520989842215894,73.86116872500803
ORD001519,2026-03-13,Snacks,Karnataka,Bengaluru,560001,1,99,Swiggy Instamart,12.968174507991423,77.59630463770996
ORD001520,2026-05-27,Snacks,Maharashtra,Mumbai,400001,3,79,Swiggy Instamart,19.066372674347154,72.87563388720304
ORD001521,2026-01-22,Energy Drink,Delhi,New Delhi,110001,5,49,Swiggy Instamart,28.620002161695894,77.21056972960969
ORD001522,2026-02-18,Shampoo,Delhi,New Delhi,110001,5,49,Zepto,28.60803468730436,77.21124216404291
ORD001523,2026-02-16,Protein Bar,Delhi,New Delhi,110001,3,129,Zepto,28.621046097906365,77.18850058721422
ORD001524,2026-04-24,Protein Bar,Telangana,Hyderabad,500001,5,199,Blinkit,17.39659074064956,78.48333745261318
ORD001525,2026-01-12,Shampoo,Telangana,Hyderabad,500001,1,199,Blinkit,17.389254899332403,78.49867246923645
ORD001526,2026-04-17,Protein Bar,Maharashtra,Thane,400601,5,199,Blinkit,19.204583263027693,72.97100558997572
ORD001527,2026-01-24,Protein Bar,Maharashtra,Nashik,422001,1,99,Blinkit,20.003014513041244,73.77186246478877
ORD001528,2026-02-16,Face Wash,Maharashtra,Thane,400601,1,99,Blinkit,19.235649365758366,72.96953227906172
ORD001529,2026-06-23,Energy Drink,Gujarat,Surat,395003,1,199,Zepto,21.164644532205134,72.83314389031604
ORD001530,2026-01-15,Face Wash,Maharashtra,Mumbai,400001,4,79,Blinkit,19.06397850473924,72.87374319288244
ORD001531,2026-04-16,Face Wash,Maharashtra,Thane,400601,3,249,Zepto,19.2214745326125,72.97477139595617
ORD001532,2026-02-21,Energy Drink,Maharashtra,Mumbai,400001,5,129,Blinkit,19.075066131411003,72.87240667887552
ORD001533,2026-05-10,Shampoo,Delhi,New Delhi,110001,1,149,Zepto,28.598755296908195,77.2122159321134
ORD001534,2026-04-29,Coffee,Gujarat,Ahmedabad,380001,4,79,Blinkit,23.040049330716474,72.57158401630784
ORD001535,2026-04-15,Snacks,Maharashtra,Mumbai,400001,2,49,Blinkit,19.078252641172476,72.88462722755118
ORD001536,2026-05-31,Snacks,Delhi,New Delhi,110001,1,129,Swiggy Instamart,28.601206695034534,77.22602514658129
ORD001537,2026-03-19,Coffee,Maharashtra,Thane,400601,4,299,Zepto,19.220323287964227,72.9944185689909
ORD001538,2026-02-22,Energy Drink,Delhi,New Delhi,110001,3,99,Zepto,28.60656967004476,77.22718061922558
ORD001539,2026-04-19,Coffee,Delhi,New Delhi,110001,4,49,Zepto,28.62165155494035,77.21453040085852
ORD001540,2026-06-08,Face Wash,Karnataka,Bengaluru,560001,2,49,Zepto,12.973940244543533,77.59211471381926
ORD001541,2026-03-11,Coffee,Karnataka,Bengaluru,560001,3,249,Blinkit,12.98360531658474,77.59600359869847
ORD001542,2026-05-30,Coffee,Maharashtra,Pune,411001,3,49,Zepto,18.500729302964128,73.84552813538293
ORD001543,2026-05-25,Protein Bar,Delhi,New Delhi,110001,3,79,Blinkit,28.612041542478075,77.21209998983166
ORD001544,2026-02-05,Snacks,Maharashtra,Mumbai,400050,5,149,Blinkit,19.059034115111,72.84168970789793
ORD001545,2026-06-06,Coffee,Maharashtra,Pune,411001,3,199,Swiggy Instamart,18.500888981359612,73.85813587936505
ORD001546,2026-04-26,Face Wash,Maharashtra,Nashik,422001,2,199,Blinkit,19.98772020774613,73.78729712295485
ORD001547,2026-04-28,Coffee,Maharashtra,Pune,411001,3,49,Swiggy Instamart,18.519455412855578,73.86089609972025
ORD001548,2026-06-15,Protein Bar,Maharashtra,Thane,400601,5,299,Zepto,19.209661170394103,72.99089464931657
ORD001549,2026-06-22,Energy Drink,Maharashtra,Mumbai,400001,4,299,Blinkit,19.08641724664059,72.88353544303013
ORD001550,2026-01-21,Snacks,Delhi,New Delhi,110001,1,49,Swiggy Instamart,28.612604827531367,77.21479857285296
ORD001551,2026-06-22,Protein Bar,Karnataka,Bengaluru,560001,3,249,Swiggy Instamart,12.964531074320128,77.60315555659021
ORD001552,2026-04-10,Energy Drink,Gujarat,Ahmedabad,380001,1,79,Blinkit,23.03899480894324,72.58210610559979
ORD001553,2026-02-19,Shampoo,Gujarat,Ahmedabad,380001,1,129,Swiggy Instamart,23.015203975301926,72.57501417317273
ORD001554,2026-03-13,Snacks,Maharashtra,Mumbai,400001,3,129,Zepto,19.063068584562416,72.88342390311176
ORD001555,2026-06-10,Face Wash,Telangana,Hyderabad,500001,2,129,Blinkit,17.389506034128626,78.46800183660467
ORD001556,2026-01-10,Face Wash,Gujarat,Ahmedabad,380001,4,129,Zepto,23.01088216156088,72.56856861103256
ORD001557,2026-06-13,Shampoo,Maharashtra,Pune,411001,1,149,Swiggy Instamart,18.51739140252859,73.84460523064581
ORD001558,2026-05-07,Energy Drink,Delhi,New Delhi,110001,5,129,Swiggy Instamart,28.61778978729352,77.21151473608941
ORD001559,2026-06-22,Snacks,Telangana,Hyderabad,500001,5,99,Zepto,17.383057308680215,78.47914208499841
ORD001560,2026-02-02,Snacks,Telangana,Hyderabad,500001,1,99,Blinkit,17.395487071264167,78.50325407113088
ORD001561,2026-02-28,Coffee,Telangana,Hyderabad,500001,3,129,Swiggy Instamart,17.380164385161535,78.48057833082845
ORD001562,2026-06-27,Snacks,Maharashtra,Mumbai,400001,5,149,Swiggy Instamart,19.08091207665412,72.87411970620253
ORD001563,2026-04-27,Protein Bar,Delhi,New Delhi,110001,4,49,Blinkit,28.61250602799337,77.21639653151725
ORD001564,2026-04-15,Face Wash,Gujarat,Surat,395003,1,299,Blinkit,21.151106439124927,72.84428302324854
ORD001565,2026-05-13,Protein Bar,Gujarat,Ahmedabad,380001,2,49,Blinkit,23.023226805243294,72.56728506855437
ORD001566,2026-05-17,Shampoo,Gujarat,Surat,395003,3,49,Blinkit,21.169307658457786,72.8307242935502
ORD001567,2026-03-27,Protein Bar,Maharashtra,Pune,411001,5,49,Swiggy Instamart,18.50308798696555,73.87164938227454
ORD001568,2026-06-26,Shampoo,Maharashtra,Pune,411001,1,129,Zepto,18.520813256322704,73.86113002130448
ORD001569,2026-03-26,Face Wash,Maharashtra,Thane,400601,1,79,Zepto,19.22781549770574,72.9678883754244
ORD001570,2026-04-21,Protein Bar,Karnataka,Bengaluru,560001,5,199,Blinkit,12.976334718990353,77.59192358909101
ORD001571,2026-01-28,Shampoo,Maharashtra,Pune,411001,2,199,Zepto,18.528867707752163,73.83542772579649
ORD001572,2026-05-14,Energy Drink,Gujarat,Ahmedabad,380001,1,299,Zepto,23.021509056997587,72.56537179344215
ORD001573,2026-05-29,Protein Bar,Karnataka,Bengaluru,560001,1,49,Zepto,12.975922629506343,77.59930044187368
ORD001574,2026-03-22,Snacks,Gujarat,Surat,395003,1,99,Zepto,21.16312374105178,72.82397826135825
ORD001575,2026-01-15,Face Wash,Karnataka,Bengaluru,560001,5,249,Zepto,12.970493346314427,77.58563357772685
ORD001576,2026-06-23,Protein Bar,Maharashtra,Mumbai,400050,5,49,Blinkit,19.06801983695452,72.82580792799553
ORD001577,2026-04-13,Protein Bar,Gujarat,Surat,395003,5,249,Zepto,21.141130117806785,72.82735177943378
ORD001578,2026-06-18,Coffee,Telangana,Hyderabad,500001,1,299,Blinkit,17.37461456179156,78.47038724184539
ORD001579,2026-04-20,Coffee,Karnataka,Bengaluru,560001,5,79,Blinkit,12.959225733617775,77.59569408471833
ORD001580,2026-04-27,Coffee,Maharashtra,Mumbai,400001,3,129,Zepto,19.089286408282483,72.88083184473865
ORD001581,2026-01-04,Coffee,Maharashtra,Mumbai,400050,1,129,Swiggy Instamart,19.05353496611784,72.8340590419517
ORD001582,2026-06-13,Coffee,Maharashtra,Thane,400601,3,199,Blinkit,19.21370909689781,72.97115399630836
ORD001583,2026-06-08,Shampoo,Karnataka,Bengaluru,560001,2,129,Zepto,12.96005637331767,77.57708171193248
ORD001584,2026-01-16,Energy Drink,Maharashtra,Mumbai,400001,3,249,Swiggy Instamart,19.072100762934404,72.87928053489921
ORD001585,2026-03-21,Coffee,Gujarat,Ahmedabad,380001,5,99,Zepto,23.021533763299853,72.56724033072052
ORD001586,2026-03-21,Coffee,Karnataka,Bengaluru,560001,3,149,Blinkit,12.962142539393033,77.60068246191685
ORD001587,2026-05-13,Coffee,Maharashtra,Mumbai,400001,2,49,Zepto,19.062828680800536,72.88546027913844
ORD001588,2026-05-24,Protein Bar,Delhi,New Delhi,110001,4,199,Zepto,28.603877829810735,77.20147564762647
ORD001589,2026-06-13,Energy Drink,Maharashtra,Pune,411001,1,199,Zepto,18.50573214809384,73.85168597853115
ORD001590,2026-06-27,Snacks,Karnataka,Bengaluru,560001,4,199,Swiggy Instamart,12.98135312458478,77.59975628088444
ORD001591,2026-03-27,Coffee,Telangana,Hyderabad,500001,3,249,Blinkit,17.394784221120283,78.49192142545934
ORD001592,2026-01-27,Shampoo,Maharashtra,Thane,400601,1,299,Zepto,19.207263301714697,72.97479210775673
ORD001593,2026-06-13,Energy Drink,Maharashtra,Mumbai,400001,2,299,Swiggy Instamart,19.068198008708826,72.89100574904039
ORD001594,2026-03-03,Shampoo,Maharashtra,Pune,411001,3,249,Zepto,18.508432113535736,73.8656369768939
ORD001595,2026-02-17,Protein Bar,Gujarat,Surat,395003,3,49,Zepto,21.17912953870109,72.84939620201716
ORD001596,2026-01-08,Coffee,Gujarat,Ahmedabad,380001,1,99,Blinkit,23.018403134073704,72.5785232215958
ORD001597,2026-02-19,Snacks,Karnataka,Bengaluru,560001,5,199,Zepto,12.994416518365389,77.58842358323066
ORD001598,2026-02-20,Energy Drink,Maharashtra,Mumbai,400001,3,99,Zepto,19.060649597524677,72.85889989966093
ORD001599,2026-02-14,Face Wash,Maharashtra,Nashik,422001,5,129,Zepto,20.013027120288612,73.76086849791942
ORD001600,2026-01-06,Energy Drink,Maharashtra,Pune,411001,3,79,Zepto,18.51667680947062,73.8610731318704
ORD001601,2026-04-08,Snacks,Maharashtra,Thane,400601,1,199,Zepto,19.2201517553683,72.98235444864184
ORD001602,2026-04-27,Energy Drink,Maharashtra,Nashik,422001,3,199,Swiggy Instamart,20.00812289855801,73.79248865813314
ORD001603,2026-05-15,Coffee,Maharashtra,Thane,400601,4,79,Zepto,19.208776836192612,72.97133004861541
ORD001604,2026-02-03,Energy Drink,Maharashtra,Thane,400601,2,249,Swiggy Instamart,19.21057340554729,72.98640191811863
ORD001605,2026-03-23,Coffee,Gujarat,Ahmedabad,380001,4,129,Zepto,23.03150398588395,72.57591225319318
ORD001606,2026-05-31,Energy Drink,Telangana,Hyderabad,500001,5,149,Zepto,17.396834936668903,78.47491959132624
ORD001607,2026-03-05,Protein Bar,Gujarat,Ahmedabad,380001,3,99,Swiggy Instamart,23.039172241115512,72.58663238621712
ORD001608,2026-05-06,Energy Drink,Telangana,Hyderabad,500001,1,299,Swiggy Instamart,17.39235621997246,78.50451798908772
ORD001609,2026-01-17,Energy Drink,Telangana,Hyderabad,500001,5,249,Swiggy Instamart,17.368433767923225,78.48145551863738
ORD001610,2026-04-06,Shampoo,Delhi,New Delhi,110001,5,299,Zepto,28.606546965393182,77.21621479323758
ORD001611,2026-04-06,Coffee,Gujarat,Ahmedabad,380001,4,299,Blinkit,23.01199859260398,72.57897495149338
ORD001612,2026-05-29,Shampoo,Maharashtra,Nashik,422001,5,49,Zepto,20.019605361439968,73.78665202900085
ORD001613,2026-02-21,Shampoo,Maharashtra,Pune,411001,2,249,Zepto,18.523237510236612,73.846821266591
ORD001614,2026-04-19,Shampoo,Maharashtra,Nashik,422001,5,99,Blinkit,19.997431490338748,73.79219618905297
ORD001615,2026-05-21,Protein Bar,Maharashtra,Nashik,422001,2,79,Blinkit,20.013693490039053,73.77930980480623
ORD001616,2026-05-13,Face Wash,Karnataka,Bengaluru,560001,2,49,Blinkit,12.967420904542342,77.57434192126888
ORD001617,2026-06-09,Face Wash,Delhi,New Delhi,110001,4,299,Blinkit,28.603191475813155,77.2281141908714
ORD001618,2026-04-15,Face Wash,Gujarat,Surat,395003,4,199,Blinkit,21.15739544428998,72.83299479821221
ORD001619,2026-01-07,Energy Drink,Gujarat,Surat,395003,4,129,Blinkit,21.180274439731953,72.81855077331998
ORD001620,2026-04-02,Protein Bar,Maharashtra,Mumbai,400050,3,79,Blinkit,19.06144710474781,72.8388791553751
ORD001621,2026-01-26,Protein Bar,Maharashtra,Pune,411001,1,199,Zepto,18.52052499321907,73.88538403055666
ORD001622,2026-02-21,Face Wash,Delhi,New Delhi,110001,2,199,Blinkit,28.597214007411218,77.21958728529884
ORD001623,2026-06-24,Face Wash,Maharashtra,Nashik,422001,2,99,Swiggy Instamart,20.004171982626037,73.78741920154837
ORD001624,2026-03-08,Protein Bar,Delhi,New Delhi,110001,3,149,Blinkit,28.618313071516994,77.2016684380289
ORD001625,2026-04-14,Coffee,Gujarat,Surat,395003,1,299,Swiggy Instamart,21.172489963924594,72.81252098548602
ORD001626,2026-02-08,Shampoo,Delhi,New Delhi,110001,2,129,Swiggy Instamart,28.619932475005715,77.21198158465991
ORD001627,2026-05-02,Energy Drink,Maharashtra,Pune,411001,5,299,Swiggy Instamart,18.526786601686428,73.86728118325088
ORD001628,2026-03-29,Protein Bar,Karnataka,Bengaluru,560001,3,129,Blinkit,12.975276198402097,77.59608089419798
ORD001629,2026-02-23,Shampoo,Gujarat,Surat,395003,4,49,Blinkit,21.16138931663339,72.82397779236352
ORD001630,2026-05-28,Energy Drink,Maharashtra,Thane,400601,3,49,Blinkit,19.23016734620177,72.99246335405705
ORD001631,2026-03-28,Energy Drink,Gujarat,Ahmedabad,380001,4,249,Swiggy Instamart,23.02011889563688,72.57186002747252
ORD001632,2026-06-26,Coffee,Gujarat,Surat,395003,3,199,Swiggy Instamart,21.161153856250063,72.84282756845268
ORD001633,2026-05-26,Protein Bar,Maharashtra,Mumbai,400001,2,99,Blinkit,19.082654168236918,72.89711217436464
ORD001634,2026-06-11,Coffee,Telangana,Hyderabad,500001,5,249,Blinkit,17.376216769228204,78.48291992100982
ORD001635,2026-04-11,Protein Bar,Maharashtra,Pune,411001,5,249,Zepto,18.522714459225256,73.86316489537727
ORD001636,2026-01-28,Face Wash,Karnataka,Bengaluru,560001,5,299,Swiggy Instamart,12.969443323624525,77.58587038909546
ORD001637,2026-01-24,Energy Drink,Maharashtra,Nashik,422001,1,99,Zepto,20.014714075289238,73.78691135362546
ORD001638,2026-05-06,Protein Bar,Telangana,Hyderabad,500001,2,129,Zepto,17.375837258994363,78.50025442801105
ORD001639,2026-03-14,Energy Drink,Gujarat,Surat,395003,2,149,Swiggy Instamart,21.18190198709197,72.83244296497249
ORD001640,2026-01-18,Shampoo,Delhi,New Delhi,110001,1,199,Swiggy Instamart,28.61469597862376,77.21454057771116
ORD001641,2026-02-13,Face Wash,Maharashtra,Mumbai,400001,4,249,Zepto,19.067382969297437,72.87800031479165
ORD001642,2026-02-03,Coffee,Maharashtra,Mumbai,400050,4,299,Swiggy Instamart,19.038076164553907,72.83826455645503
ORD001643,2026-04-10,Energy Drink,Maharashtra,Mumbai,400050,2,129,Blinkit,19.04398506777558,72.84453419828428
ORD001644,2026-06-20,Shampoo,Gujarat,Surat,395003,2,149,Swiggy Instamart,21.166898799060338,72.82898333018069
ORD001645,2026-05-09,Snacks,Maharashtra,Pune,411001,4,149,Zepto,18.514122660939154,73.85381961126079
ORD001646,2026-02-06,Shampoo,Maharashtra,Mumbai,400001,1,249,Swiggy Instamart,19.09018531345148,72.85282191343465
ORD001647,2026-05-15,Face Wash,Maharashtra,Pune,411001,5,299,Blinkit,18.53316965386088,73.86008023481102
ORD001648,2026-05-28,Protein Bar,Karnataka,Bengaluru,560001,1,149,Swiggy Instamart,12.959529783521429,77.5838468760695
ORD001649,2026-03-30,Snacks,Karnataka,Bengaluru,560001,3,249,Swiggy Instamart,12.988363930272083,77.58514493120057
ORD001650,2026-04-17,Energy Drink,Maharashtra,Thane,400601,2,249,Blinkit,19.20676649489404,72.98947314542364
ORD001651,2026-06-18,Energy Drink,Gujarat,Surat,395003,5,79,Blinkit,21.17358552876286,72.82172074423464
ORD001652,2026-03-03,Energy Drink,Maharashtra,Mumbai,400001,3,149,Swiggy Instamart,19.078166249754048,72.8674424731636
ORD001653,2026-06-28,Snacks,Maharashtra,Mumbai,400050,2,299,Blinkit,19.070608213984226,72.84011370964873
ORD001654,2026-02-01,Face Wash,Delhi,New Delhi,110001,1,79,Swiggy Instamart,28.61922006198822,77.21261661061247
ORD001655,2026-04-15,Shampoo,Gujarat,Ahmedabad,380001,2,149,Zepto,23.040111881248674,72.57139686327388
ORD001656,2026-01-12,Shampoo,Delhi,New Delhi,110001,1,79,Swiggy Instamart,28.602081258745795,77.21349473912832
ORD001657,2026-04-08,Face Wash,Karnataka,Bengaluru,560001,4,129,Blinkit,12.992460470495372,77.58445240506813
ORD001658,2026-01-03,Face Wash,Maharashtra,Mumbai,400001,1,99,Blinkit,19.07238537233306,72.88186446038102
ORD001659,2026-05-05,Shampoo,Karnataka,Bengaluru,560001,1,79,Swiggy Instamart,12.971060951509942,77.58477696419622
ORD001660,2026-04-23,Energy Drink,Maharashtra,Pune,411001,4,149,Zepto,18.531618578562302,73.87990040722018
ORD001661,2026-01-05,Coffee,Maharashtra,Thane,400601,1,99,Blinkit,19.22026131459024,72.96905931710263
ORD001662,2026-05-17,Snacks,Maharashtra,Mumbai,400050,4,99,Zepto,19.044110394749463,72.8320797598122
ORD001663,2026-06-23,Face Wash,Maharashtra,Mumbai,400001,2,299,Blinkit,19.087038773433164,72.88245167746496
ORD001664,2026-02-25,Snacks,Maharashtra,Thane,400601,1,129,Blinkit,19.21827596159081,72.9722072834821
ORD001665,2026-06-12,Coffee,Maharashtra,Mumbai,400001,1,249,Swiggy Instamart,19.06507836367282,72.88604751326325
ORD001666,2026-04-24,Protein Bar,Maharashtra,Nashik,422001,5,49,Zepto,20.015037716213858,73.7642427021331
ORD001667,2026-02-21,Energy Drink,Gujarat,Surat,395003,3,129,Zepto,21.186098389781808,72.83684071220894
ORD001668,2026-01-05,Shampoo,Maharashtra,Mumbai,400050,1,49,Blinkit,19.07359594645146,72.81607872251514
ORD001669,2026-06-24,Snacks,Maharashtra,Pune,411001,1,129,Zepto,18.506741758445845,73.85521030690234
ORD001670,2026-02-12,Protein Bar,Maharashtra,Thane,400601,4,79,Blinkit,19.22332784426895,72.99606360822926
ORD001671,2026-05-24,Snacks,Gujarat,Ahmedabad,380001,2,129,Swiggy Instamart,23.029560789138152,72.56897318723188
ORD001672,2026-04-20,Protein Bar,Gujarat,Surat,395003,2,129,Zepto,21.159936307923342,72.8434000057272
ORD001673,2026-03-24,Energy Drink,Gujarat,Ahmedabad,380001,1,249,Swiggy Instamart,23.012852945742495,72.58768468554771
ORD001674,2026-01-04,Shampoo,Gujarat,Ahmedabad,380001,2,299,Zepto,23.019656153503934,72.58730582072617
ORD001675,2026-06-18,Face Wash,Maharashtra,Mumbai,400050,5,199,Zepto,19.066389312900593,72.82813004510557
ORD001676,2026-02-25,Shampoo,Maharashtra,Mumbai,400050,3,299,Zepto,19.054406036281737,72.82609092122654
ORD001677,2026-05-26,Energy Drink,Delhi,New Delhi,110001,3,79,Swiggy Instamart,28.618183166923753,77.20977156496218
ORD001678,2026-06-11,Snacks,Gujarat,Ahmedabad,380001,4,99,Blinkit,23.016561885919312,72.56974368589682
ORD001679,2026-06-12,Snacks,Maharashtra,Thane,400601,3,299,Zepto,19.21908577029719,72.95681265905586
ORD001680,2026-01-05,Coffee,Gujarat,Ahmedabad,380001,5,299,Blinkit,23.027081681147887,72.56160278775283
ORD001681,2026-06-13,Snacks,Delhi,New Delhi,110001,2,49,Zepto,28.602366675967943,77.19212655652889
ORD001682,2026-06-07,Protein Bar,Maharashtra,Mumbai,400001,3,129,Swiggy Instamart,19.05806107502132,72.86414552496888
ORD001683,2026-03-04,Coffee,Gujarat,Surat,395003,1,49,Zepto,21.163109790423697,72.85063259137527
ORD001684,2026-05-08,Face Wash,Gujarat,Ahmedabad,380001,2,99,Blinkit,23.01724120324105,72.57317750106267
ORD001685,2026-06-14,Protein Bar,Maharashtra,Pune,411001,2,299,Swiggy Instamart,18.52440481386506,73.85801065186216
ORD001686,2026-02-04,Face Wash,Gujarat,Ahmedabad,380001,3,49,Swiggy Instamart,23.021725565392742,72.559447062364
ORD001687,2026-06-15,Face Wash,Gujarat,Surat,395003,1,129,Swiggy Instamart,21.184709275482792,72.84917196643639
ORD001688,2026-03-29,Energy Drink,Gujarat,Ahmedabad,380001,2,49,Swiggy Instamart,23.005673413058773,72.56115971409113
ORD001689,2026-06-25,Snacks,Maharashtra,Pune,411001,2,249,Swiggy Instamart,18.517601896576227,73.8470546220509
ORD001690,2026-02-16,Shampoo,Gujarat,Ahmedabad,380001,1,79,Blinkit,23.02755965553456,72.56411727797592
ORD001691,2026-02-19,Protein Bar,Maharashtra,Mumbai,400050,2,129,Zepto,19.081250560678065,72.84140548594343
ORD001692,2026-02-14,Coffee,Maharashtra,Mumbai,400050,5,129,Zepto,19.061725740306322,72.83976986263319
ORD001693,2026-01-21,Shampoo,Delhi,New Delhi,110001,4,149,Zepto,28.624959004243575,77.20336052511942
ORD001694,2026-03-04,Shampoo,Maharashtra,Pune,411001,2,129,Blinkit,18.51223782755458,73.8574814306297
ORD001695,2026-05-28,Shampoo,Maharashtra,Nashik,422001,2,149,Blinkit,20.01451636124498,73.78109060398654
ORD001696,2026-04-03,Shampoo,Maharashtra,Mumbai,400050,4,99,Blinkit,19.04383003517809,72.82147175556048
ORD001697,2026-04-19,Coffee,Karnataka,Bengaluru,560001,5,249,Zepto,12.970860271364057,77.59384334395673
ORD001698,2026-01-06,Shampoo,Karnataka,Bengaluru,560001,4,79,Blinkit,12.991325421767899,77.58074012057601
ORD001699,2026-05-18,Energy Drink,Telangana,Hyderabad,500001,5,99,Blinkit,17.39005589241836,78.50159113108329
ORD001700,2026-04-29,Face Wash,Gujarat,Surat,395003,4,149,Blinkit,21.19291449745423,72.82705602576817
ORD001701,2026-06-05,Shampoo,Delhi,New Delhi,110001,1,199,Zepto,28.6188142945272,77.21469760357199
ORD001702,2026-02-20,Energy Drink,Karnataka,Bengaluru,560001,2,49,Zepto,12.973554817315533,77.5936115479876
ORD001703,2026-04-06,Shampoo,Delhi,New Delhi,110001,4,249,Blinkit,28.618259753895,77.18367753914781
ORD001704,2026-04-09,Shampoo,Gujarat,Ahmedabad,380001,3,79,Blinkit,23.029320694900626,72.57266177903662
ORD001705,2026-02-01,Shampoo,Maharashtra,Mumbai,400001,5,99,Zepto,19.073775251032217,72.8981686219572
ORD001706,2026-03-07,Snacks,Gujarat,Surat,395003,3,299,Swiggy Instamart,21.163450659812096,72.82706924010935
ORD001707,2026-06-28,Protein Bar,Gujarat,Ahmedabad,380001,4,249,Swiggy Instamart,23.042415533022048,72.5630793869515
ORD001708,2026-03-04,Shampoo,Maharashtra,Pune,411001,1,199,Swiggy Instamart,18.514898847170635,73.8552297457657
ORD001709,2026-06-28,Snacks,Maharashtra,Mumbai,400001,2,149,Swiggy Instamart,19.084407344821297,72.87977802507353
ORD001710,2026-06-24,Energy Drink,Karnataka,Bengaluru,560001,3,129,Swiggy Instamart,12.958673746528477,77.58927831436873
ORD001711,2026-06-19,Energy Drink,Telangana,Hyderabad,500001,1,79,Zepto,17.37892645566788,78.48592778954777
ORD001712,2026-04-12,Snacks,Gujarat,Surat,395003,5,79,Swiggy Instamart,21.1744584365863,72.83528205755889
ORD001713,2026-04-19,Energy Drink,Maharashtra,Pune,411001,4,149,Swiggy Instamart,18.502639882459516,73.86733940987561
ORD001714,2026-05-09,Coffee,Maharashtra,Nashik,422001,4,149,Swiggy Instamart,20.008425688459965,73.79354532047594
ORD001715,2026-01-23,Protein Bar,Gujarat,Surat,395003,5,199,Zepto,21.17464198327291,72.84211322957736
ORD001716,2026-02-23,Snacks,Maharashtra,Nashik,422001,4,149,Zepto,20.010565453114502,73.79316225756203
ORD001717,2026-05-06,Protein Bar,Maharashtra,Thane,400601,1,79,Swiggy Instamart,19.223522506360176,72.97712084753557
ORD001718,2026-05-15,Shampoo,Gujarat,Surat,395003,3,249,Zepto,21.19292434720447,72.83999037122281
ORD001719,2026-04-06,Energy Drink,Maharashtra,Thane,400601,2,129,Blinkit,19.224037444210044,72.96533695583462
ORD001720,2026-05-09,Protein Bar,Maharashtra,Thane,400601,4,129,Zepto,19.205416923825364,72.98102715482142
ORD001721,2026-01-16,Snacks,Maharashtra,Pune,411001,2,129,Blinkit,18.52185521197768,73.85055877434992
ORD001722,2026-04-23,Snacks,Gujarat,Surat,395003,5,79,Swiggy Instamart,21.17160982699612,72.84698626928044
ORD001723,2026-01-21,Face Wash,Maharashtra,Thane,400601,1,249,Zepto,19.225254024745503,72.96668991490247
ORD001724,2026-01-17,Face Wash,Maharashtra,Nashik,422001,1,129,Blinkit,20.00478491172857,73.77165033519148
ORD001725,2026-06-22,Protein Bar,Karnataka,Bengaluru,560001,1,49,Blinkit,12.967723000835916,77.5904638433437
ORD001726,2026-06-20,Coffee,Maharashtra,Mumbai,400001,1,79,Zepto,19.07122354417396,72.86514864628028
ORD001727,2026-01-02,Shampoo,Delhi,New Delhi,110001,5,149,Blinkit,28.61262345318482,77.20339392363152
ORD001728,2026-03-28,Coffee,Karnataka,Bengaluru,560001,4,199,Blinkit,12.942305513099978,77.61512972024502
ORD001729,2026-03-22,Energy Drink,Gujarat,Ahmedabad,380001,3,249,Blinkit,23.033387696542167,72.56763699275075
ORD001730,2026-01-15,Face Wash,Telangana,Hyderabad,500001,3,79,Zepto,17.38518819049741,78.47498345652683
ORD001731,2026-06-28,Shampoo,Karnataka,Bengaluru,560001,2,49,Swiggy Instamart,12.98855722877811,77.61357288694774
ORD001732,2026-05-16,Face Wash,Maharashtra,Mumbai,400050,2,199,Blinkit,19.061166937282465,72.83973530644185
ORD001733,2026-06-25,Snacks,Telangana,Hyderabad,500001,4,249,Swiggy Instamart,17.38675286778934,78.47333274561124
ORD001734,2026-01-01,Snacks,Maharashtra,Pune,411001,3,49,Swiggy Instamart,18.516281766310364,73.85801927966773
ORD001735,2026-01-12,Snacks,Gujarat,Ahmedabad,380001,3,299,Zepto,23.017954522812566,72.56921346722565
ORD001736,2026-05-05,Shampoo,Telangana,Hyderabad,500001,5,79,Blinkit,17.384086004424912,78.48589121502134
ORD001737,2026-05-02,Snacks,Gujarat,Surat,395003,1,249,Blinkit,21.170722584904976,72.82049394933604
ORD001738,2026-02-19,Snacks,Telangana,Hyderabad,500001,2,49,Zepto,17.37782983850872,78.473854157343
ORD001739,2026-01-23,Face Wash,Karnataka,Bengaluru,560001,5,299,Zepto,12.981378155496863,77.5735435305816
ORD001740,2026-01-30,Shampoo,Karnataka,Bengaluru,560001,5,129,Zepto,12.983135903433169,77.60846349397262
ORD001741,2026-02-13,Snacks,Maharashtra,Pune,411001,1,79,Blinkit,18.517378194130174,73.83066862912173
ORD001742,2026-02-11,Face Wash,Maharashtra,Mumbai,400001,4,149,Zepto,19.072386894380326,72.87705815838711
ORD001743,2026-06-20,Shampoo,Maharashtra,Nashik,422001,1,99,Swiggy Instamart,19.995794017800712,73.77454781606193
ORD001744,2026-01-24,Snacks,Karnataka,Bengaluru,560001,3,129,Swiggy Instamart,12.986901951988633,77.60124927162302
ORD001745,2026-01-17,Snacks,Telangana,Hyderabad,500001,3,249,Swiggy Instamart,17.37575435885622,78.47072400830405
ORD001746,2026-06-17,Snacks,Gujarat,Surat,395003,5,249,Zepto,21.166929826823903,72.8289654322065
ORD001747,2026-03-08,Protein Bar,Maharashtra,Pune,411001,3,79,Zepto,18.52536199187363,73.85134683287433
ORD001748,2026-03-29,Snacks,Maharashtra,Mumbai,400050,5,129,Swiggy Instamart,19.06471499575362,72.8488515404006
ORD001749,2026-05-27,Face Wash,Maharashtra,Mumbai,400050,2,199,Blinkit,19.06775501022444,72.8290191149267
ORD001750,2026-01-01,Face Wash,Telangana,Hyderabad,500001,1,129,Blinkit,17.383168495289468,78.48313326865821
ORD001751,2026-03-23,Face Wash,Gujarat,Surat,395003,2,129,Zepto,21.182006409124522,72.82482686554049
ORD001752,2026-01-03,Coffee,Gujarat,Surat,395003,4,199,Zepto,21.170652227090002,72.83161197901882
ORD001753,2026-02-26,Shampoo,Maharashtra,Nashik,422001,4,99,Swiggy Instamart,20.000882158071885,73.76597534452117
ORD001754,2026-02-07,Snacks,Maharashtra,Nashik,422001,1,199,Blinkit,20.009129745036176,73.77908996028145
ORD001755,2026-06-26,Protein Bar,Delhi,New Delhi,110001,3,299,Swiggy Instamart,28.618902404694367,77.20366399693562
ORD001756,2026-05-07,Face Wash,Maharashtra,Pune,411001,4,49,Blinkit,18.53260821298813,73.84793226218788
ORD001757,2026-02-23,Snacks,Maharashtra,Thane,400601,2,49,Zepto,19.235420402840177,72.96062363490171
ORD001758,2026-04-11,Face Wash,Karnataka,Bengaluru,560001,2,49,Swiggy Instamart,12.97594770064557,77.59935430682526
ORD001759,2026-03-28,Shampoo,Gujarat,Surat,395003,4,199,Blinkit,21.16224442932059,72.83534393937862
ORD001760,2026-01-19,Coffee,Gujarat,Surat,395003,3,149,Swiggy Instamart,21.182995186697603,72.80893181160647
ORD001761,2026-06-29,Coffee,Maharashtra,Pune,411001,4,79,Zepto,18.525427448074907,73.83176729179671
ORD001762,2026-05-29,Protein Bar,Gujarat,Ahmedabad,380001,3,299,Swiggy Instamart,23.01284335196477,72.58769166364901
ORD001763,2026-05-28,Energy Drink,Maharashtra,Thane,400601,4,299,Blinkit,19.21248217966608,72.9663612003559
ORD001764,2026-02-23,Energy Drink,Maharashtra,Thane,400601,2,49,Blinkit,19.216320622710153,72.99877906338163
ORD001765,2026-01-27,Snacks,Telangana,Hyderabad,500001,2,249,Blinkit,17.366683177527943,78.4761869008836
ORD001766,2026-01-15,Protein Bar,Maharashtra,Thane,400601,3,299,Zepto,19.233274316831796,72.99667702343538
ORD001767,2026-01-31,Coffee,Maharashtra,Mumbai,400001,3,249,Zepto,19.074965687757096,72.86530947297474
ORD001768,2026-03-04,Protein Bar,Gujarat,Surat,395003,1,129,Blinkit,21.191158435018092,72.8470444239175
ORD001769,2026-03-19,Snacks,Karnataka,Bengaluru,560001,5,99,Swiggy Instamart,12.978389469877623,77.58647597651063
ORD001770,2026-06-27,Snacks,Gujarat,Surat,395003,1,299,Swiggy Instamart,21.16970970659162,72.82949639918955
ORD001771,2026-03-12,Snacks,Gujarat,Surat,395003,4,199,Zepto,21.17350851304616,72.84561001438132
ORD001772,2026-01-30,Protein Bar,Maharashtra,Mumbai,400050,1,299,Swiggy Instamart,19.068394170411374,72.81872623923014
ORD001773,2026-02-27,Protein Bar,Delhi,New Delhi,110001,5,299,Blinkit,28.627664964500198,77.21213132140014
ORD001774,2026-06-01,Energy Drink,Maharashtra,Mumbai,400050,4,299,Swiggy Instamart,19.06647065795859,72.84416540859279
ORD001775,2026-03-18,Coffee,Gujarat,Surat,395003,2,79,Blinkit,21.159084197504864,72.83074174421294
ORD001776,2026-05-18,Energy Drink,Maharashtra,Mumbai,400050,4,49,Blinkit,19.054285454486408,72.81382140574634
ORD001777,2026-05-18,Coffee,Delhi,New Delhi,110001,4,79,Swiggy Instamart,28.61736709977605,77.23411556551585
ORD001778,2026-05-18,Snacks,Telangana,Hyderabad,500001,1,129,Swiggy Instamart,17.366599222554942,78.48637719388951
ORD001779,2026-02-16,Coffee,Maharashtra,Mumbai,400050,2,49,Swiggy Instamart,19.066005429350746,72.83073078201656
ORD001780,2026-03-22,Protein Bar,Karnataka,Bengaluru,560001,1,99,Swiggy Instamart,12.970468719474843,77.58160783636554
ORD001781,2026-06-17,Energy Drink,Maharashtra,Pune,411001,1,149,Zepto,18.5227278674294,73.84913236022985
ORD001782,2026-02-01,Coffee,Maharashtra,Mumbai,400050,3,199,Swiggy Instamart,19.037700782950214,72.84144592220514
ORD001783,2026-04-19,Snacks,Maharashtra,Thane,400601,1,129,Blinkit,19.22788385819842,72.97861660976851
ORD001784,2026-05-13,Face Wash,Maharashtra,Mumbai,400001,5,299,Zepto,19.078290746882058,72.88844318012715
ORD001785,2026-05-06,Snacks,Telangana,Hyderabad,500001,3,199,Swiggy Instamart,17.387243396567783,78.49574017554761
ORD001786,2026-05-11,Energy Drink,Delhi,New Delhi,110001,1,49,Zepto,28.610925177991263,77.22211983738575
ORD001787,2026-02-18,Energy Drink,Maharashtra,Mumbai,400001,3,129,Zepto,19.079207857259327,72.87964051943607
ORD001788,2026-05-22,Energy Drink,Telangana,Hyderabad,500001,5,199,Blinkit,17.372299389112882,78.48956955854301
ORD001789,2026-06-09,Shampoo,Maharashtra,Thane,400601,1,149,Blinkit,19.209980450825054,72.97171717273471
ORD001790,2026-06-16,Energy Drink,Gujarat,Surat,395003,4,299,Zepto,21.16204624371684,72.82043765068101
ORD001791,2026-06-23,Shampoo,Maharashtra,Nashik,422001,2,129,Zepto,20.02714771403017,73.79301339061989
ORD001792,2026-06-12,Snacks,Maharashtra,Nashik,422001,2,199,Swiggy Instamart,20.025103675021445,73.76747104980446
ORD001793,2026-06-04,Energy Drink,Delhi,New Delhi,110001,4,99,Blinkit,28.61461253749911,77.19606492374797
ORD001794,2026-04-08,Protein Bar,Gujarat,Surat,395003,5,129,Zepto,21.16324305122803,72.82191873016583
ORD001795,2026-02-01,Coffee,Maharashtra,Nashik,422001,1,249,Zepto,20.018295840064415,73.775737703219
ORD001796,2026-06-13,Protein Bar,Gujarat,Ahmedabad,380001,3,199,Blinkit,23.033183793336942,72.57744120889588
ORD001797,2026-02-27,Face Wash,Maharashtra,Thane,400601,1,79,Blinkit,19.24133638752105,72.9633055577686
ORD001798,2026-04-07,Protein Bar,Maharashtra,Pune,411001,1,99,Swiggy Instamart,18.532992332397868,73.868164408704
ORD001799,2026-05-31,Shampoo,Maharashtra,Nashik,422001,1,199,Swiggy Instamart,19.99616621161973,73.78977133336474
ORD001800,2026-03-14,Coffee,Telangana,Hyderabad,500001,3,79,Zepto,17.388361449630263,78.48442523740046
ORD001801,2026-03-23,Shampoo,Maharashtra,Thane,400601,2,199,Swiggy Instamart,19.21006064513028,72.9709089054855
ORD001802,2026-05-22,Coffee,Delhi,New Delhi,110001,4,299,Swiggy Instamart,28.63439812095786,77.20900682818957
ORD001803,2026-03-08,Protein Bar,Maharashtra,Thane,400601,5,99,Swiggy Instamart,19.226121300015315,72.97019100618333
ORD001804,2026-02-06,Shampoo,Maharashtra,Thane,400601,5,149,Zepto,19.210501470537782,72.9889198480925
ORD001805,2026-03-05,Snacks,Gujarat,Ahmedabad,380001,5,249,Swiggy Instamart,23.009004237884486,72.56724786232094
ORD001806,2026-02-16,Shampoo,Karnataka,Bengaluru,560001,3,299,Swiggy Instamart,12.971940274110723,77.5957137260184
ORD001807,2026-03-12,Shampoo,Maharashtra,Nashik,422001,5,129,Blinkit,20.004109067149837,73.78365819781096
ORD001808,2026-03-20,Shampoo,Maharashtra,Mumbai,400050,3,79,Swiggy Instamart,19.06652855755818,72.83684637545458
ORD001809,2026-01-20,Snacks,Maharashtra,Mumbai,400050,2,79,Zepto,19.04974196191332,72.82665844902071
ORD001810,2026-01-15,Protein Bar,Telangana,Hyderabad,500001,3,299,Zepto,17.396947628618772,78.49564647187574
ORD001811,2026-06-23,Coffee,Gujarat,Surat,395003,2,299,Blinkit,21.156471405485192,72.83461479900353
ORD001812,2026-06-25,Snacks,Delhi,New Delhi,110001,5,79,Blinkit,28.594117747506253,77.20946934902061
ORD001813,2026-06-07,Energy Drink,Maharashtra,Mumbai,400001,1,249,Swiggy Instamart,19.09497767016746,72.86822107282731
ORD001814,2026-03-30,Energy Drink,Delhi,New Delhi,110001,5,49,Swiggy Instamart,28.605556769545085,77.21664029781573
ORD001815,2026-02-13,Snacks,Karnataka,Bengaluru,560001,5,129,Zepto,12.956171984847904,77.58827244970115
ORD001816,2026-04-04,Energy Drink,Maharashtra,Mumbai,400050,5,199,Zepto,19.065564411375817,72.8231571415231
ORD001817,2026-05-07,Shampoo,Gujarat,Surat,395003,2,199,Zepto,21.167840300127892,72.83854185710315
ORD001818,2026-06-23,Energy Drink,Gujarat,Ahmedabad,380001,5,79,Blinkit,23.026715460835366,72.57406818396295
ORD001819,2026-05-04,Face Wash,Maharashtra,Nashik,422001,3,129,Zepto,20.0025087772073,73.7834006111527
ORD001820,2026-04-11,Energy Drink,Telangana,Hyderabad,500001,3,49,Blinkit,17.383762673199005,78.49127805609926
ORD001821,2026-05-05,Protein Bar,Telangana,Hyderabad,500001,3,49,Swiggy Instamart,17.38003067974882,78.4848743102562
ORD001822,2026-03-26,Face Wash,Karnataka,Bengaluru,560001,3,79,Zepto,12.96170042207448,77.59424992389994
ORD001823,2026-02-17,Shampoo,Gujarat,Ahmedabad,380001,3,49,Zepto,23.01438999136371,72.56025953549837
ORD001824,2026-05-06,Energy Drink,Gujarat,Surat,395003,1,99,Blinkit,21.172786611478553,72.83322739775858
ORD001825,2026-05-05,Protein Bar,Maharashtra,Mumbai,400050,2,149,Zepto,19.067428737349484,72.82518874430424
ORD001826,2026-04-12,Face Wash,Karnataka,Bengaluru,560001,3,199,Blinkit,12.975680528468368,77.60010797572274
ORD001827,2026-05-18,Face Wash,Maharashtra,Thane,400601,1,299,Swiggy Instamart,19.222747738078315,72.96984346317197
ORD001828,2026-02-11,Energy Drink,Karnataka,Bengaluru,560001,3,249,Zepto,12.973093634822712,77.59824140296054
ORD001829,2026-02-20,Protein Bar,Gujarat,Ahmedabad,380001,2,149,Zepto,23.02257178466908,72.55053522341629
ORD001830,2026-04-12,Shampoo,Maharashtra,Thane,400601,3,49,Zepto,19.219904896239733,73.00022531039397
ORD001831,2026-05-03,Snacks,Maharashtra,Pune,411001,3,79,Blinkit,18.51679960731243,73.84941922902145
ORD001832,2026-05-21,Shampoo,Karnataka,Bengaluru,560001,2,199,Blinkit,12.975333485597114,77.59772378210467
ORD001833,2026-04-10,Energy Drink,Delhi,New Delhi,110001,1,79,Zepto,28.625827351654166,77.19642131844091
ORD001834,2026-02-09,Face Wash,Maharashtra,Thane,400601,5,49,Swiggy Instamart,19.22561380252575,72.98400422061252
ORD001835,2026-01-14,Snacks,Maharashtra,Pune,411001,3,249,Swiggy Instamart,18.518978534630595,73.86008687317923
ORD001836,2026-04-22,Shampoo,Maharashtra,Mumbai,400001,3,149,Blinkit,19.086294574815984,72.8864231538003
ORD001837,2026-04-20,Energy Drink,Maharashtra,Mumbai,400050,5,99,Swiggy Instamart,19.04816980687926,72.83770158186755
ORD001838,2026-02-17,Energy Drink,Delhi,New Delhi,110001,3,79,Blinkit,28.613253113949675,77.20972874098015
ORD001839,2026-06-20,Shampoo,Maharashtra,Pune,411001,2,299,Swiggy Instamart,18.521131969910016,73.85519757011203
ORD001840,2026-06-29,Snacks,Maharashtra,Mumbai,400050,5,99,Zepto,19.07151707497107,72.8286628204015
ORD001841,2026-06-11,Snacks,Telangana,Hyderabad,500001,2,129,Zepto,17.37380453871617,78.4827647014403
ORD001842,2026-04-13,Protein Bar,Maharashtra,Thane,400601,3,129,Zepto,19.220086947168102,72.99039214784297
ORD001843,2026-01-05,Coffee,Gujarat,Surat,395003,2,79,Zepto,21.17623094684949,72.82259464721254
ORD001844,2026-04-15,Coffee,Gujarat,Surat,395003,3,129,Zepto,21.19505189916679,72.83374775310979
ORD001845,2026-04-20,Shampoo,Gujarat,Ahmedabad,380001,1,249,Swiggy Instamart,23.035253907379992,72.56988285566422
ORD001846,2026-03-19,Protein Bar,Maharashtra,Mumbai,400001,3,199,Blinkit,19.081333592447056,72.8860946850452
ORD001847,2026-04-18,Energy Drink,Gujarat,Ahmedabad,380001,3,49,Zepto,23.034681947117544,72.58197368305377
ORD001848,2026-01-01,Protein Bar,Maharashtra,Mumbai,400001,3,129,Blinkit,19.08472197000073,72.87454913268806
ORD001849,2026-03-13,Coffee,Karnataka,Bengaluru,560001,1,249,Zepto,12.96588253958044,77.59792607510325
ORD001850,2026-05-06,Face Wash,Maharashtra,Nashik,422001,3,149,Zepto,20.015231280723413,73.77747279299224
ORD001851,2026-06-21,Protein Bar,Maharashtra,Mumbai,400050,5,99,Blinkit,19.070251719657143,72.84402616745486
ORD001852,2026-04-03,Snacks,Gujarat,Ahmedabad,380001,5,199,Zepto,23.013336790809266,72.56303079296204
ORD001853,2026-02-23,Coffee,Maharashtra,Nashik,422001,4,79,Zepto,20.00449624941095,73.7827761266819
ORD001854,2026-06-11,Snacks,Maharashtra,Thane,400601,5,79,Zepto,19.213054329862327,72.99162202678868
ORD001855,2026-06-17,Energy Drink,Telangana,Hyderabad,500001,2,299,Zepto,17.389240668615187,78.4870944704824
ORD001856,2026-05-20,Coffee,Maharashtra,Mumbai,400050,3,149,Swiggy Instamart,19.045240904761314,72.81634184183572
ORD001857,2026-02-21,Coffee,Karnataka,Bengaluru,560001,2,49,Zepto,12.974410092502819,77.57327404373845
ORD001858,2026-04-18,Coffee,Maharashtra,Pune,411001,3,199,Blinkit,18.53052637409644,73.85511846155629
ORD001859,2026-06-11,Snacks,Karnataka,Bengaluru,560001,1,249,Zepto,13.004030929695947,77.61767916250616
ORD001860,2026-04-18,Coffee,Karnataka,Bengaluru,560001,5,49,Zepto,12.969785509307526,77.5935366299747
ORD001861,2026-03-12,Snacks,Telangana,Hyderabad,500001,2,149,Zepto,17.394955815140023,78.50373172609918
ORD001862,2026-01-16,Snacks,Telangana,Hyderabad,500001,2,249,Blinkit,17.36861970942564,78.46883624534645
ORD001863,2026-05-12,Protein Bar,Delhi,New Delhi,110001,2,299,Swiggy Instamart,28.60767965194446,77.21482737583175
ORD001864,2026-05-24,Shampoo,Gujarat,Surat,395003,4,149,Zepto,21.17516873590508,72.84179771454984
ORD001865,2026-01-01,Energy Drink,Maharashtra,Thane,400601,5,129,Swiggy Instamart,19.206303024716345,72.95493856137031
ORD001866,2026-05-12,Shampoo,Maharashtra,Mumbai,400001,5,149,Blinkit,19.084580141953023,72.86941803727035
ORD001867,2026-03-17,Snacks,Maharashtra,Pune,411001,3,79,Zepto,18.500215121356113,73.8581506374596
ORD001868,2026-01-12,Coffee,Maharashtra,Pune,411001,2,149,Zepto,18.528331756882185,73.85547942867879
ORD001869,2026-03-13,Energy Drink,Maharashtra,Thane,400601,3,49,Swiggy Instamart,19.213721516138175,72.97650637767853
ORD001870,2026-02-23,Coffee,Maharashtra,Pune,411001,1,49,Swiggy Instamart,18.516694172375992,73.8432195288806
ORD001871,2026-06-11,Coffee,Gujarat,Ahmedabad,380001,3,199,Zepto,23.015353193230098,72.57661279905014
ORD001872,2026-03-09,Snacks,Delhi,New Delhi,110001,2,249,Swiggy Instamart,28.617116785413767,77.21068059805967
ORD001873,2026-03-25,Protein Bar,Maharashtra,Nashik,422001,1,199,Zepto,19.995948515181468,73.77788496837864
ORD001874,2026-02-15,Face Wash,Maharashtra,Nashik,422001,1,79,Swiggy Instamart,19.98412934953557,73.78148476663885
ORD001875,2026-06-17,Face Wash,Gujarat,Surat,395003,5,129,Blinkit,21.184488577078138,72.81635867867959
ORD001876,2026-03-25,Face Wash,Maharashtra,Pune,411001,2,249,Zepto,18.514540723266823,73.8599910677871
ORD001877,2026-03-01,Snacks,Karnataka,Bengaluru,560001,4,199,Zepto,12.984128426344276,77.59011775383699
ORD001878,2026-01-24,Shampoo,Karnataka,Bengaluru,560001,2,299,Zepto,12.964677496707342,77.57491076857583
ORD001879,2026-02-18,Coffee,Maharashtra,Thane,400601,4,99,Swiggy Instamart,19.21933438129308,72.99852076040143
ORD001880,2026-01-06,Face Wash,Maharashtra,Nashik,422001,2,99,Blinkit,20.008673584619647,73.77947721020817
ORD001881,2026-02-18,Protein Bar,Telangana,Hyderabad,500001,2,79,Blinkit,17.388220823107673,78.48658907996051
ORD001882,2026-04-27,Snacks,Maharashtra,Pune,411001,4,79,Swiggy Instamart,18.5122698562774,73.86493279915678
ORD001883,2026-02-05,Snacks,Delhi,New Delhi,110001,1,79,Blinkit,28.616157615231117,77.20917613251935
ORD001884,2026-01-06,Protein Bar,Gujarat,Surat,395003,1,49,Zepto,21.16044633972722,72.84413507931936
ORD001885,2026-01-22,Face Wash,Maharashtra,Pune,411001,2,49,Zepto,18.527047027453328,73.85117079162633
ORD001886,2026-05-19,Snacks,Maharashtra,Mumbai,400050,3,79,Zepto,19.06961824853682,72.82452429161614
ORD001887,2026-05-03,Coffee,Maharashtra,Thane,400601,4,99,Blinkit,19.21047996507489,72.9705029688252
ORD001888,2026-05-03,Energy Drink,Gujarat,Ahmedabad,380001,2,49,Swiggy Instamart,23.00478931446912,72.57611542380418
ORD001889,2026-06-10,Coffee,Maharashtra,Nashik,422001,1,49,Zepto,19.987588551216618,73.76741556168734
ORD001890,2026-05-20,Face Wash,Maharashtra,Mumbai,400050,1,249,Zepto,19.038844119909214,72.82863930307208
ORD001891,2026-02-27,Protein Bar,Maharashtra,Mumbai,400001,2,249,Blinkit,19.07449679539728,72.87443303786814
ORD001892,2026-04-01,Snacks,Maharashtra,Thane,400601,3,129,Swiggy Instamart,19.207874223053295,72.96637766246563
ORD001893,2026-06-25,Snacks,Gujarat,Surat,395003,1,299,Zepto,21.174843698635467,72.82559448068292
ORD001894,2026-02-27,Protein Bar,Maharashtra,Mumbai,400050,3,199,Zepto,19.06276358321536,72.82064751313875
ORD001895,2026-03-27,Protein Bar,Telangana,Hyderabad,500001,3,79,Zepto,17.386810627427714,78.49973278037317
ORD001896,2026-02-08,Energy Drink,Telangana,Hyderabad,500001,4,199,Swiggy Instamart,17.390861658003928,78.48257586181784
ORD001897,2026-06-23,Shampoo,Maharashtra,Thane,400601,2,149,Swiggy Instamart,19.220871989703557,72.9756933482547
ORD001898,2026-03-31,Protein Bar,Maharashtra,Nashik,422001,3,299,Swiggy Instamart,20.005978801846947,73.77644388947851
ORD001899,2026-03-09,Snacks,Gujarat,Ahmedabad,380001,1,49,Zepto,23.020856647941148,72.57352093353074
ORD001900,2026-03-23,Energy Drink,Maharashtra,Thane,400601,4,299,Swiggy Instamart,19.20836641300418,72.96794121173009
ORD001901,2026-01-18,Protein Bar,Karnataka,Bengaluru,560001,5,249,Swiggy Instamart,12.957714574461688,77.57859728895497
ORD001902,2026-02-07,Protein Bar,Maharashtra,Nashik,422001,3,99,Zepto,19.993727173077797,73.78129462506804
ORD001903,2026-04-01,Face Wash,Gujarat,Surat,395003,4,249,Blinkit,21.161272124845084,72.83623614464231
ORD001904,2026-06-04,Snacks,Gujarat,Surat,395003,3,99,Swiggy Instamart,21.170547137487528,72.81141495786562
ORD001905,2026-04-09,Shampoo,Maharashtra,Pune,411001,5,299,Swiggy Instamart,18.526949755842214,73.86480798645592
ORD001906,2026-05-07,Coffee,Delhi,New Delhi,110001,5,129,Blinkit,28.603961373251654,77.21320191542895
ORD001907,2026-05-29,Snacks,Maharashtra,Mumbai,400050,4,129,Swiggy Instamart,19.051035017625907,72.83047670376747
ORD001908,2026-03-02,Face Wash,Maharashtra,Mumbai,400050,1,129,Zepto,19.04695501593045,72.81156893547465
ORD001909,2026-05-23,Shampoo,Gujarat,Ahmedabad,380001,2,79,Zepto,23.018671828103873,72.57016271053725
ORD001910,2026-04-03,Energy Drink,Gujarat,Ahmedabad,380001,3,299,Zepto,23.018523203063854,72.55955969441777
ORD001911,2026-04-18,Energy Drink,Delhi,New Delhi,110001,2,129,Zepto,28.60990100937869,77.2116929475258
ORD001912,2026-01-31,Snacks,Maharashtra,Thane,400601,2,249,Swiggy Instamart,19.217851069698774,72.97992501030599
ORD001913,2026-06-28,Shampoo,Maharashtra,Mumbai,400001,3,49,Swiggy Instamart,19.06929884799546,72.88941717914716
ORD001914,2026-06-19,Coffee,Maharashtra,Mumbai,400050,1,299,Swiggy Instamart,19.04783826663445,72.83437560297087
ORD001915,2026-01-08,Energy Drink,Maharashtra,Thane,400601,3,99,Zepto,19.230118910929598,72.98290908092748
ORD001916,2026-01-20,Protein Bar,Maharashtra,Pune,411001,5,249,Zepto,18.51837475772935,73.85141702953338
ORD001917,2026-05-01,Snacks,Maharashtra,Thane,400601,2,149,Blinkit,19.22866087651046,72.96387025074738
ORD001918,2026-03-28,Shampoo,Gujarat,Surat,395003,1,149,Zepto,21.160498757396205,72.8271244223451
ORD001919,2026-01-16,Snacks,Maharashtra,Thane,400601,1,99,Swiggy Instamart,19.230676537575118,72.9818976763604
ORD001920,2026-01-03,Shampoo,Maharashtra,Thane,400601,4,299,Swiggy Instamart,19.208619542414898,72.97499692294615
ORD001921,2026-05-27,Coffee,Maharashtra,Nashik,422001,3,129,Blinkit,19.99975676855904,73.77260211007767
ORD001922,2026-03-11,Protein Bar,Maharashtra,Thane,400601,5,249,Zepto,19.228088895585568,72.96438256870736
ORD001923,2026-04-13,Coffee,Maharashtra,Pune,411001,1,129,Blinkit,18.536487808557343,73.86498229690184
ORD001924,2026-05-24,Coffee,Maharashtra,Thane,400601,1,299,Blinkit,19.229208616706035,72.97347060487975
ORD001925,2026-06-17,Snacks,Gujarat,Ahmedabad,380001,4,249,Zepto,23.02100059280921,72.55706848185476
ORD001926,2026-04-06,Snacks,Maharashtra,Mumbai,400001,4,129,Blinkit,19.070753375929332,72.88263654847644
ORD001927,2026-01-27,Protein Bar,Maharashtra,Mumbai,400050,3,199,Zepto,19.072560630617815,72.81842843183198
ORD001928,2026-03-14,Energy Drink,Maharashtra,Pune,411001,5,79,Zepto,18.516744940630147,73.85518700779768
ORD001929,2026-06-02,Protein Bar,Maharashtra,Pune,411001,3,129,Swiggy Instamart,18.506442107978074,73.8626134924176
ORD001930,2026-06-13,Protein Bar,Maharashtra,Pune,411001,2,149,Zepto,18.513160096682572,73.85474609648823
ORD001931,2026-05-25,Protein Bar,Telangana,Hyderabad,500001,5,299,Zepto,17.380480506280882,78.4788066149428
ORD001932,2026-03-22,Protein Bar,Maharashtra,Mumbai,400001,3,49,Blinkit,19.075929550145194,72.87554390421433
ORD001933,2026-04-12,Coffee,Maharashtra,Nashik,422001,2,199,Blinkit,20.002181421177212,73.7724153837832
ORD001934,2026-02-03,Snacks,Gujarat,Ahmedabad,380001,1,199,Blinkit,23.02569524670783,72.58793617268492
ORD001935,2026-01-26,Coffee,Delhi,New Delhi,110001,2,49,Swiggy Instamart,28.615298872328392,77.21896118214912
ORD001936,2026-05-03,Coffee,Gujarat,Surat,395003,1,149,Zepto,21.156297780748467,72.83267761439295
ORD001937,2026-06-24,Shampoo,Maharashtra,Thane,400601,1,79,Swiggy Instamart,19.20732631681029,72.96333075072468
ORD001938,2026-02-25,Snacks,Maharashtra,Pune,411001,2,99,Swiggy Instamart,18.513006285925407,73.86861899334414
ORD001939,2026-06-05,Snacks,Delhi,New Delhi,110001,5,199,Blinkit,28.623400158286696,77.21143004722055
ORD001940,2026-03-28,Face Wash,Maharashtra,Thane,400601,3,249,Zepto,19.2029729944011,72.97613719348612
ORD001941,2026-03-03,Energy Drink,Gujarat,Surat,395003,5,79,Zepto,21.173217000089018,72.83285536229579
ORD001942,2026-06-10,Shampoo,Telangana,Hyderabad,500001,1,49,Zepto,17.366562064165194,78.4777968215198
ORD001943,2026-05-21,Protein Bar,Maharashtra,Nashik,422001,4,79,Blinkit,20.005259222358514,73.78506290909517
ORD001944,2026-02-13,Face Wash,Gujarat,Ahmedabad,380001,2,79,Blinkit,23.000538721789002,72.5697787602452
ORD001945,2026-04-04,Face Wash,Telangana,Hyderabad,500001,1,79,Zepto,17.386430487698792,78.49519611988516
ORD001946,2026-03-08,Shampoo,Karnataka,Bengaluru,560001,3,299,Swiggy Instamart,12.978528575842375,77.60042571318809
ORD001947,2026-02-01,Coffee,Maharashtra,Thane,400601,4,49,Blinkit,19.21030059493298,72.95901997862876
ORD001948,2026-04-13,Shampoo,Maharashtra,Nashik,422001,5,99,Blinkit,20.001969472429387,73.78971631825209
ORD001949,2026-05-12,Coffee,Gujarat,Ahmedabad,380001,3,199,Zepto,23.036434545275245,72.57850549102298
ORD001950,2026-05-10,Shampoo,Gujarat,Surat,395003,3,49,Swiggy Instamart,21.17449340822802,72.83489639648387
ORD001951,2026-03-04,Snacks,Maharashtra,Mumbai,400001,5,49,Zepto,19.070438812532394,72.87639939706447
ORD001952,2026-03-16,Shampoo,Maharashtra,Mumbai,400050,2,249,Zepto,19.076290695258262,72.82007441994207
ORD001953,2026-04-10,Shampoo,Maharashtra,Pune,411001,1,199,Blinkit,18.536547787907097,73.85347971845508
ORD001954,2026-06-14,Coffee,Karnataka,Bengaluru,560001,4,79,Zepto,12.984854321090952,77.58053184990503
ORD001955,2026-01-28,Shampoo,Maharashtra,Thane,400601,4,129,Blinkit,19.224159042011646,72.97073229864053
ORD001956,2026-01-17,Face Wash,Gujarat,Ahmedabad,380001,3,299,Zepto,23.00834732808076,72.5735853404241
ORD001957,2026-01-30,Face Wash,Karnataka,Bengaluru,560001,4,49,Swiggy Instamart,12.98169471788596,77.58615058561406
ORD001958,2026-05-01,Energy Drink,Maharashtra,Thane,400601,2,199,Swiggy Instamart,19.203309840395416,72.97718155235665
ORD001959,2026-06-03,Shampoo,Maharashtra,Mumbai,400001,1,199,Blinkit,19.07512564671223,72.88318319627555
ORD001960,2026-02-24,Protein Bar,Karnataka,Bengaluru,560001,2,49,Swiggy Instamart,12.981095945713646,77.59400584818728
ORD001961,2026-03-11,Face Wash,Gujarat,Surat,395003,2,79,Zepto,21.188755033147945,72.83334234744535
ORD001962,2026-03-12,Shampoo,Maharashtra,Mumbai,400050,1,149,Swiggy Instamart,19.056135734939932,72.81338432640896
ORD001963,2026-04-18,Coffee,Karnataka,Bengaluru,560001,2,149,Zepto,12.968973404796838,77.5912361305459
ORD001964,2026-01-24,Shampoo,Maharashtra,Mumbai,400001,3,149,Zepto,19.085603047962817,72.88232483624067
ORD001965,2026-03-31,Shampoo,Maharashtra,Pune,411001,4,299,Swiggy Instamart,18.508606308783673,73.85842254386411
ORD001966,2026-06-28,Shampoo,Maharashtra,Thane,400601,3,249,Zepto,19.22501531171729,72.99338031359387
ORD001967,2026-06-02,Energy Drink,Delhi,New Delhi,110001,1,99,Blinkit,28.622775039674142,77.21660846654312
ORD001968,2026-01-04,Energy Drink,Gujarat,Ahmedabad,380001,4,99,Blinkit,23.02310085994615,72.57528312005424
ORD001969,2026-01-30,Snacks,Gujarat,Ahmedabad,380001,4,149,Swiggy Instamart,23.034995049007062,72.5580722260252
ORD001970,2026-04-26,Energy Drink,Maharashtra,Mumbai,400001,4,79,Zepto,19.07250560672783,72.86997431251244
ORD001971,2026-02-18,Shampoo,Maharashtra,Pune,411001,5,99,Swiggy Instamart,18.52419153118726,73.86900222175652
ORD001972,2026-02-25,Face Wash,Gujarat,Surat,395003,2,129,Swiggy Instamart,21.16423025713279,72.80719695632531
ORD001973,2026-01-04,Face Wash,Telangana,Hyderabad,500001,3,49,Blinkit,17.380877792549757,78.49583473732017
ORD001974,2026-05-09,Protein Bar,Maharashtra,Nashik,422001,4,299,Blinkit,20.0112762990295,73.78398186247811
ORD001975,2026-04-01,Face Wash,Gujarat,Surat,395003,5,249,Swiggy Instamart,21.167400066981255,72.81830969263781
ORD001976,2026-01-30,Energy Drink,Gujarat,Ahmedabad,380001,4,249,Blinkit,23.027652943216246,72.56305718189965
ORD001977,2026-05-22,Coffee,Maharashtra,Thane,400601,2,249,Blinkit,19.240140967333804,72.98380507208354
ORD001978,2026-06-18,Snacks,Maharashtra,Nashik,422001,4,149,Swiggy Instamart,20.00009351697446,73.77358614752612
ORD001979,2026-01-26,Protein Bar,Telangana,Hyderabad,500001,1,79,Swiggy Instamart,17.384070557933864,78.48430498077978
ORD001980,2026-06-07,Shampoo,Maharashtra,Mumbai,400001,1,299,Swiggy Instamart,19.0871683377553,72.87956416169745
ORD001981,2026-05-20,Protein Bar,Telangana,Hyderabad,500001,4,49,Swiggy Instamart,17.377683682610915,78.50560440685156
ORD001982,2026-04-18,Energy Drink,Maharashtra,Nashik,422001,2,299,Swiggy Instamart,20.006393083315203,73.7873883967597
ORD001983,2026-01-30,Energy Drink,Gujarat,Surat,395003,4,79,Blinkit,21.164117734925554,72.83473115627746
ORD001984,2026-04-16,Snacks,Karnataka,Bengaluru,560001,4,49,Blinkit,12.974711099911433,77.57570350707904
ORD001985,2026-05-10,Face Wash,Maharashtra,Pune,411001,3,149,Blinkit,18.540552751104606,73.86960644460923
ORD001986,2026-06-22,Energy Drink,Gujarat,Surat,395003,1,249,Zepto,21.16622804683854,72.82007730259545
ORD001987,2026-01-07,Energy Drink,Maharashtra,Mumbai,400001,3,199,Blinkit,19.079475616138037,72.87856697699415
ORD001988,2026-05-27,Shampoo,Maharashtra,Thane,400601,2,249,Zepto,19.22185668948563,72.98001577396194
ORD001989,2026-06-14,Shampoo,Telangana,Hyderabad,500001,1,249,Zepto,17.390062409893062,78.50117305699392
ORD001990,2026-02-14,Shampoo,Gujarat,Surat,395003,3,99,Blinkit,21.175881032051286,72.8206034450109
ORD001991,2026-01-26,Snacks,Maharashtra,Pune,411001,2,79,Swiggy Instamart,18.53402562852712,73.87310614563489
ORD001992,2026-04-11,Snacks,Telangana,Hyderabad,500001,3,99,Blinkit,17.416520567345124,78.4754650596676
ORD001993,2026-01-24,Protein Bar,Maharashtra,Pune,411001,1,249,Zepto,18.5228288201315,73.8358790129681
ORD001994,2026-02-09,Protein Bar,Telangana,Hyderabad,500001,5,79,Swiggy Instamart,17.390531491563795,78.48121799701833
ORD001995,2026-01-07,Snacks,Gujarat,Surat,395003,2,299,Swiggy Instamart,21.189434457948252,72.82335385029982
ORD001996,2026-02-17,Energy Drink,Gujarat,Ahmedabad,380001,2,149,Zepto,23.005608169620327,72.56668736259297
ORD001997,2026-03-04,Snacks,Delhi,New Delhi,110001,4,149,Swiggy Instamart,28.59414512228783,77.21651099454508
ORD001998,2026-03-12,Protein Bar,Maharashtra,Mumbai,400001,2,49,Swiggy Instamart,19.055349169537436,72.87798457581184
ORD001999,2026-01-27,Protein Bar,Telangana,Hyderabad,500001,4,79,Zepto,17.36422188180144,78.48349702195463
ORD002000,2026-03-14,Face Wash,Maharashtra,Thane,400601,2,79,Zepto,19.234733781558045,72.98170647891436
ORD002001,2026-04-03,Energy Drink,Karnataka,Bengaluru,560001,4,79,Blinkit,12.962965063950351,77.59428796511061
ORD002002,2026-04-16,Protein Bar,Maharashtra,Mumbai,400001,4,79,Zepto,19.076180168720445,72.88242630345844
ORD002003,2026-04-07,Face Wash,Gujarat,Surat,395003,4,99,Zepto,21.156531416367194,72.83702567273848
ORD002004,2026-01-03,Energy Drink,Maharashtra,Nashik,422001,5,49,Zepto,19.978856083683972,73.77340115447636
ORD002005,2026-03-30,Shampoo,Gujarat,Ahmedabad,380001,5,49,Zepto,23.017617261575484,72.57773326826072
ORD002006,2026-03-07,Protein Bar,Delhi,New Delhi,110001,2,49,Swiggy Instamart,28.61412630852677,77.19494436946144
ORD002007,2026-05-13,Coffee,Maharashtra,Mumbai,400001,2,129,Blinkit,19.06615006874183,72.87968680009548
ORD002008,2026-02-25,Protein Bar,Maharashtra,Mumbai,400050,3,99,Zepto,19.058809326581354,72.82370875890363
ORD002009,2026-06-27,Energy Drink,Maharashtra,Mumbai,400050,3,149,Blinkit,19.05479166210488,72.83646167997159
ORD002010,2026-01-24,Face Wash,Maharashtra,Pune,411001,5,149,Blinkit,18.515223074271308,73.85581908755971
ORD002011,2026-04-22,Coffee,Karnataka,Bengaluru,560001,4,129,Blinkit,12.993299365880805,77.58036317363116
ORD002012,2026-02-20,Snacks,Maharashtra,Thane,400601,3,249,Zepto,19.199781572684252,72.98593589664799
ORD002013,2026-05-31,Face Wash,Telangana,Hyderabad,500001,2,129,Swiggy Instamart,17.37821356938706,78.48351762472257
ORD002014,2026-04-21,Shampoo,Karnataka,Bengaluru,560001,4,149,Blinkit,12.963788436218689,77.59200199859232
ORD002015,2026-01-28,Coffee,Telangana,Hyderabad,500001,4,249,Zepto,17.400985381120964,78.49472128458618
ORD002016,2026-04-01,Face Wash,Telangana,Hyderabad,500001,1,299,Zepto,17.393622235118873,78.47253772944207
ORD002017,2026-05-11,Face Wash,Maharashtra,Mumbai,400001,5,249,Blinkit,19.064488462634472,72.84930921340515
ORD002018,2026-06-15,Coffee,Telangana,Hyderabad,500001,3,249,Zepto,17.376906191789175,78.49626703186385
ORD002019,2026-02-16,Face Wash,Maharashtra,Mumbai,400050,4,99,Blinkit,19.064769465157482,72.82728486737048
ORD002020,2026-01-19,Energy Drink,Maharashtra,Pune,411001,3,199,Zepto,18.520176997162817,73.84981114457425
ORD002021,2026-02-01,Protein Bar,Gujarat,Ahmedabad,380001,3,49,Swiggy Instamart,23.024547588824017,72.5790587827948
ORD002022,2026-02-24,Shampoo,Gujarat,Ahmedabad,380001,5,199,Zepto,23.006341132125897,72.57439647687838
ORD002023,2026-01-17,Shampoo,Delhi,New Delhi,110001,3,129,Swiggy Instamart,28.62322434870955,77.20484899711037
ORD002024,2026-01-27,Coffee,Maharashtra,Pune,411001,3,79,Swiggy Instamart,18.527407006121205,73.88484654444473
ORD002025,2026-06-24,Shampoo,Gujarat,Surat,395003,3,199,Zepto,21.169156572070133,72.83503307050006
ORD002026,2026-01-13,Shampoo,Maharashtra,Pune,411001,4,49,Blinkit,18.513019429163386,73.85851251162602
ORD002027,2026-01-31,Protein Bar,Gujarat,Surat,395003,4,99,Swiggy Instamart,21.174802716249825,72.8330484234027
ORD002028,2026-06-01,Shampoo,Gujarat,Ahmedabad,380001,2,49,Blinkit,23.012303046802913,72.57346361771326
ORD002029,2026-06-14,Coffee,Maharashtra,Mumbai,400001,1,299,Blinkit,19.090621959387178,72.88218635764515
ORD002030,2026-04-14,Protein Bar,Maharashtra,Thane,400601,5,49,Blinkit,19.227919871890716,72.97572988029987
ORD002031,2026-01-18,Shampoo,Maharashtra,Mumbai,400001,1,249,Swiggy Instamart,19.083499002394237,72.88049267838217
ORD002032,2026-03-12,Face Wash,Maharashtra,Nashik,422001,3,249,Zepto,19.99639089270313,73.782885210048
ORD002033,2026-03-22,Shampoo,Delhi,New Delhi,110001,5,49,Blinkit,28.603983033365598,77.20267119725115
ORD002034,2026-06-28,Shampoo,Maharashtra,Nashik,422001,4,79,Blinkit,20.007793283072925,73.78267244273381
ORD002035,2026-01-27,Protein Bar,Telangana,Hyderabad,500001,2,49,Zepto,17.37310767534923,78.49723985771183
ORD002036,2026-01-27,Face Wash,Maharashtra,Thane,400601,4,129,Zepto,19.224020062783005,72.97105271564389
ORD002037,2026-02-18,Snacks,Maharashtra,Mumbai,400050,3,49,Swiggy Instamart,19.044224152035508,72.82805095420917
ORD002038,2026-03-08,Protein Bar,Maharashtra,Mumbai,400001,1,49,Blinkit,19.07154056286139,72.87883140457053
ORD002039,2026-03-09,Face Wash,Maharashtra,Mumbai,400050,5,249,Blinkit,19.055968833388444,72.80942543139254
ORD002040,2026-02-05,Coffee,Maharashtra,Thane,400601,4,79,Zepto,19.214416530616987,72.97504380888931
ORD002041,2026-02-07,Coffee,Gujarat,Ahmedabad,380001,4,299,Swiggy Instamart,23.02883661024774,72.56441800325389
ORD002042,2026-05-14,Coffee,Maharashtra,Mumbai,400050,2,299,Swiggy Instamart,19.076386746733725,72.81038359449347
ORD002043,2026-03-13,Face Wash,Karnataka,Bengaluru,560001,4,129,Zepto,12.984711674978026,77.59235681029122
ORD002044,2026-03-17,Snacks,Maharashtra,Nashik,422001,1,199,Swiggy Instamart,20.014495848723435,73.78049801484059
ORD002045,2026-06-18,Snacks,Maharashtra,Pune,411001,2,79,Zepto,18.531795555360254,73.85282638035447
ORD002046,2026-01-16,Energy Drink,Karnataka,Bengaluru,560001,1,129,Blinkit,12.960613795748221,77.60880504287272
ORD002047,2026-02-18,Shampoo,Gujarat,Surat,395003,1,199,Zepto,21.16906519354118,72.83331558473625
ORD002048,2026-05-16,Coffee,Telangana,Hyderabad,500001,3,149,Swiggy Instamart,17.39734751914045,78.47638044757906
ORD002049,2026-06-17,Energy Drink,Karnataka,Bengaluru,560001,5,79,Zepto,12.977554908976392,77.58870105243537
ORD002050,2026-04-04,Shampoo,Maharashtra,Pune,411001,4,129,Blinkit,18.519078306443554,73.85742278965385
ORD002051,2026-01-18,Face Wash,Maharashtra,Pune,411001,4,99,Swiggy Instamart,18.50539778138553,73.8489116295718
ORD002052,2026-05-28,Snacks,Maharashtra,Nashik,422001,1,99,Blinkit,20.019410728924132,73.78856191188585
ORD002053,2026-01-29,Energy Drink,Maharashtra,Mumbai,400050,1,299,Zepto,19.05897360422673,72.83193123458513
ORD002054,2026-01-08,Shampoo,Maharashtra,Nashik,422001,5,299,Blinkit,20.002957574943636,73.79326583385829
ORD002055,2026-01-31,Coffee,Maharashtra,Nashik,422001,1,199,Blinkit,20.00389647422206,73.78201842092136
ORD002056,2026-02-08,Shampoo,Maharashtra,Pune,411001,5,249,Swiggy Instamart,18.53186030144142,73.84892628515155
ORD002057,2026-01-14,Shampoo,Gujarat,Ahmedabad,380001,3,199,Zepto,23.03808789184497,72.55609538590257
ORD002058,2026-06-16,Shampoo,Maharashtra,Mumbai,400001,4,129,Blinkit,19.09229642131113,72.87397324416048
ORD002059,2026-04-14,Energy Drink,Maharashtra,Pune,411001,5,149,Swiggy Instamart,18.517973012521747,73.83779989828817
ORD002060,2026-05-07,Coffee,Telangana,Hyderabad,500001,4,79,Swiggy Instamart,17.380452052826225,78.47630193468973
ORD002061,2026-06-15,Energy Drink,Maharashtra,Mumbai,400001,1,129,Zepto,19.069923536546266,72.87632689034211
ORD002062,2026-01-10,Coffee,Maharashtra,Mumbai,400001,3,129,Zepto,19.08557791614473,72.879776033514
ORD002063,2026-01-26,Face Wash,Delhi,New Delhi,110001,2,249,Blinkit,28.616976766534012,77.19804480611155
ORD002064,2026-01-26,Energy Drink,Gujarat,Surat,395003,3,299,Zepto,21.161392459103975,72.84908725018352
ORD002065,2026-02-22,Face Wash,Maharashtra,Thane,400601,3,149,Swiggy Instamart,19.210947989652368,72.99466208252058
ORD002066,2026-01-25,Energy Drink,Maharashtra,Mumbai,400001,5,299,Swiggy Instamart,19.07356938801119,72.87772287936144
ORD002067,2026-06-26,Energy Drink,Maharashtra,Nashik,422001,2,199,Swiggy Instamart,20.0166036516023,73.79241892421939
ORD002068,2026-02-12,Energy Drink,Maharashtra,Mumbai,400050,3,299,Zepto,19.05849187439721,72.82561756946478
ORD002069,2026-06-20,Shampoo,Maharashtra,Mumbai,400001,4,199,Zepto,19.07544079551478,72.88107957528233
ORD002070,2026-03-09,Protein Bar,Maharashtra,Thane,400601,2,49,Swiggy Instamart,19.227213036868697,72.97814229858994
ORD002071,2026-05-02,Coffee,Gujarat,Ahmedabad,380001,1,299,Zepto,23.028688862980232,72.58778359732271
ORD002072,2026-01-29,Protein Bar,Karnataka,Bengaluru,560001,1,149,Zepto,12.975413096122649,77.59771652856004
ORD002073,2026-05-09,Energy Drink,Delhi,New Delhi,110001,2,79,Zepto,28.5987108917491,77.18269269863171
ORD002074,2026-03-27,Shampoo,Maharashtra,Nashik,422001,4,199,Swiggy Instamart,20.0097837572923,73.7787517576872
ORD002075,2026-06-19,Shampoo,Maharashtra,Nashik,422001,3,199,Blinkit,20.000752173250852,73.78213530204187
ORD002076,2026-04-01,Face Wash,Maharashtra,Mumbai,400001,3,299,Zepto,19.075395962708033,72.88897780250635
ORD002077,2026-06-25,Coffee,Maharashtra,Nashik,422001,1,99,Blinkit,20.00676110868259,73.77223076714931
ORD002078,2026-06-18,Energy Drink,Maharashtra,Pune,411001,3,299,Zepto,18.53030166238959,73.85452868925054
ORD002079,2026-05-28,Snacks,Maharashtra,Pune,411001,4,199,Zepto,18.525665366836723,73.85192589293807
ORD002080,2026-02-19,Shampoo,Maharashtra,Mumbai,400050,1,149,Swiggy Instamart,19.053101731145027,72.83034168230185
ORD002081,2026-04-26,Coffee,Delhi,New Delhi,110001,2,149,Swiggy Instamart,28.61402828643544,77.21379827035368
ORD002082,2026-03-26,Shampoo,Gujarat,Ahmedabad,380001,5,249,Blinkit,23.019813542466903,72.55303640216229
ORD002083,2026-02-18,Protein Bar,Maharashtra,Nashik,422001,5,199,Swiggy Instamart,20.001572261164117,73.78763818467144
ORD002084,2026-04-21,Shampoo,Maharashtra,Mumbai,400050,5,199,Blinkit,19.056626239207567,72.82703616597485
ORD002085,2026-01-03,Shampoo,Maharashtra,Mumbai,400050,2,299,Swiggy Instamart,19.06946376505906,72.82238026772741
ORD002086,2026-05-14,Face Wash,Maharashtra,Thane,400601,5,99,Blinkit,19.202871967817572,72.97649368880474
ORD002087,2026-03-15,Protein Bar,Karnataka,Bengaluru,560001,3,49,Blinkit,12.966758260487513,77.58493753680247
ORD002088,2026-02-25,Face Wash,Maharashtra,Mumbai,400001,5,79,Zepto,19.074246215441015,72.88261505647247
ORD002089,2026-03-20,Protein Bar,Karnataka,Bengaluru,560001,4,199,Swiggy Instamart,12.971507114384321,77.59766981072686
ORD002090,2026-01-13,Face Wash,Maharashtra,Mumbai,400001,2,199,Blinkit,19.094134076985156,72.87427121138442
ORD002091,2026-06-20,Coffee,Delhi,New Delhi,110001,2,79,Swiggy Instamart,28.61668348634645,77.20390786637401
ORD002092,2026-02-06,Snacks,Maharashtra,Nashik,422001,2,249,Swiggy Instamart,19.99743640280113,73.77385092346583
ORD002093,2026-03-16,Energy Drink,Maharashtra,Mumbai,400050,1,299,Blinkit,19.054812414284783,72.83309475797547
ORD002094,2026-06-23,Snacks,Maharashtra,Pune,411001,4,249,Blinkit,18.543890757867008,73.84953956563724
ORD002095,2026-03-08,Face Wash,Maharashtra,Mumbai,400050,5,149,Zepto,19.055433746943844,72.82886876986889
ORD002096,2026-04-22,Snacks,Telangana,Hyderabad,500001,3,99,Swiggy Instamart,17.3889579884871,78.48933550811955
ORD002097,2026-03-06,Energy Drink,Maharashtra,Pune,411001,4,129,Blinkit,18.53324095793948,73.83243607929465
ORD002098,2026-01-22,Face Wash,Maharashtra,Nashik,422001,5,299,Swiggy Instamart,19.982030701298044,73.7747412182799
ORD002099,2026-04-07,Shampoo,Maharashtra,Thane,400601,1,99,Swiggy Instamart,19.229273001875438,72.96244351968394
ORD002100,2026-06-27,Face Wash,Karnataka,Bengaluru,560001,5,199,Blinkit,12.941523676603063,77.6003117940622
ORD002101,2026-04-20,Shampoo,Gujarat,Ahmedabad,380001,4,249,Blinkit,23.024936572237028,72.560497915932
ORD002102,2026-05-24,Protein Bar,Maharashtra,Mumbai,400001,4,79,Zepto,19.06614460399279,72.86800256280365
ORD002103,2026-03-19,Energy Drink,Telangana,Hyderabad,500001,5,199,Zepto,17.38610535317474,78.48043684723817
ORD002104,2026-05-20,Coffee,Telangana,Hyderabad,500001,3,49,Blinkit,17.389940639189756,78.45815373337095
ORD002105,2026-04-14,Snacks,Maharashtra,Thane,400601,1,299,Swiggy Instamart,19.209731481348722,72.96683946039089
ORD002106,2026-01-14,Protein Bar,Karnataka,Bengaluru,560001,1,149,Swiggy Instamart,12.969036593216275,77.58921952241509
ORD002107,2026-03-27,Coffee,Maharashtra,Mumbai,400050,1,149,Swiggy Instamart,19.067578437798957,72.81090663228339
ORD002108,2026-06-26,Face Wash,Karnataka,Bengaluru,560001,1,79,Swiggy Instamart,12.972054914763309,77.60018336423212
ORD002109,2026-06-22,Coffee,Telangana,Hyderabad,500001,1,129,Swiggy Instamart,17.403566474365622,78.48188234028906
ORD002110,2026-05-24,Snacks,Maharashtra,Thane,400601,4,99,Zepto,19.221544586043525,72.96006137207438
ORD002111,2026-03-19,Snacks,Maharashtra,Thane,400601,3,49,Blinkit,19.19438043795687,72.98654774375781
ORD002112,2026-06-26,Energy Drink,Telangana,Hyderabad,500001,1,79,Zepto,17.38494439706352,78.49848512689799
ORD002113,2026-06-04,Protein Bar,Maharashtra,Thane,400601,5,79,Zepto,19.204565971110302,72.98329902139528
ORD002114,2026-01-27,Shampoo,Maharashtra,Pune,411001,1,299,Blinkit,18.539088178405436,73.86089705608357
ORD002115,2026-02-01,Face Wash,Maharashtra,Mumbai,400001,4,299,Zepto,19.07876581505591,72.87778556080825
ORD002116,2026-05-20,Face Wash,Maharashtra,Pune,411001,5,299,Swiggy Instamart,18.50469118542874,73.87025572935711
ORD002117,2026-02-01,Shampoo,Telangana,Hyderabad,500001,2,49,Zepto,17.37889142360195,78.49174483256382
ORD002118,2026-06-18,Energy Drink,Maharashtra,Thane,400601,2,129,Blinkit,19.202669656934287,72.96630540335492
ORD002119,2026-03-16,Face Wash,Karnataka,Bengaluru,560001,1,299,Blinkit,12.985950873992223,77.59112697711042
ORD002120,2026-04-11,Shampoo,Maharashtra,Nashik,422001,1,299,Blinkit,20.020432754760424,73.77891769340943
ORD002121,2026-02-07,Protein Bar,Gujarat,Surat,395003,3,299,Zepto,21.151781022270423,72.84002067599732
ORD002122,2026-04-10,Protein Bar,Telangana,Hyderabad,500001,5,149,Zepto,17.379101076822444,78.49368688813517
ORD002123,2026-04-24,Protein Bar,Telangana,Hyderabad,500001,3,99,Blinkit,17.385252108675402,78.47126881772057
ORD002124,2026-03-12,Protein Bar,Karnataka,Bengaluru,560001,2,199,Swiggy Instamart,12.973242947653706,77.61656223142153
ORD002125,2026-02-23,Face Wash,Delhi,New Delhi,110001,5,249,Swiggy Instamart,28.618829864585145,77.20842482246995
ORD002126,2026-02-14,Snacks,Maharashtra,Mumbai,400050,2,199,Swiggy Instamart,19.07035343401957,72.83160668465203
ORD002127,2026-03-28,Shampoo,Telangana,Hyderabad,500001,2,149,Swiggy Instamart,17.38709534230263,78.4757837482784
ORD002128,2026-04-11,Protein Bar,Maharashtra,Nashik,422001,4,249,Blinkit,20.008238480257898,73.79005443416418
ORD002129,2026-06-18,Energy Drink,Telangana,Hyderabad,500001,5,149,Zepto,17.376639378479002,78.50094495821247
ORD002130,2026-05-31,Coffee,Gujarat,Ahmedabad,380001,3,249,Zepto,23.02158293975855,72.56252230488461
ORD002131,2026-01-08,Snacks,Maharashtra,Mumbai,400001,2,129,Zepto,19.085976320769202,72.87483205764262
ORD002132,2026-05-08,Snacks,Maharashtra,Mumbai,400050,4,199,Zepto,19.06719514887486,72.82658241367741
ORD002133,2026-01-27,Energy Drink,Maharashtra,Pune,411001,4,249,Zepto,18.5198017385647,73.86163560204335
ORD002134,2026-06-06,Face Wash,Maharashtra,Mumbai,400001,1,49,Swiggy Instamart,19.0789089705759,72.85774468219549
ORD002135,2026-04-24,Face Wash,Maharashtra,Mumbai,400050,5,49,Zepto,19.048387562599057,72.8387940998479
ORD002136,2026-01-28,Snacks,Gujarat,Ahmedabad,380001,4,249,Zepto,23.021178634110985,72.56616268697228
ORD002137,2026-05-23,Energy Drink,Telangana,Hyderabad,500001,2,149,Blinkit,17.371414259847427,78.47590263678724
ORD002138,2026-06-23,Face Wash,Karnataka,Bengaluru,560001,2,129,Swiggy Instamart,12.95138201360038,77.59358719281299
ORD002139,2026-04-22,Coffee,Maharashtra,Thane,400601,2,79,Swiggy Instamart,19.21231562419419,72.96843412109014
ORD002140,2026-06-11,Snacks,Maharashtra,Mumbai,400001,1,129,Zepto,19.07531876574832,72.88133970630854
ORD002141,2026-01-02,Face Wash,Maharashtra,Thane,400601,4,79,Blinkit,19.2392319793221,72.96298116580436
ORD002142,2026-06-24,Snacks,Maharashtra,Thane,400601,5,299,Zepto,19.229893810433005,72.98783101561015
ORD002143,2026-05-27,Shampoo,Maharashtra,Pune,411001,5,199,Blinkit,18.51260907260623,73.85873235954587
ORD002144,2026-05-24,Energy Drink,Telangana,Hyderabad,500001,1,299,Blinkit,17.380423667506626,78.48855688580419
ORD002145,2026-01-19,Coffee,Gujarat,Surat,395003,1,99,Swiggy Instamart,21.185291310134048,72.83715606232632
ORD002146,2026-01-26,Protein Bar,Maharashtra,Nashik,422001,4,129,Zepto,20.010986083732334,73.77539690680045
ORD002147,2026-05-19,Face Wash,Telangana,Hyderabad,500001,1,129,Blinkit,17.370159433350757,78.4846153178946
ORD002148,2026-04-10,Snacks,Maharashtra,Nashik,422001,3,79,Zepto,20.01796608154864,73.76442832143411
ORD002149,2026-01-20,Coffee,Maharashtra,Nashik,422001,5,129,Swiggy Instamart,19.995349106318233,73.78096267736234
ORD002150,2026-05-09,Face Wash,Telangana,Hyderabad,500001,4,49,Swiggy Instamart,17.37515345215153,78.47877476552884
ORD002151,2026-05-30,Shampoo,Maharashtra,Mumbai,400050,3,49,Zepto,19.055364014182718,72.8158438259581
ORD002152,2026-04-18,Face Wash,Gujarat,Ahmedabad,380001,2,199,Zepto,23.012758781537837,72.57843427916787
ORD002153,2026-02-22,Coffee,Maharashtra,Thane,400601,3,49,Zepto,19.20522630217769,72.96212127865505
ORD002154,2026-01-19,Coffee,Karnataka,Bengaluru,560001,5,49,Blinkit,12.965299750204661,77.60191955502509
ORD002155,2026-04-17,Coffee,Maharashtra,Mumbai,400050,5,79,Swiggy Instamart,19.057630781920032,72.82485418921884
ORD002156,2026-02-03,Face Wash,Karnataka,Bengaluru,560001,1,79,Zepto,12.972043587975156,77.57714292567141
ORD002157,2026-05-10,Energy Drink,Karnataka,Bengaluru,560001,3,249,Blinkit,12.97654705653775,77.59843435031404
ORD002158,2026-02-28,Protein Bar,Maharashtra,Nashik,422001,1,49,Zepto,20.001806915259042,73.78975924511796
ORD002159,2026-06-05,Shampoo,Delhi,New Delhi,110001,1,299,Zepto,28.60262503901047,77.22027908993253
ORD002160,2026-04-07,Snacks,Gujarat,Surat,395003,2,249,Swiggy Instamart,21.171744936655955,72.82773447410122
ORD002161,2026-05-21,Energy Drink,Gujarat,Surat,395003,1,299,Zepto,21.170001263646316,72.8300273523419
ORD002162,2026-04-05,Face Wash,Telangana,Hyderabad,500001,2,199,Blinkit,17.39720282896418,78.4759332087253
ORD002163,2026-03-02,Energy Drink,Maharashtra,Mumbai,400001,1,49,Zepto,19.068374807608535,72.88806302892073
ORD002164,2026-05-18,Coffee,Gujarat,Surat,395003,1,49,Swiggy Instamart,21.16424465064816,72.84010533077333
ORD002165,2026-01-15,Protein Bar,Maharashtra,Pune,411001,1,99,Blinkit,18.537394359830085,73.85268204973059
ORD002166,2026-03-14,Protein Bar,Maharashtra,Thane,400601,3,199,Swiggy Instamart,19.225113623265752,72.96656307718659
ORD002167,2026-03-16,Energy Drink,Maharashtra,Pune,411001,5,249,Blinkit,18.527947332980677,73.85869423985987
ORD002168,2026-06-18,Protein Bar,Maharashtra,Mumbai,400050,1,149,Swiggy Instamart,19.064330382821602,72.82304427927964
ORD002169,2026-05-07,Snacks,Maharashtra,Pune,411001,3,129,Blinkit,18.503789165844328,73.8617325206475
ORD002170,2026-04-04,Coffee,Maharashtra,Nashik,422001,3,129,Swiggy Instamart,19.985265968475208,73.77652649507758
ORD002171,2026-03-23,Snacks,Maharashtra,Nashik,422001,5,79,Zepto,20.015311818664202,73.78161897735873
ORD002172,2026-04-16,Snacks,Gujarat,Ahmedabad,380001,5,299,Blinkit,23.0419834264479,72.58165109152581
ORD002173,2026-02-22,Energy Drink,Maharashtra,Mumbai,400050,5,129,Blinkit,19.053061016116743,72.82977313379851
ORD002174,2026-02-23,Protein Bar,Delhi,New Delhi,110001,3,99,Zepto,28.613426292974555,77.19317823236655
ORD002175,2026-06-28,Shampoo,Maharashtra,Pune,411001,4,79,Zepto,18.510996010835154,73.8510923909302
ORD002176,2026-01-09,Face Wash,Karnataka,Bengaluru,560001,3,249,Blinkit,12.95123779497144,77.59507493468251
ORD002177,2026-01-16,Face Wash,Maharashtra,Mumbai,400050,5,249,Blinkit,19.05710928155347,72.81277106098688
ORD002178,2026-04-08,Shampoo,Maharashtra,Mumbai,400001,4,49,Zepto,19.080042128652774,72.88485872744691
ORD002179,2026-04-08,Energy Drink,Maharashtra,Pune,411001,4,49,Swiggy Instamart,18.522670344788647,73.85345931824791
ORD002180,2026-01-09,Coffee,Maharashtra,Nashik,422001,3,49,Swiggy Instamart,20.01181442151752,73.78650220360477
ORD002181,2026-03-09,Coffee,Gujarat,Ahmedabad,380001,2,49,Blinkit,23.025574035697197,72.56315387749565
ORD002182,2026-04-22,Shampoo,Telangana,Hyderabad,500001,1,79,Swiggy Instamart,17.387766007655113,78.49865480650826
ORD002183,2026-06-23,Face Wash,Gujarat,Surat,395003,5,299,Blinkit,21.164233709413885,72.85207939339134
ORD002184,2026-05-26,Coffee,Telangana,Hyderabad,500001,3,99,Blinkit,17.37974369066015,78.4870240701334
ORD002185,2026-03-02,Energy Drink,Karnataka,Bengaluru,560001,1,149,Swiggy Instamart,12.964875144039937,77.5968327083592
ORD002186,2026-01-22,Energy Drink,Maharashtra,Nashik,422001,5,149,Blinkit,19.988477783073648,73.77423958201184
ORD002187,2026-04-12,Protein Bar,Telangana,Hyderabad,500001,5,149,Blinkit,17.374078787996517,78.48805338347893
ORD002188,2026-06-18,Face Wash,Maharashtra,Nashik,422001,5,49,Zepto,20.015844473755088,73.78616006187116
ORD002189,2026-05-26,Snacks,Maharashtra,Nashik,422001,3,149,Zepto,19.98218340639141,73.80012069652929
ORD002190,2026-04-29,Protein Bar,Karnataka,Bengaluru,560001,4,49,Blinkit,12.97455279940621,77.58683500859507
ORD002191,2026-04-02,Shampoo,Maharashtra,Mumbai,400001,5,129,Blinkit,19.07757127918991,72.87946189822503
ORD002192,2026-05-29,Protein Bar,Maharashtra,Mumbai,400001,3,199,Zepto,19.069331512830484,72.87967916667343
ORD002193,2026-02-16,Face Wash,Karnataka,Bengaluru,560001,3,149,Blinkit,12.965525277123797,77.5905563800731
ORD002194,2026-02-28,Snacks,Maharashtra,Thane,400601,2,99,Swiggy Instamart,19.211437208642447,72.9637732871026
ORD002195,2026-03-01,Protein Bar,Maharashtra,Mumbai,400001,1,99,Swiggy Instamart,19.077458364702153,72.88355299436516
ORD002196,2026-04-23,Coffee,Delhi,New Delhi,110001,3,49,Swiggy Instamart,28.619048835960765,77.21719925252636
ORD002197,2026-01-16,Snacks,Maharashtra,Pune,411001,3,149,Zepto,18.52364340210015,73.85137274501784
ORD002198,2026-05-19,Snacks,Gujarat,Ahmedabad,380001,1,129,Blinkit,23.03089663864431,72.55782482460158
ORD002199,2026-01-20,Coffee,Maharashtra,Mumbai,400050,4,79,Swiggy Instamart,19.050593286174873,72.81985799928576
ORD002200,2026-03-02,Energy Drink,Maharashtra,Mumbai,400050,3,199,Swiggy Instamart,19.07040056059139,72.8389278851414
ORD002201,2026-01-19,Snacks,Gujarat,Surat,395003,4,149,Zepto,21.17507305237045,72.84181929865213
ORD002202,2026-03-25,Coffee,Maharashtra,Mumbai,400001,3,199,Blinkit,19.06720717217588,72.88118595119862
ORD002203,2026-05-01,Face Wash,Gujarat,Ahmedabad,380001,5,49,Zepto,23.02124825571617,72.57986882103884
ORD002204,2026-01-12,Face Wash,Gujarat,Ahmedabad,380001,2,49,Zepto,23.02134775767448,72.5675505711159
ORD002205,2026-02-24,Face Wash,Telangana,Hyderabad,500001,5,199,Zepto,17.390409085185613,78.4954616916719
ORD002206,2026-05-30,Protein Bar,Gujarat,Surat,395003,2,249,Swiggy Instamart,21.163516548051533,72.83048924328648
ORD002207,2026-01-20,Energy Drink,Maharashtra,Mumbai,400050,5,249,Swiggy Instamart,19.049015593663583,72.80451938982506
ORD002208,2026-05-16,Protein Bar,Maharashtra,Mumbai,400050,5,299,Swiggy Instamart,19.061604596314137,72.83558905356254
ORD002209,2026-05-14,Shampoo,Delhi,New Delhi,110001,3,149,Zepto,28.616520668090867,77.18950438282246
ORD002210,2026-03-17,Energy Drink,Telangana,Hyderabad,500001,3,129,Blinkit,17.381491505699238,78.46451652239949
ORD002211,2026-04-27,Face Wash,Maharashtra,Pune,411001,1,129,Blinkit,18.53409701107654,73.84583945417883
ORD002212,2026-04-03,Protein Bar,Gujarat,Surat,395003,3,79,Blinkit,21.1827540360946,72.84055869643684
ORD002213,2026-06-04,Energy Drink,Karnataka,Bengaluru,560001,4,249,Zepto,12.96259409647464,77.58327215048732
ORD002214,2026-02-02,Coffee,Telangana,Hyderabad,500001,2,249,Swiggy Instamart,17.388503702163867,78.47825675962817
ORD002215,2026-06-20,Energy Drink,Telangana,Hyderabad,500001,5,149,Blinkit,17.386024846421584,78.48187172409193
ORD002216,2026-03-22,Protein Bar,Gujarat,Ahmedabad,380001,1,249,Blinkit,23.004688415855345,72.54909531980876
ORD002217,2026-02-07,Coffee,Delhi,New Delhi,110001,4,129,Zepto,28.616166842484947,77.2033844225367
ORD002218,2026-01-04,Energy Drink,Karnataka,Bengaluru,560001,1,249,Blinkit,12.96606910183086,77.60155863839094
ORD002219,2026-05-01,Snacks,Delhi,New Delhi,110001,1,99,Zepto,28.625634422766325,77.20627455278638
ORD002220,2026-01-07,Snacks,Gujarat,Surat,395003,2,79,Zepto,21.166794012930904,72.83610143033114
ORD002221,2026-05-16,Shampoo,Delhi,New Delhi,110001,4,199,Zepto,28.600330644303007,77.21123153054748
ORD002222,2026-06-28,Coffee,Gujarat,Surat,395003,2,149,Zepto,21.175718859718224,72.83790230208419
ORD002223,2026-03-28,Coffee,Gujarat,Ahmedabad,380001,5,79,Swiggy Instamart,23.003132472974976,72.56378644730191
ORD002224,2026-01-19,Snacks,Maharashtra,Mumbai,400001,3,299,Blinkit,19.067217367471766,72.8786988695441
ORD002225,2026-04-22,Face Wash,Karnataka,Bengaluru,560001,4,99,Swiggy Instamart,12.97640744579768,77.60956710407446
ORD002226,2026-05-31,Coffee,Maharashtra,Thane,400601,1,99,Zepto,19.213350345196318,72.9731242750169
ORD002227,2026-06-01,Face Wash,Telangana,Hyderabad,500001,4,249,Blinkit,17.39649672018879,78.4896657693853
ORD002228,2026-02-15,Coffee,Karnataka,Bengaluru,560001,5,149,Zepto,12.98427651511188,77.5974872800301
ORD002229,2026-03-18,Shampoo,Maharashtra,Pune,411001,3,49,Swiggy Instamart,18.508828833812867,73.84336871645223
ORD002230,2026-05-15,Coffee,Delhi,New Delhi,110001,5,249,Blinkit,28.59838487750941,77.21562051834759
ORD002231,2026-04-09,Face Wash,Gujarat,Ahmedabad,380001,2,99,Zepto,23.034385968230872,72.58989362141386
ORD002232,2026-04-21,Coffee,Maharashtra,Pune,411001,3,199,Zepto,18.52883105332323,73.86832838577536
ORD002233,2026-03-14,Energy Drink,Gujarat,Ahmedabad,380001,1,149,Blinkit,23.016699836673464,72.55983584183255
ORD002234,2026-04-23,Energy Drink,Karnataka,Bengaluru,560001,2,149,Blinkit,12.980100793324176,77.5987768075224
ORD002235,2026-01-28,Energy Drink,Telangana,Hyderabad,500001,3,99,Zepto,17.38607444374341,78.49057371480633
ORD002236,2026-05-22,Coffee,Maharashtra,Pune,411001,2,49,Swiggy Instamart,18.52363185482458,73.86953816859854
ORD002237,2026-05-19,Coffee,Maharashtra,Mumbai,400001,2,49,Blinkit,19.08894985584817,72.8831422035234
ORD002238,2026-04-05,Energy Drink,Maharashtra,Mumbai,400001,3,249,Swiggy Instamart,19.08445802872563,72.88284062552425
ORD002239,2026-05-14,Energy Drink,Karnataka,Bengaluru,560001,4,149,Zepto,12.966988302679654,77.60216564674913
ORD002240,2026-04-24,Shampoo,Maharashtra,Mumbai,400050,4,149,Zepto,19.045655049311407,72.84003891552295
ORD002241,2026-03-13,Snacks,Maharashtra,Thane,400601,1,199,Zepto,19.20635477060234,72.98095803286795
ORD002242,2026-01-20,Face Wash,Maharashtra,Pune,411001,2,199,Blinkit,18.511948460415738,73.86223388983075
ORD002243,2026-06-11,Snacks,Karnataka,Bengaluru,560001,5,79,Swiggy Instamart,12.971260747740722,77.57865244041837
ORD002244,2026-01-10,Shampoo,Gujarat,Ahmedabad,380001,1,199,Zepto,23.026706996310185,72.56562079223167
ORD002245,2026-06-19,Snacks,Delhi,New Delhi,110001,1,49,Zepto,28.622711467208134,77.20901325688735
ORD002246,2026-05-31,Shampoo,Maharashtra,Thane,400601,2,129,Blinkit,19.22225420985388,72.96852431044985
ORD002247,2026-02-08,Shampoo,Karnataka,Bengaluru,560001,2,299,Blinkit,12.965706677685727,77.59001361363899
ORD002248,2026-02-20,Snacks,Maharashtra,Thane,400601,1,129,Zepto,19.226867024802424,72.99487377087806
ORD002249,2026-01-18,Shampoo,Gujarat,Surat,395003,5,129,Swiggy Instamart,21.162148282482573,72.84186848144658
ORD002250,2026-01-10,Shampoo,Maharashtra,Thane,400601,3,249,Swiggy Instamart,19.19660322582274,72.96615810598908
ORD002251,2026-03-02,Snacks,Telangana,Hyderabad,500001,3,299,Swiggy Instamart,17.375412215438132,78.4731749131056
ORD002252,2026-03-18,Energy Drink,Maharashtra,Thane,400601,3,299,Blinkit,19.202464116102124,72.98222998912138
ORD002253,2026-06-03,Face Wash,Gujarat,Surat,395003,5,299,Blinkit,21.16805932302272,72.83489405397606
ORD002254,2026-02-26,Protein Bar,Maharashtra,Mumbai,400050,3,249,Blinkit,19.066504726861215,72.83215616993172
ORD002255,2026-03-05,Snacks,Gujarat,Ahmedabad,380001,4,79,Zepto,23.029077631761506,72.57070467713757
ORD002256,2026-03-23,Snacks,Karnataka,Bengaluru,560001,1,199,Swiggy Instamart,12.959730066116943,77.60517814180821
ORD002257,2026-02-02,Shampoo,Gujarat,Surat,395003,4,249,Swiggy Instamart,21.16430887867219,72.82174403701238
ORD002258,2026-01-08,Face Wash,Maharashtra,Pune,411001,3,129,Blinkit,18.518620821241953,73.84757189080703
ORD002259,2026-05-24,Face Wash,Maharashtra,Mumbai,400001,3,199,Blinkit,19.071825696180106,72.88114053921564
ORD002260,2026-04-24,Shampoo,Gujarat,Surat,395003,4,149,Zepto,21.173683417392464,72.82212169933575
ORD002261,2026-05-05,Snacks,Maharashtra,Nashik,422001,2,199,Swiggy Instamart,20.001022946270513,73.79044333004771
ORD002262,2026-03-20,Shampoo,Maharashtra,Mumbai,400001,4,129,Swiggy Instamart,19.08096400117734,72.89845065039349
ORD002263,2026-05-18,Energy Drink,Maharashtra,Thane,400601,1,199,Zepto,19.230101281737415,72.9895429306856
ORD002264,2026-05-19,Protein Bar,Telangana,Hyderabad,500001,1,249,Zepto,17.371121314495443,78.49433860351634
ORD002265,2026-04-01,Coffee,Gujarat,Ahmedabad,380001,1,49,Swiggy Instamart,23.021968931983032,72.56589018196462
ORD002266,2026-04-03,Coffee,Maharashtra,Pune,411001,2,99,Swiggy Instamart,18.522080153405323,73.86615211534613
ORD002267,2026-02-28,Face Wash,Gujarat,Surat,395003,2,199,Blinkit,21.175208315910044,72.82231526198659
ORD002268,2026-02-25,Coffee,Gujarat,Surat,395003,2,49,Zepto,21.177624589135927,72.82472412457925
ORD002269,2026-05-15,Protein Bar,Maharashtra,Mumbai,400001,5,249,Blinkit,19.078166831189645,72.87466649932523
ORD002270,2026-02-10,Face Wash,Maharashtra,Mumbai,400001,3,49,Zepto,19.073811337482645,72.88536242975042
ORD002271,2026-01-09,Face Wash,Maharashtra,Pune,411001,1,249,Swiggy Instamart,18.509998062801838,73.87615195074277
ORD002272,2026-02-03,Snacks,Gujarat,Surat,395003,3,79,Zepto,21.151989139307055,72.82512332316746
ORD002273,2026-05-10,Snacks,Maharashtra,Mumbai,400050,4,49,Zepto,19.06330211889942,72.83534314166435
ORD002274,2026-06-04,Energy Drink,Delhi,New Delhi,110001,1,249,Zepto,28.612895242794284,77.20842609296999
ORD002275,2026-03-21,Face Wash,Telangana,Hyderabad,500001,4,49,Blinkit,17.389105500853276,78.48438930522542
ORD002276,2026-04-28,Energy Drink,Maharashtra,Nashik,422001,1,149,Swiggy Instamart,20.01983181257935,73.78809349114232
ORD002277,2026-05-01,Shampoo,Telangana,Hyderabad,500001,3,249,Zepto,17.393728243510058,78.47703843276629
ORD002278,2026-04-15,Coffee,Maharashtra,Pune,411001,3,299,Blinkit,18.51960611575594,73.8536953405128
ORD002279,2026-05-10,Energy Drink,Delhi,New Delhi,110001,4,49,Blinkit,28.603843986243106,77.21260164183946
ORD002280,2026-04-06,Coffee,Gujarat,Surat,395003,1,299,Zepto,21.1648235424222,72.83765403829851
ORD002281,2026-01-07,Shampoo,Telangana,Hyderabad,500001,2,299,Blinkit,17.37429808437106,78.50389040612842
ORD002282,2026-05-25,Protein Bar,Karnataka,Bengaluru,560001,3,199,Zepto,12.96263667341408,77.596793023372
ORD002283,2026-01-25,Coffee,Maharashtra,Mumbai,400050,2,129,Blinkit,19.06751859310388,72.82379359569799
ORD002284,2026-03-05,Protein Bar,Telangana,Hyderabad,500001,2,249,Swiggy Instamart,17.393524686434333,78.474408164022
ORD002285,2026-05-14,Snacks,Karnataka,Bengaluru,560001,5,129,Zepto,12.986121176991826,77.59474149264966
ORD002286,2026-03-06,Shampoo,Karnataka,Bengaluru,560001,3,199,Zepto,12.965635885920312,77.59160818227572
ORD002287,2026-03-24,Snacks,Maharashtra,Mumbai,400001,5,249,Zepto,19.084089192693927,72.8718554470815
ORD002288,2026-06-26,Energy Drink,Maharashtra,Nashik,422001,5,299,Swiggy Instamart,19.998406423105774,73.77748463402416
ORD002289,2026-03-22,Snacks,Karnataka,Bengaluru,560001,2,199,Blinkit,12.9598303788723,77.61280543907942
ORD002290,2026-05-12,Coffee,Karnataka,Bengaluru,560001,1,79,Blinkit,12.965936054087853,77.6029161678618
ORD002291,2026-04-07,Energy Drink,Maharashtra,Mumbai,400050,1,99,Swiggy Instamart,19.061694700836476,72.81965465949517
ORD002292,2026-02-12,Energy Drink,Maharashtra,Mumbai,400050,4,79,Zepto,19.05954045290787,72.8373400277931
ORD002293,2026-05-07,Energy Drink,Gujarat,Surat,395003,5,299,Zepto,21.16831738664914,72.84303112945852
ORD002294,2026-04-18,Shampoo,Delhi,New Delhi,110001,1,149,Zepto,28.62411515392782,77.21818914854659
ORD002295,2026-03-17,Snacks,Gujarat,Surat,395003,3,199,Swiggy Instamart,21.165603432277273,72.8203015755222
ORD002296,2026-05-25,Snacks,Gujarat,Ahmedabad,380001,2,99,Blinkit,23.016364123946374,72.57336240940667
ORD002297,2026-06-25,Energy Drink,Delhi,New Delhi,110001,5,199,Swiggy Instamart,28.619357867135324,77.1872842859524
ORD002298,2026-03-06,Shampoo,Telangana,Hyderabad,500001,4,129,Blinkit,17.384918867983885,78.48828089225323
ORD002299,2026-02-12,Coffee,Maharashtra,Thane,400601,4,49,Blinkit,19.215524557436844,72.99101273839015
ORD002300,2026-02-15,Energy Drink,Gujarat,Surat,395003,4,79,Zepto,21.17441780074251,72.84420191908082
ORD002301,2026-06-29,Energy Drink,Maharashtra,Nashik,422001,2,79,Swiggy Instamart,20.0037403947965,73.78907477492507
ORD002302,2026-03-26,Protein Bar,Karnataka,Bengaluru,560001,1,299,Swiggy Instamart,12.987950663945275,77.60771693449273
ORD002303,2026-01-18,Face Wash,Maharashtra,Thane,400601,5,129,Blinkit,19.20737858406571,72.97556323922457
ORD002304,2026-02-19,Face Wash,Maharashtra,Mumbai,400001,3,249,Swiggy Instamart,19.072548352945503,72.88259254535076
ORD002305,2026-04-05,Coffee,Maharashtra,Nashik,422001,4,149,Swiggy Instamart,20.012763535550146,73.77131107325975
ORD002306,2026-06-14,Snacks,Delhi,New Delhi,110001,2,79,Swiggy Instamart,28.614578385139172,77.18880072667844
ORD002307,2026-01-27,Snacks,Maharashtra,Thane,400601,2,149,Zepto,19.232719450058017,72.97297625759323
ORD002308,2026-05-25,Protein Bar,Maharashtra,Nashik,422001,2,249,Blinkit,20.006458639398446,73.77660350286013
ORD002309,2026-06-01,Coffee,Telangana,Hyderabad,500001,3,299,Zepto,17.396460275750137,78.45832493558602
ORD002310,2026-01-01,Energy Drink,Maharashtra,Thane,400601,2,79,Swiggy Instamart,19.21813389657674,72.97704181242501
ORD002311,2026-02-06,Energy Drink,Maharashtra,Thane,400601,4,49,Blinkit,19.21376363612408,72.99536226545635
ORD002312,2026-01-14,Energy Drink,Maharashtra,Mumbai,400050,5,299,Blinkit,19.050726705411442,72.83721796177235
ORD002313,2026-03-25,Face Wash,Karnataka,Bengaluru,560001,5,79,Zepto,12.975162527887061,77.60721519252536
ORD002314,2026-04-11,Shampoo,Delhi,New Delhi,110001,4,299,Blinkit,28.607228109152224,77.20167031100877
ORD002315,2026-05-14,Face Wash,Maharashtra,Nashik,422001,5,79,Swiggy Instamart,20.016860699074776,73.78395321308331
ORD002316,2026-02-12,Snacks,Maharashtra,Pune,411001,3,99,Blinkit,18.50495062653323,73.85130694985537
ORD002317,2026-04-24,Shampoo,Delhi,New Delhi,110001,3,79,Swiggy Instamart,28.617763826538482,77.21737764221547
ORD002318,2026-06-16,Face Wash,Gujarat,Surat,395003,2,49,Blinkit,21.16340769346807,72.80195744010183
ORD002319,2026-06-21,Face Wash,Karnataka,Bengaluru,560001,4,129,Swiggy Instamart,12.97683223185737,77.58239679310056
ORD002320,2026-02-18,Shampoo,Delhi,New Delhi,110001,3,99,Swiggy Instamart,28.593726612018777,77.18067674075016
ORD002321,2026-02-20,Shampoo,Maharashtra,Mumbai,400001,3,129,Zepto,19.08413980860198,72.87898617450405
ORD002322,2026-03-21,Face Wash,Telangana,Hyderabad,500001,1,199,Blinkit,17.38274343619288,78.50059024362963
ORD002323,2026-01-04,Coffee,Delhi,New Delhi,110001,3,49,Swiggy Instamart,28.62027324683023,77.22516300042722
ORD002324,2026-06-14,Shampoo,Maharashtra,Nashik,422001,4,49,Swiggy Instamart,19.99197264527833,73.77935449376047
ORD002325,2026-03-12,Snacks,Maharashtra,Nashik,422001,1,49,Swiggy Instamart,19.98973286625052,73.77740617668145
ORD002326,2026-06-05,Snacks,Karnataka,Bengaluru,560001,4,299,Zepto,12.969113841462333,77.60086613637263
ORD002327,2026-06-15,Coffee,Karnataka,Bengaluru,560001,1,49,Blinkit,12.972055638811419,77.60083407138279
ORD002328,2026-06-06,Snacks,Maharashtra,Mumbai,400001,2,99,Zepto,19.08303440133139,72.89924928677384
ORD002329,2026-04-18,Protein Bar,Maharashtra,Mumbai,400050,1,299,Swiggy Instamart,19.05644703344714,72.82008977299333
ORD002330,2026-03-22,Protein Bar,Maharashtra,Mumbai,400001,5,149,Zepto,19.078460836153166,72.86967719972861
ORD002331,2026-01-05,Face Wash,Telangana,Hyderabad,500001,3,99,Swiggy Instamart,17.399819607684368,78.48386781961055
ORD002332,2026-05-13,Protein Bar,Gujarat,Ahmedabad,380001,4,249,Swiggy Instamart,23.016844236321262,72.56668684278849
ORD002333,2026-01-17,Energy Drink,Maharashtra,Mumbai,400001,5,99,Swiggy Instamart,19.083184174234717,72.87612253016769
ORD002334,2026-01-22,Energy Drink,Maharashtra,Nashik,422001,4,49,Blinkit,19.999483331798697,73.79635351917624
ORD002335,2026-02-20,Snacks,Telangana,Hyderabad,500001,5,249,Zepto,17.376438301593385,78.48705566074032
ORD002336,2026-03-21,Face Wash,Maharashtra,Mumbai,400001,5,199,Zepto,19.082523061516103,72.86138664889583
ORD002337,2026-04-30,Coffee,Gujarat,Ahmedabad,380001,1,299,Zepto,23.02730260501406,72.56084892324519
ORD002338,2026-01-24,Energy Drink,Maharashtra,Mumbai,400050,1,99,Blinkit,19.06782782780834,72.8198734898808
ORD002339,2026-06-10,Protein Bar,Telangana,Hyderabad,500001,2,49,Zepto,17.39192769031849,78.49775833066295
ORD002340,2026-04-28,Protein Bar,Gujarat,Ahmedabad,380001,2,149,Swiggy Instamart,23.03111436525633,72.57391316648238
ORD002341,2026-02-03,Face Wash,Maharashtra,Pune,411001,1,249,Swiggy Instamart,18.5180869905707,73.85093580423666
ORD002342,2026-02-15,Face Wash,Maharashtra,Nashik,422001,2,199,Blinkit,20.02061034690817,73.77270504779833
ORD002343,2026-02-18,Face Wash,Maharashtra,Pune,411001,2,99,Blinkit,18.5100293392643,73.86335368935033
ORD002344,2026-06-28,Shampoo,Maharashtra,Nashik,422001,3,79,Blinkit,19.997938631968136,73.77019936502535
ORD002345,2026-05-29,Face Wash,Gujarat,Ahmedabad,380001,3,299,Swiggy Instamart,23.008063957378305,72.56657090160539
ORD002346,2026-01-10,Coffee,Maharashtra,Thane,400601,4,99,Swiggy Instamart,19.217472849761034,72.98053091727661
ORD002347,2026-02-23,Snacks,Telangana,Hyderabad,500001,4,199,Swiggy Instamart,17.394513062442996,78.49196897923666
ORD002348,2026-02-23,Face Wash,Maharashtra,Nashik,422001,5,149,Zepto,20.00399127780447,73.7777180432362
ORD002349,2026-02-23,Face Wash,Delhi,New Delhi,110001,2,299,Blinkit,28.619001574689154,77.22172570162928
ORD002350,2026-01-30,Coffee,Maharashtra,Mumbai,400001,2,299,Zepto,19.077263141994834,72.8730086914579
ORD002351,2026-05-31,Face Wash,Karnataka,Bengaluru,560001,3,249,Swiggy Instamart,12.961671339989145,77.58014794735588
ORD002352,2026-01-09,Face Wash,Telangana,Hyderabad,500001,1,199,Zepto,17.391662696720438,78.4924797852364
ORD002353,2026-04-18,Shampoo,Maharashtra,Thane,400601,3,199,Swiggy Instamart,19.224073635251067,72.97681340553648
ORD002354,2026-02-17,Face Wash,Maharashtra,Mumbai,400050,3,99,Blinkit,19.073669347458917,72.82465881505415
ORD002355,2026-02-17,Protein Bar,Delhi,New Delhi,110001,4,299,Swiggy Instamart,28.623452692372073,77.20861257105011
ORD002356,2026-06-27,Shampoo,Telangana,Hyderabad,500001,4,299,Zepto,17.37891649235321,78.49262530307318
ORD002357,2026-04-06,Coffee,Maharashtra,Nashik,422001,3,299,Swiggy Instamart,20.00999636118684,73.78326972759267
ORD002358,2026-03-18,Protein Bar,Gujarat,Surat,395003,2,79,Blinkit,21.17101278422056,72.83072106918284
ORD002359,2026-03-10,Coffee,Gujarat,Surat,395003,4,49,Zepto,21.194083719928706,72.84294256645197
ORD002360,2026-02-12,Face Wash,Delhi,New Delhi,110001,5,129,Swiggy Instamart,28.621128268949857,77.21011799158204
ORD002361,2026-02-03,Snacks,Maharashtra,Thane,400601,3,49,Zepto,19.228371572005965,72.98327994776392
ORD002362,2026-02-06,Face Wash,Maharashtra,Nashik,422001,4,249,Zepto,20.00616204752774,73.77666435674735
ORD002363,2026-01-01,Snacks,Karnataka,Bengaluru,560001,2,129,Zepto,12.970790826623373,77.56289574264122
ORD002364,2026-03-20,Protein Bar,Maharashtra,Nashik,422001,2,129,Zepto,20.008006008392975,73.7748152391989
ORD002365,2026-01-24,Snacks,Gujarat,Surat,395003,2,99,Swiggy Instamart,21.18612669998283,72.83129344070812
ORD002366,2026-04-06,Protein Bar,Delhi,New Delhi,110001,4,99,Blinkit,28.602010365804652,77.20850119845872
ORD002367,2026-05-01,Coffee,Maharashtra,Mumbai,400050,4,129,Blinkit,19.049138789149374,72.83423407415712
ORD002368,2026-04-29,Snacks,Gujarat,Surat,395003,2,79,Blinkit,21.173109473643397,72.84067839631109
ORD002369,2026-03-23,Energy Drink,Maharashtra,Thane,400601,4,199,Blinkit,19.210391182083054,72.97844008096227
ORD002370,2026-06-02,Shampoo,Gujarat,Surat,395003,5,79,Blinkit,21.156549782045737,72.83811494781925
ORD002371,2026-06-21,Snacks,Karnataka,Bengaluru,560001,5,49,Zepto,12.976788711804401,77.59955805021028
ORD002372,2026-02-15,Energy Drink,Telangana,Hyderabad,500001,3,199,Blinkit,17.38501619031357,78.49084772890788
ORD002373,2026-01-01,Coffee,Delhi,New Delhi,110001,5,249,Zepto,28.62994339108309,77.20614905742958
ORD002374,2026-02-05,Shampoo,Maharashtra,Pune,411001,2,49,Zepto,18.521786451837098,73.8458387370082
ORD002375,2026-04-22,Protein Bar,Maharashtra,Nashik,422001,3,249,Swiggy Instamart,19.997217390384016,73.78067813293094
ORD002376,2026-04-19,Energy Drink,Maharashtra,Thane,400601,3,149,Blinkit,19.229339335467017,72.97553719175748
ORD002377,2026-01-09,Face Wash,Karnataka,Bengaluru,560001,4,99,Zepto,12.969240834706879,77.59053114755496
ORD002378,2026-06-24,Coffee,Gujarat,Surat,395003,1,299,Zepto,21.164852433291557,72.8340497145571
ORD002379,2026-06-25,Snacks,Gujarat,Ahmedabad,380001,1,249,Zepto,23.007527423548215,72.58420939576666
ORD002380,2026-03-23,Energy Drink,Maharashtra,Thane,400601,5,249,Swiggy Instamart,19.211645777018706,72.98531903485438
ORD002381,2026-01-03,Shampoo,Karnataka,Bengaluru,560001,4,249,Zepto,12.958900014026062,77.60128840130547
ORD002382,2026-04-19,Face Wash,Maharashtra,Nashik,422001,1,299,Swiggy Instamart,20.012619446078144,73.78354202072006
ORD002383,2026-05-02,Snacks,Gujarat,Ahmedabad,380001,3,199,Zepto,23.012555714782003,72.57389548189597
ORD002384,2026-04-19,Coffee,Maharashtra,Thane,400601,4,79,Zepto,19.206469438152656,72.97557236744903
ORD002385,2026-03-28,Snacks,Maharashtra,Mumbai,400001,5,149,Zepto,19.086294131009552,72.88566701927071
ORD002386,2026-06-07,Snacks,Delhi,New Delhi,110001,4,249,Zepto,28.614051829425406,77.19925193424078
ORD002387,2026-03-14,Protein Bar,Karnataka,Bengaluru,560001,1,299,Blinkit,12.978055877121742,77.59479381237698
ORD002388,2026-01-13,Coffee,Gujarat,Ahmedabad,380001,3,149,Blinkit,22.999296844017696,72.57922629826317
ORD002389,2026-06-22,Face Wash,Gujarat,Ahmedabad,380001,1,149,Zepto,23.022257671661304,72.58342451247982
ORD002390,2026-04-02,Shampoo,Maharashtra,Nashik,422001,1,299,Blinkit,19.994947294811574,73.74793296186805
ORD002391,2026-06-12,Protein Bar,Maharashtra,Nashik,422001,5,79,Blinkit,20.00869083858345,73.78261563676682
ORD002392,2026-05-17,Snacks,Maharashtra,Mumbai,400001,4,129,Zepto,19.059093283723936,72.86791500454135
ORD002393,2026-05-17,Protein Bar,Maharashtra,Mumbai,400050,2,99,Swiggy Instamart,19.087152177437197,72.82644389385845
ORD002394,2026-04-21,Face Wash,Karnataka,Bengaluru,560001,3,299,Swiggy Instamart,12.978909589763763,77.58809340172631
ORD002395,2026-03-04,Snacks,Telangana,Hyderabad,500001,5,299,Zepto,17.36409697101147,78.48499741753204
ORD002396,2026-03-25,Face Wash,Maharashtra,Mumbai,400050,1,99,Swiggy Instamart,19.056943954397138,72.82550121761331
ORD002397,2026-04-08,Coffee,Maharashtra,Mumbai,400050,1,199,Swiggy Instamart,19.058453591644934,72.83214268271645
ORD002398,2026-04-19,Shampoo,Maharashtra,Nashik,422001,1,99,Swiggy Instamart,20.004398830487464,73.76705993832053
ORD002399,2026-06-17,Snacks,Maharashtra,Nashik,422001,1,249,Zepto,20.01076184791562,73.76020628244679
ORD002400,2026-05-27,Face Wash,Maharashtra,Pune,411001,3,129,Swiggy Instamart,18.499896425427156,73.86409180494702
ORD002401,2026-04-06,Coffee,Maharashtra,Mumbai,400001,4,129,Blinkit,19.081070202721353,72.87712604634926
ORD002402,2026-06-26,Energy Drink,Maharashtra,Nashik,422001,3,49,Swiggy Instamart,19.991945514952448,73.77262089059326
ORD002403,2026-02-16,Snacks,Gujarat,Surat,395003,3,149,Zepto,21.167572532523135,72.81514106031426
ORD002404,2026-02-23,Protein Bar,Gujarat,Surat,395003,4,99,Blinkit,21.16280971341977,72.83762330338178
ORD002405,2026-04-29,Coffee,Maharashtra,Nashik,422001,3,79,Zepto,20.020173053642893,73.77550565247341
ORD002406,2026-01-05,Snacks,Maharashtra,Pune,411001,3,129,Zepto,18.52796488354316,73.83755939929412
ORD002407,2026-03-15,Snacks,Telangana,Hyderabad,500001,5,299,Swiggy Instamart,17.39159451241114,78.47866051585272
ORD002408,2026-06-12,Coffee,Gujarat,Surat,395003,3,249,Blinkit,21.17327345616708,72.82862247581761
ORD002409,2026-01-04,Face Wash,Delhi,New Delhi,110001,3,199,Blinkit,28.62710414009784,77.2002556435166
ORD002410,2026-02-08,Shampoo,Karnataka,Bengaluru,560001,4,129,Swiggy Instamart,12.97787606297562,77.59180492536703
ORD002411,2026-06-22,Shampoo,Maharashtra,Thane,400601,3,249,Zepto,19.216716945219904,72.9762614610684
ORD002412,2026-01-21,Snacks,Telangana,Hyderabad,500001,4,199,Zepto,17.37654326895506,78.48655901034093
ORD002413,2026-05-16,Face Wash,Maharashtra,Pune,411001,3,149,Blinkit,18.51977351777878,73.85911240248407
ORD002414,2026-06-22,Shampoo,Karnataka,Bengaluru,560001,1,99,Swiggy Instamart,12.97244505145693,77.60257994549612
ORD002415,2026-02-12,Coffee,Telangana,Hyderabad,500001,3,249,Blinkit,17.394235086160474,78.47619376678172
ORD002416,2026-03-14,Coffee,Maharashtra,Mumbai,400001,4,129,Blinkit,19.084687725005907,72.86583663572891
ORD002417,2026-02-03,Shampoo,Delhi,New Delhi,110001,5,79,Zepto,28.61977855888138,77.21519738784703
ORD002418,2026-02-25,Energy Drink,Gujarat,Surat,395003,1,149,Zepto,21.151086831083376,72.8320297924653
ORD002419,2026-04-13,Coffee,Maharashtra,Thane,400601,4,199,Zepto,19.213615038866397,72.97051234742064
ORD002420,2026-06-03,Face Wash,Gujarat,Surat,395003,3,199,Swiggy Instamart,21.18370852330699,72.82456320859363
ORD002421,2026-06-20,Snacks,Maharashtra,Mumbai,400050,3,249,Zepto,19.05153623070882,72.83025694940005
ORD002422,2026-05-07,Shampoo,Gujarat,Surat,395003,3,299,Zepto,21.177055897462985,72.8296835141399
ORD002423,2026-04-13,Face Wash,Maharashtra,Thane,400601,1,199,Blinkit,19.22996370545669,72.98340975661964
ORD002424,2026-06-24,Protein Bar,Maharashtra,Thane,400601,4,249,Blinkit,19.196517886802685,72.97280533036493
ORD002425,2026-02-18,Snacks,Gujarat,Surat,395003,1,129,Zepto,21.164581579006484,72.8358936095343
ORD002426,2026-06-08,Coffee,Telangana,Hyderabad,500001,1,249,Zepto,17.35875182943626,78.51219009708717
ORD002427,2026-06-06,Energy Drink,Gujarat,Ahmedabad,380001,2,299,Swiggy Instamart,23.027810260948943,72.57288876803918
ORD002428,2026-04-05,Protein Bar,Maharashtra,Mumbai,400050,5,249,Swiggy Instamart,19.07141567716419,72.85293654052812
ORD002429,2026-02-19,Energy Drink,Delhi,New Delhi,110001,4,199,Swiggy Instamart,28.622607466445885,77.21848813096472
ORD002430,2026-02-14,Shampoo,Maharashtra,Pune,411001,2,199,Zepto,18.52170690024464,73.85528474246634
ORD002431,2026-01-17,Protein Bar,Maharashtra,Nashik,422001,2,299,Blinkit,20.001142045559952,73.77143888008285
ORD002432,2026-06-25,Coffee,Maharashtra,Pune,411001,4,129,Zepto,18.513529859003004,73.84319444035657
ORD002433,2026-05-09,Snacks,Karnataka,Bengaluru,560001,1,199,Zepto,12.970841285493151,77.57775332422774
ORD002434,2026-04-29,Snacks,Maharashtra,Pune,411001,1,49,Swiggy Instamart,18.522309165241435,73.85633669391957
ORD002435,2026-06-24,Snacks,Maharashtra,Mumbai,400001,4,299,Blinkit,19.07746935298387,72.87247868429981
ORD002436,2026-04-17,Face Wash,Maharashtra,Mumbai,400050,5,79,Swiggy Instamart,19.090368603701805,72.8431011590018
ORD002437,2026-06-15,Coffee,Telangana,Hyderabad,500001,1,299,Blinkit,17.372554574999153,78.48902868087427
ORD002438,2026-03-16,Shampoo,Maharashtra,Mumbai,400001,1,199,Blinkit,19.069919938570628,72.86755520273293
ORD002439,2026-06-11,Snacks,Delhi,New Delhi,110001,4,249,Zepto,28.600499279288762,77.2133221669076
ORD002440,2026-02-07,Face Wash,Maharashtra,Mumbai,400050,5,79,Swiggy Instamart,19.052786197649304,72.83917826024025
ORD002441,2026-04-04,Shampoo,Maharashtra,Thane,400601,3,99,Zepto,19.228237822145303,72.99183914385212
ORD002442,2026-02-23,Face Wash,Karnataka,Bengaluru,560001,1,199,Swiggy Instamart,12.963076132339259,77.59935365610691
ORD002443,2026-04-28,Snacks,Maharashtra,Mumbai,400050,4,129,Blinkit,19.06592454216642,72.82475821824896
ORD002444,2026-03-17,Snacks,Gujarat,Ahmedabad,380001,4,199,Blinkit,23.014782280426072,72.58749520665776
ORD002445,2026-05-26,Face Wash,Maharashtra,Nashik,422001,5,49,Zepto,20.008174958757323,73.78605967750713
ORD002446,2026-05-14,Face Wash,Maharashtra,Thane,400601,1,129,Blinkit,19.21007923988172,72.96590715533478
ORD002447,2026-04-03,Snacks,Telangana,Hyderabad,500001,3,149,Swiggy Instamart,17.37930550225508,78.4854597861261
ORD002448,2026-05-26,Snacks,Maharashtra,Thane,400601,3,299,Swiggy Instamart,19.207657799931827,72.9780015519135
ORD002449,2026-06-22,Face Wash,Karnataka,Bengaluru,560001,2,99,Zepto,12.954714948119316,77.5833995257753
ORD002450,2026-03-16,Shampoo,Telangana,Hyderabad,500001,3,129,Zepto,17.391709112482772,78.49273790520277
ORD002451,2026-05-30,Face Wash,Maharashtra,Pune,411001,2,49,Blinkit,18.51648123234613,73.84652235690923
ORD002452,2026-05-11,Snacks,Gujarat,Ahmedabad,380001,5,249,Blinkit,23.012225964484742,72.56766731754058
ORD002453,2026-02-13,Face Wash,Telangana,Hyderabad,500001,2,199,Swiggy Instamart,17.391445184916453,78.49598245691344
ORD002454,2026-04-07,Shampoo,Gujarat,Ahmedabad,380001,2,299,Zepto,23.01753468264518,72.55986507574015
ORD002455,2026-04-08,Protein Bar,Karnataka,Bengaluru,560001,1,199,Zepto,12.974278436378663,77.58636465029375
ORD002456,2026-02-22,Energy Drink,Maharashtra,Nashik,422001,2,149,Swiggy Instamart,20.000717473611388,73.79295276090437
ORD002457,2026-06-16,Energy Drink,Maharashtra,Mumbai,400050,3,299,Blinkit,19.06787115428566,72.83107974312252
ORD002458,2026-06-13,Protein Bar,Telangana,Hyderabad,500001,5,129,Swiggy Instamart,17.372280809988876,78.48881396567471
ORD002459,2026-04-04,Snacks,Maharashtra,Pune,411001,1,249,Swiggy Instamart,18.531026572907873,73.85294366334234
ORD002460,2026-03-26,Coffee,Maharashtra,Mumbai,400050,1,149,Swiggy Instamart,19.073111140899865,72.84242745289518
ORD002461,2026-05-18,Protein Bar,Delhi,New Delhi,110001,1,299,Swiggy Instamart,28.630537328321434,77.21205243126532
ORD002462,2026-03-05,Energy Drink,Delhi,New Delhi,110001,3,99,Swiggy Instamart,28.61977391699806,77.22314187288332
ORD002463,2026-02-28,Snacks,Maharashtra,Pune,411001,4,99,Zepto,18.52487393937069,73.8516876589221
ORD002464,2026-03-10,Coffee,Telangana,Hyderabad,500001,3,79,Swiggy Instamart,17.380514571634723,78.48908554953773
ORD002465,2026-01-17,Energy Drink,Maharashtra,Pune,411001,5,149,Zepto,18.507494385780536,73.85526741084637
ORD002466,2026-02-28,Energy Drink,Maharashtra,Pune,411001,5,299,Blinkit,18.5313654711823,73.83478746148835
ORD002467,2026-05-18,Protein Bar,Maharashtra,Mumbai,400050,3,79,Zepto,19.074944821017944,72.84072374218702
ORD002468,2026-01-30,Shampoo,Karnataka,Bengaluru,560001,1,299,Zepto,12.967002353841696,77.60003390827872
ORD002469,2026-05-19,Coffee,Maharashtra,Mumbai,400050,2,299,Blinkit,19.05963147726906,72.84179990368439
ORD002470,2026-01-03,Coffee,Telangana,Hyderabad,500001,4,79,Swiggy Instamart,17.3948268314277,78.47269929276817
ORD002471,2026-06-14,Energy Drink,Karnataka,Bengaluru,560001,5,299,Zepto,12.977472624134641,77.59254372146357
ORD002472,2026-04-15,Coffee,Maharashtra,Nashik,422001,3,299,Swiggy Instamart,20.006728325705183,73.77241828099031
ORD002473,2026-03-26,Coffee,Maharashtra,Thane,400601,4,149,Swiggy Instamart,19.235781370691207,72.98850061819903
ORD002474,2026-03-09,Coffee,Maharashtra,Nashik,422001,2,199,Blinkit,19.99850228836027,73.7663538939309
ORD002475,2026-05-09,Face Wash,Delhi,New Delhi,110001,4,79,Zepto,28.610043273690223,77.21334502646091
ORD002476,2026-01-02,Face Wash,Karnataka,Bengaluru,560001,5,299,Blinkit,12.974002058439464,77.60713132824768
ORD002477,2026-02-15,Protein Bar,Maharashtra,Thane,400601,4,149,Zepto,19.226199197221806,72.98779569025753
ORD002478,2026-03-29,Snacks,Karnataka,Bengaluru,560001,5,99,Zepto,12.974868554006104,77.58070701269789
ORD002479,2026-03-01,Energy Drink,Maharashtra,Mumbai,400050,3,149,Blinkit,19.05764301468853,72.84010089739908
ORD002480,2026-05-01,Protein Bar,Delhi,New Delhi,110001,3,129,Swiggy Instamart,28.613384770714756,77.21403090368624
ORD002481,2026-03-24,Energy Drink,Maharashtra,Thane,400601,2,249,Zepto,19.215112516847537,72.96780188151457
ORD002482,2026-06-06,Snacks,Maharashtra,Thane,400601,2,199,Swiggy Instamart,19.217066559359537,72.98119047443032
ORD002483,2026-06-17,Coffee,Karnataka,Bengaluru,560001,4,149,Zepto,12.965043122805387,77.59224288755144
ORD002484,2026-05-01,Face Wash,Maharashtra,Nashik,422001,3,99,Blinkit,19.99650536758014,73.79089244917564
ORD002485,2026-04-01,Snacks,Gujarat,Ahmedabad,380001,3,299,Blinkit,23.01955544242412,72.58592755545126
ORD002486,2026-05-25,Shampoo,Gujarat,Surat,395003,4,49,Blinkit,21.18548747850541,72.8302895403528
ORD002487,2026-04-15,Face Wash,Maharashtra,Mumbai,400001,2,299,Blinkit,19.065915512674525,72.85684102122268
ORD002488,2026-02-21,Energy Drink,Maharashtra,Mumbai,400001,3,149,Blinkit,19.061279629269734,72.86396165175101
ORD002489,2026-03-24,Shampoo,Maharashtra,Mumbai,400001,4,199,Swiggy Instamart,19.089784696274616,72.87885824587228
ORD002490,2026-02-21,Energy Drink,Delhi,New Delhi,110001,5,299,Blinkit,28.617796045240922,77.18679578991065
ORD002491,2026-01-20,Energy Drink,Maharashtra,Mumbai,400050,2,199,Swiggy Instamart,19.047620335707826,72.83837079776445
ORD002492,2026-06-01,Shampoo,Karnataka,Bengaluru,560001,1,249,Swiggy Instamart,12.974467741123826,77.59312794721315
ORD002493,2026-03-05,Face Wash,Karnataka,Bengaluru,560001,5,249,Zepto,12.977248423586001,77.61095797806136
ORD002494,2026-01-15,Snacks,Maharashtra,Mumbai,400050,3,149,Swiggy Instamart,19.057389575364628,72.83019369802658
ORD002495,2026-04-23,Face Wash,Gujarat,Ahmedabad,380001,1,299,Zepto,23.024425969187313,72.59532109635273
ORD002496,2026-03-25,Snacks,Maharashtra,Mumbai,400050,4,99,Zepto,19.03860643735581,72.83633223014789
ORD002497,2026-03-18,Coffee,Telangana,Hyderabad,500001,2,79,Blinkit,17.38385197751241,78.49236771726184
ORD002498,2026-03-25,Coffee,Maharashtra,Pune,411001,5,149,Swiggy Instamart,18.51382627446005,73.85621034969142
ORD002499,2026-03-16,Snacks,Delhi,New Delhi,110001,1,99,Zepto,28.621014105794657,77.24012910201044
ORD002500,2026-04-03,Shampoo,Gujarat,Ahmedabad,380001,2,99,Blinkit,23.03058036189402,72.56291934401969
ORD002501,2026-02-28,Shampoo,Karnataka,Bengaluru,560001,3,199,Zepto,12.967362403179774,77.59006585891616
ORD002502,2026-03-07,Coffee,Maharashtra,Nashik,422001,1,99,Zepto,19.9879435682737,73.77639909808299
ORD002503,2026-04-20,Shampoo,Gujarat,Surat,395003,4,49,Swiggy Instamart,21.17752829081822,72.81835767880924
ORD002504,2026-05-12,Face Wash,Maharashtra,Mumbai,400001,1,249,Zepto,19.086484826510507,72.88257774821085
ORD002505,2026-03-25,Coffee,Delhi,New Delhi,110001,4,149,Swiggy Instamart,28.60655766678029,77.20758470362662
ORD002506,2026-06-12,Protein Bar,Gujarat,Ahmedabad,380001,1,79,Swiggy Instamart,23.03848321807641,72.57873547813506
ORD002507,2026-05-17,Energy Drink,Maharashtra,Mumbai,400050,5,79,Swiggy Instamart,19.05968783654898,72.82712316683039
ORD002508,2026-06-06,Snacks,Karnataka,Bengaluru,560001,2,79,Swiggy Instamart,12.972366090704517,77.58948236442058
ORD002509,2026-03-12,Shampoo,Gujarat,Surat,395003,4,99,Swiggy Instamart,21.149152504942812,72.85152177910535
ORD002510,2026-01-19,Energy Drink,Gujarat,Ahmedabad,380001,5,199,Blinkit,23.024053249991994,72.57538147265122
ORD002511,2026-06-27,Snacks,Delhi,New Delhi,110001,4,49,Blinkit,28.61332092250123,77.20164883199276
ORD002512,2026-03-17,Protein Bar,Telangana,Hyderabad,500001,5,249,Zepto,17.383140755190514,78.47070605237806
ORD002513,2026-02-27,Face Wash,Maharashtra,Mumbai,400001,4,99,Blinkit,19.098770864980533,72.86535488001579
ORD002514,2026-05-30,Snacks,Maharashtra,Pune,411001,3,299,Swiggy Instamart,18.510080337161526,73.85229740795614
ORD002515,2026-05-28,Face Wash,Maharashtra,Pune,411001,5,99,Zepto,18.533280757248523,73.85684508999263
ORD002516,2026-02-22,Face Wash,Maharashtra,Thane,400601,2,79,Zepto,19.205938642039694,72.99064338360758
ORD002517,2026-06-04,Protein Bar,Delhi,New Delhi,110001,2,199,Zepto,28.621210006267855,77.21438434957217
ORD002518,2026-03-22,Energy Drink,Gujarat,Ahmedabad,380001,2,129,Blinkit,23.02965734241171,72.59534361900582
ORD002519,2026-04-19,Face Wash,Maharashtra,Thane,400601,2,129,Blinkit,19.24015094895036,72.97123284656996
ORD002520,2026-02-05,Shampoo,Maharashtra,Mumbai,400001,1,249,Zepto,19.092238849928112,72.8815316818976
ORD002521,2026-02-23,Shampoo,Karnataka,Bengaluru,560001,1,299,Blinkit,12.976590958161378,77.57767729168357
ORD002522,2026-02-20,Energy Drink,Gujarat,Surat,395003,4,79,Zepto,21.168496142346118,72.82297176409664
ORD002523,2026-05-10,Coffee,Maharashtra,Thane,400601,5,79,Zepto,19.22658058814893,72.98881080500402
ORD002524,2026-01-31,Shampoo,Maharashtra,Pune,411001,5,199,Swiggy Instamart,18.499655136489835,73.85647965135996
ORD002525,2026-04-17,Energy Drink,Gujarat,Ahmedabad,380001,2,79,Swiggy Instamart,23.033718615047942,72.56953321037686
ORD002526,2026-05-03,Face Wash,Gujarat,Ahmedabad,380001,5,79,Blinkit,23.029790636450024,72.57491165467627
ORD002527,2026-01-02,Shampoo,Maharashtra,Mumbai,400001,4,249,Zepto,19.079416602319526,72.87498685021932
ORD002528,2026-04-03,Face Wash,Gujarat,Ahmedabad,380001,1,249,Swiggy Instamart,23.010334191958645,72.56018469852575
ORD002529,2026-02-28,Snacks,Maharashtra,Nashik,422001,1,249,Blinkit,20.012993525144555,73.7798945825552
ORD002530,2026-03-12,Snacks,Maharashtra,Mumbai,400001,3,49,Zepto,19.074614877553927,72.87346109957679
ORD002531,2026-02-15,Coffee,Maharashtra,Pune,411001,1,99,Swiggy Instamart,18.517348111545193,73.86716911794488
ORD002532,2026-02-05,Snacks,Maharashtra,Thane,400601,4,49,Zepto,19.21494755918132,72.96468935286698
ORD002533,2026-02-23,Snacks,Telangana,Hyderabad,500001,3,199,Swiggy Instamart,17.392436517755403,78.48465123336135
ORD002534,2026-02-10,Shampoo,Gujarat,Surat,395003,2,99,Swiggy Instamart,21.170513958655327,72.847175783064
ORD002535,2026-06-21,Energy Drink,Maharashtra,Thane,400601,3,79,Zepto,19.218094394426494,72.98099183673118
ORD002536,2026-05-08,Energy Drink,Maharashtra,Mumbai,400001,3,249,Swiggy Instamart,19.06421076508702,72.8755033054765
ORD002537,2026-03-09,Coffee,Gujarat,Ahmedabad,380001,3,49,Zepto,23.028595260452086,72.55584626266159
ORD002538,2026-01-08,Shampoo,Gujarat,Ahmedabad,380001,1,99,Blinkit,23.024508450931158,72.57240791072644
ORD002539,2026-05-19,Shampoo,Maharashtra,Mumbai,400001,5,99,Zepto,19.076412874555874,72.88807158898659
ORD002540,2026-01-04,Face Wash,Maharashtra,Mumbai,400050,2,79,Blinkit,19.062944385148484,72.84428071898355
ORD002541,2026-01-29,Shampoo,Maharashtra,Mumbai,400050,4,249,Swiggy Instamart,19.04966410484406,72.83085924567217
ORD002542,2026-02-04,Coffee,Karnataka,Bengaluru,560001,1,149,Blinkit,12.9724446678639,77.58390745506244
ORD002543,2026-03-07,Energy Drink,Karnataka,Bengaluru,560001,3,199,Swiggy Instamart,12.981162950020915,77.61784673305853
ORD002544,2026-05-03,Shampoo,Maharashtra,Mumbai,400050,5,129,Zepto,19.05942993925516,72.83455021088274
ORD002545,2026-05-12,Energy Drink,Maharashtra,Pune,411001,2,129,Swiggy Instamart,18.52124518475815,73.84956415330093
ORD002546,2026-01-25,Snacks,Maharashtra,Mumbai,400050,4,149,Swiggy Instamart,19.04139239722198,72.82244226516904
ORD002547,2026-03-05,Energy Drink,Maharashtra,Mumbai,400050,3,99,Swiggy Instamart,19.045680416190482,72.84654102078059
ORD002548,2026-03-26,Snacks,Maharashtra,Nashik,422001,4,149,Zepto,20.00474890306077,73.77624080670954
ORD002549,2026-04-19,Face Wash,Gujarat,Ahmedabad,380001,2,49,Swiggy Instamart,23.031391538247878,72.56018248897144
ORD002550,2026-06-11,Protein Bar,Gujarat,Surat,395003,2,99,Zepto,21.162531359619955,72.83178072269249
ORD002551,2026-06-12,Protein Bar,Maharashtra,Thane,400601,2,99,Blinkit,19.228587689914235,72.98311685045168
ORD002552,2026-01-03,Coffee,Gujarat,Ahmedabad,380001,4,299,Blinkit,23.02498325142516,72.57218117735236
ORD002553,2026-06-10,Coffee,Maharashtra,Pune,411001,4,299,Zepto,18.524402358555268,73.85871652905129
ORD002554,2026-06-09,Face Wash,Karnataka,Bengaluru,560001,5,299,Zepto,12.961300277252231,77.59506079221633
ORD002555,2026-06-17,Coffee,Maharashtra,Nashik,422001,3,199,Zepto,19.995163113410822,73.78051082542902
ORD002556,2026-03-29,Shampoo,Maharashtra,Nashik,422001,5,299,Swiggy Instamart,20.00109352058512,73.80509381622784
ORD002557,2026-06-21,Face Wash,Maharashtra,Mumbai,400050,5,149,Zepto,19.059201056162483,72.81545760433738
ORD002558,2026-04-20,Snacks,Gujarat,Ahmedabad,380001,1,99,Zepto,23.021158197893232,72.57659358745637
ORD002559,2026-04-28,Protein Bar,Maharashtra,Pune,411001,1,149,Zepto,18.537133639461523,73.85080547600062
ORD002560,2026-03-20,Shampoo,Gujarat,Ahmedabad,380001,4,79,Swiggy Instamart,23.006675720259764,72.5795683701143
ORD002561,2026-04-12,Coffee,Maharashtra,Thane,400601,2,99,Swiggy Instamart,19.204494012941,72.97373844558493
ORD002562,2026-01-05,Energy Drink,Maharashtra,Pune,411001,3,99,Swiggy Instamart,18.51782379514489,73.856003665467
ORD002563,2026-05-15,Protein Bar,Delhi,New Delhi,110001,5,199,Swiggy Instamart,28.620791644570744,77.20216365717714
ORD002564,2026-06-27,Coffee,Maharashtra,Pune,411001,2,199,Zepto,18.51766270747833,73.85655729647051
ORD002565,2026-06-24,Energy Drink,Maharashtra,Mumbai,400050,5,129,Swiggy Instamart,19.06109597957519,72.83047827174707
ORD002566,2026-05-19,Coffee,Maharashtra,Thane,400601,4,129,Blinkit,19.222660057752226,72.98653839509642
ORD002567,2026-04-13,Face Wash,Maharashtra,Mumbai,400001,4,249,Blinkit,19.07992634115651,72.8822358552351
ORD002568,2026-03-24,Energy Drink,Karnataka,Bengaluru,560001,3,49,Zepto,12.955777768332535,77.59510227699165
ORD002569,2026-05-23,Snacks,Maharashtra,Nashik,422001,3,129,Swiggy Instamart,20.010695075480015,73.78698941194571
ORD002570,2026-06-02,Protein Bar,Telangana,Hyderabad,500001,1,249,Zepto,17.378076492257662,78.48010960725111
ORD002571,2026-05-04,Energy Drink,Maharashtra,Thane,400601,2,249,Zepto,19.212558993247164,72.98346413899891
ORD002572,2026-04-11,Coffee,Gujarat,Surat,395003,2,129,Blinkit,21.180538810549244,72.82702539892709
ORD002573,2026-02-27,Face Wash,Maharashtra,Mumbai,400050,2,249,Zepto,19.06867962313627,72.83073479809164
ORD002574,2026-06-22,Energy Drink,Telangana,Hyderabad,500001,2,299,Zepto,17.383757142228376,78.48458615770181
ORD002575,2026-03-25,Protein Bar,Maharashtra,Nashik,422001,1,149,Swiggy Instamart,20.013366113646022,73.78295577816787
ORD002576,2026-06-10,Coffee,Maharashtra,Mumbai,400050,4,129,Swiggy Instamart,19.082358254276475,72.82097775357002
ORD002577,2026-03-18,Protein Bar,Karnataka,Bengaluru,560001,5,299,Zepto,12.9767810170203,77.58930798990188
ORD002578,2026-03-29,Face Wash,Maharashtra,Mumbai,400050,1,249,Blinkit,19.050907130130113,72.82939132862964
ORD002579,2026-06-10,Shampoo,Maharashtra,Mumbai,400050,4,99,Swiggy Instamart,19.06097352479407,72.85868173555059
ORD002580,2026-03-16,Energy Drink,Karnataka,Bengaluru,560001,5,79,Zepto,12.969758541843168,77.58329821270516
ORD002581,2026-06-03,Face Wash,Telangana,Hyderabad,500001,2,299,Swiggy Instamart,17.387730107174946,78.46595359962454
ORD002582,2026-04-18,Protein Bar,Gujarat,Surat,395003,1,149,Swiggy Instamart,21.16928043217396,72.83126025282296
ORD002583,2026-03-06,Snacks,Maharashtra,Nashik,422001,5,199,Blinkit,20.013846003829453,73.78943622249429
ORD002584,2026-04-02,Protein Bar,Maharashtra,Nashik,422001,1,79,Swiggy Instamart,20.000864303810925,73.7781938598537
ORD002585,2026-03-04,Coffee,Karnataka,Bengaluru,560001,4,129,Swiggy Instamart,12.963938791693893,77.58331937445192
ORD002586,2026-06-20,Face Wash,Gujarat,Surat,395003,1,299,Swiggy Instamart,21.173298947793807,72.81836414451404
ORD002587,2026-05-25,Shampoo,Telangana,Hyderabad,500001,5,249,Zepto,17.380853730994282,78.47674826040101
ORD002588,2026-01-28,Coffee,Telangana,Hyderabad,500001,1,79,Zepto,17.390496831862905,78.50471430099266
ORD002589,2026-04-03,Coffee,Maharashtra,Pune,411001,5,249,Blinkit,18.507384120171967,73.83816981517103
ORD002590,2026-03-30,Snacks,Maharashtra,Mumbai,400001,4,299,Swiggy Instamart,19.0747511311465,72.87785697795958
ORD002591,2026-01-10,Shampoo,Delhi,New Delhi,110001,4,49,Zepto,28.616086593067575,77.20453679484766
ORD002592,2026-02-16,Protein Bar,Telangana,Hyderabad,500001,3,79,Blinkit,17.38299360701175,78.49037510410541
ORD002593,2026-01-08,Snacks,Gujarat,Surat,395003,4,149,Blinkit,21.18060430892645,72.81154951229682
ORD002594,2026-04-01,Energy Drink,Gujarat,Ahmedabad,380001,3,299,Zepto,23.018810605609687,72.57353808793941
ORD002595,2026-04-28,Snacks,Gujarat,Ahmedabad,380001,3,99,Zepto,23.013320238953895,72.58871169631767
ORD002596,2026-05-21,Snacks,Delhi,New Delhi,110001,3,249,Blinkit,28.607545901197714,77.20858707312993
ORD002597,2026-05-08,Protein Bar,Maharashtra,Thane,400601,3,199,Swiggy Instamart,19.223860220968422,72.97218715211199
ORD002598,2026-02-28,Face Wash,Delhi,New Delhi,110001,3,79,Swiggy Instamart,28.595434269521956,77.20471345473084
ORD002599,2026-06-13,Shampoo,Maharashtra,Mumbai,400050,3,299,Swiggy Instamart,19.06989440555927,72.82613104873215
ORD002600,2026-04-08,Energy Drink,Maharashtra,Thane,400601,3,299,Blinkit,19.20983565698541,72.98735672209503
ORD002601,2026-04-23,Face Wash,Gujarat,Ahmedabad,380001,2,99,Blinkit,23.01919225103977,72.5662983918635
ORD002602,2026-01-29,Energy Drink,Maharashtra,Mumbai,400001,5,149,Swiggy Instamart,19.077494560896632,72.88540750209619
ORD002603,2026-03-17,Coffee,Delhi,New Delhi,110001,5,99,Blinkit,28.637717135317327,77.21727236107658
ORD002604,2026-06-28,Protein Bar,Telangana,Hyderabad,500001,2,79,Zepto,17.396598399663883,78.48164033801012
ORD002605,2026-06-19,Shampoo,Telangana,Hyderabad,500001,3,99,Swiggy Instamart,17.374741318940305,78.48732331349619
ORD002606,2026-05-17,Face Wash,Gujarat,Ahmedabad,380001,4,99,Blinkit,23.023571699152598,72.56061487258636
ORD002607,2026-03-17,Coffee,Maharashtra,Mumbai,400050,5,79,Blinkit,19.05784705470096,72.83349317601719
ORD002608,2026-04-24,Protein Bar,Maharashtra,Pune,411001,2,99,Swiggy Instamart,18.52400393395018,73.86174287853385
ORD002609,2026-01-07,Shampoo,Maharashtra,Nashik,422001,2,129,Zepto,20.008809647301376,73.77462991340731
ORD002610,2026-04-23,Snacks,Maharashtra,Pune,411001,2,99,Zepto,18.51526099373351,73.84471048602006
ORD002611,2026-03-04,Protein Bar,Maharashtra,Nashik,422001,5,299,Blinkit,20.023747750391852,73.7798345036462
ORD002612,2026-05-23,Coffee,Gujarat,Surat,395003,5,129,Blinkit,21.167951469442052,72.82181207918548
ORD002613,2026-05-13,Coffee,Maharashtra,Thane,400601,4,249,Swiggy Instamart,19.24765657902328,72.96736671967777
ORD002614,2026-04-04,Face Wash,Maharashtra,Nashik,422001,4,199,Blinkit,20.00161152074394,73.78385836836287
ORD002615,2026-03-23,Coffee,Maharashtra,Pune,411001,3,79,Swiggy Instamart,18.52640212965744,73.86627932055217
ORD002616,2026-03-24,Snacks,Maharashtra,Thane,400601,2,99,Zepto,19.23637608507769,72.98316157655461
ORD002617,2026-05-02,Coffee,Delhi,New Delhi,110001,3,79,Swiggy Instamart,28.603339692000333,77.20643054874878
ORD002618,2026-03-31,Snacks,Maharashtra,Pune,411001,5,129,Blinkit,18.523478323725136,73.87738226041506
ORD002619,2026-05-28,Protein Bar,Maharashtra,Nashik,422001,4,299,Blinkit,19.991921945215758,73.79172576505226
ORD002620,2026-04-22,Protein Bar,Telangana,Hyderabad,500001,2,49,Swiggy Instamart,17.386799143695466,78.4950783053523
ORD002621,2026-05-24,Snacks,Karnataka,Bengaluru,560001,1,199,Blinkit,12.970580052833641,77.58617567369873
ORD002622,2026-01-17,Snacks,Maharashtra,Thane,400601,3,79,Swiggy Instamart,19.225808727794014,72.98464431027105
ORD002623,2026-05-26,Face Wash,Maharashtra,Nashik,422001,1,299,Blinkit,20.015620569657397,73.77956695364622
ORD002624,2026-04-12,Energy Drink,Maharashtra,Thane,400601,4,149,Swiggy Instamart,19.2123017797668,72.96251213004976
ORD002625,2026-03-26,Energy Drink,Maharashtra,Nashik,422001,5,249,Zepto,20.014093732681395,73.78393889482444
ORD002626,2026-06-24,Coffee,Delhi,New Delhi,110001,3,49,Swiggy Instamart,28.604242173671363,77.20361426326704
ORD002627,2026-04-02,Coffee,Maharashtra,Mumbai,400001,1,79,Swiggy Instamart,19.071332411880487,72.86287015568018
ORD002628,2026-05-16,Shampoo,Maharashtra,Mumbai,400050,2,129,Zepto,19.05142317603395,72.81816169643193
ORD002629,2026-02-15,Energy Drink,Telangana,Hyderabad,500001,1,299,Swiggy Instamart,17.380875209881122,78.47931302501671
ORD002630,2026-03-26,Protein Bar,Maharashtra,Mumbai,400050,1,249,Swiggy Instamart,19.043329950791332,72.84972590230569
ORD002631,2026-04-15,Shampoo,Gujarat,Surat,395003,4,99,Blinkit,21.182725407310294,72.8233098057848
ORD002632,2026-01-25,Face Wash,Maharashtra,Thane,400601,3,99,Swiggy Instamart,19.221024213966537,72.9822746508982
ORD002633,2026-03-06,Shampoo,Gujarat,Surat,395003,1,99,Blinkit,21.182110858547738,72.8229139497334
ORD002634,2026-02-21,Energy Drink,Gujarat,Surat,395003,3,79,Blinkit,21.181121067839825,72.82562094695794
ORD002635,2026-01-25,Coffee,Karnataka,Bengaluru,560001,3,49,Swiggy Instamart,12.958241375958314,77.60184136559315
ORD002636,2026-05-23,Protein Bar,Maharashtra,Mumbai,400001,3,79,Zepto,19.088907584241223,72.90357908973532
ORD002637,2026-05-16,Protein Bar,Maharashtra,Mumbai,400001,1,199,Blinkit,19.064002747349097,72.88468919685081
ORD002638,2026-01-08,Coffee,Maharashtra,Nashik,422001,5,199,Zepto,20.001801987562065,73.78753358710524
ORD002639,2026-02-18,Snacks,Maharashtra,Thane,400601,5,299,Zepto,19.203595104487686,72.96547230224301
ORD002640,2026-02-25,Face Wash,Delhi,New Delhi,110001,1,99,Swiggy Instamart,28.606141251768335,77.20978964045669
ORD002641,2026-05-27,Energy Drink,Gujarat,Ahmedabad,380001,4,99,Swiggy Instamart,23.016089187334618,72.57799054343913
ORD002642,2026-04-24,Protein Bar,Maharashtra,Thane,400601,5,49,Swiggy Instamart,19.228568946182577,72.98409577541246
ORD002643,2026-03-21,Face Wash,Maharashtra,Mumbai,400050,1,199,Swiggy Instamart,19.075787876396607,72.83365826629455
ORD002644,2026-06-01,Coffee,Maharashtra,Thane,400601,2,79,Blinkit,19.206131032896597,72.99173376513538
ORD002645,2026-06-04,Energy Drink,Maharashtra,Pune,411001,5,199,Blinkit,18.51434843764394,73.86580418499686
ORD002646,2026-04-10,Shampoo,Delhi,New Delhi,110001,1,79,Blinkit,28.62963734216555,77.21356688010731
ORD002647,2026-04-04,Energy Drink,Maharashtra,Pune,411001,2,299,Zepto,18.50543841186835,73.84751787833491
ORD002648,2026-01-11,Face Wash,Gujarat,Surat,395003,1,299,Swiggy Instamart,21.18342744466885,72.82940877314358
ORD002649,2026-01-26,Coffee,Telangana,Hyderabad,500001,1,199,Swiggy Instamart,17.385795735349422,78.49428824416164
ORD002650,2026-05-28,Snacks,Telangana,Hyderabad,500001,5,249,Swiggy Instamart,17.391963228620806,78.48948799812385
ORD002651,2026-03-14,Face Wash,Maharashtra,Pune,411001,2,299,Zepto,18.518313316287795,73.85357331554268
ORD002652,2026-06-10,Shampoo,Maharashtra,Nashik,422001,4,249,Blinkit,20.014478988252915,73.78523569531069
ORD002653,2026-05-06,Protein Bar,Maharashtra,Mumbai,400050,4,79,Blinkit,19.057026999993823,72.84032112312993
ORD002654,2026-05-04,Coffee,Delhi,New Delhi,110001,4,149,Blinkit,28.612609658848704,77.20048337825666
ORD002655,2026-06-25,Snacks,Maharashtra,Nashik,422001,1,49,Zepto,19.998310293010967,73.76991259163691
ORD002656,2026-03-20,Coffee,Maharashtra,Mumbai,400050,5,99,Swiggy Instamart,19.056875899833962,72.84183724278336
ORD002657,2026-01-13,Coffee,Gujarat,Ahmedabad,380001,1,49,Blinkit,23.014449048189697,72.57328475761018
ORD002658,2026-02-18,Face Wash,Gujarat,Surat,395003,5,49,Swiggy Instamart,21.163633106543728,72.82849690958729
ORD002659,2026-05-11,Coffee,Gujarat,Surat,395003,2,199,Swiggy Instamart,21.155099587880148,72.82889461770844
ORD002660,2026-02-24,Protein Bar,Maharashtra,Mumbai,400001,4,99,Zepto,19.074062946201952,72.88310287944036
ORD002661,2026-01-19,Snacks,Gujarat,Ahmedabad,380001,2,299,Zepto,23.024732809132555,72.55941607875047
ORD002662,2026-06-13,Coffee,Telangana,Hyderabad,500001,1,49,Blinkit,17.395841982440437,78.48880303040222
ORD002663,2026-06-26,Protein Bar,Maharashtra,Pune,411001,3,49,Zepto,18.522383935171774,73.85660817646615
ORD002664,2026-02-15,Shampoo,Gujarat,Ahmedabad,380001,2,199,Blinkit,23.01732242552778,72.57357802339749
ORD002665,2026-02-09,Energy Drink,Maharashtra,Mumbai,400001,5,129,Swiggy Instamart,19.080755884359288,72.86023104308654
ORD002666,2026-04-19,Snacks,Maharashtra,Nashik,422001,5,149,Zepto,20.00051239162654,73.77715053029597
ORD002667,2026-04-15,Snacks,Maharashtra,Nashik,422001,1,249,Blinkit,20.008461706056945,73.79163311005928
ORD002668,2026-03-13,Energy Drink,Gujarat,Surat,395003,4,149,Swiggy Instamart,21.162482591854033,72.82612038153182
ORD002669,2026-06-10,Snacks,Maharashtra,Mumbai,400001,4,49,Swiggy Instamart,19.070874658893533,72.86968472409896
ORD002670,2026-02-02,Snacks,Karnataka,Bengaluru,560001,2,79,Swiggy Instamart,12.968128135048877,77.60230802219988
ORD002671,2026-01-30,Energy Drink,Maharashtra,Mumbai,400050,4,79,Zepto,19.049061645046358,72.83377814395152
ORD002672,2026-03-25,Energy Drink,Delhi,New Delhi,110001,3,249,Blinkit,28.59688097769982,77.20338662003559
ORD002673,2026-03-15,Face Wash,Delhi,New Delhi,110001,5,149,Zepto,28.61060510699782,77.22574859672915
ORD002674,2026-04-12,Energy Drink,Maharashtra,Mumbai,400050,1,299,Zepto,19.056851976952473,72.80748756526549
ORD002675,2026-05-13,Protein Bar,Maharashtra,Thane,400601,4,299,Zepto,19.198311110931385,72.97844029586346
ORD002676,2026-02-28,Protein Bar,Maharashtra,Mumbai,400050,4,99,Zepto,19.065737708557897,72.83325455857627
ORD002677,2026-03-03,Shampoo,Maharashtra,Mumbai,400050,5,199,Blinkit,19.06127570105801,72.84112259597505
ORD002678,2026-04-24,Coffee,Maharashtra,Thane,400601,1,129,Zepto,19.212904087792626,72.98704910556026
ORD002679,2026-01-12,Coffee,Gujarat,Ahmedabad,380001,1,99,Blinkit,23.006179851149735,72.56235052167061
ORD002680,2026-02-14,Face Wash,Maharashtra,Nashik,422001,4,129,Swiggy Instamart,19.987829586050683,73.7769515469933
ORD002681,2026-04-11,Shampoo,Maharashtra,Mumbai,400001,2,149,Swiggy Instamart,19.075537387827335,72.87884101492227
ORD002682,2026-02-27,Energy Drink,Maharashtra,Mumbai,400050,2,199,Swiggy Instamart,19.06021883352887,72.82022446669188
ORD002683,2026-01-07,Shampoo,Karnataka,Bengaluru,560001,1,129,Swiggy Instamart,12.969697591555867,77.57962553331394
ORD002684,2026-03-15,Coffee,Delhi,New Delhi,110001,2,99,Swiggy Instamart,28.627532289751322,77.20596373927103
ORD002685,2026-01-15,Protein Bar,Gujarat,Ahmedabad,380001,1,249,Swiggy Instamart,23.017611138809563,72.58728940328444
ORD002686,2026-01-05,Coffee,Delhi,New Delhi,110001,2,199,Blinkit,28.601477534664507,77.19774412885968
ORD002687,2026-02-06,Protein Bar,Maharashtra,Mumbai,400001,2,49,Blinkit,19.065037796751316,72.87702128618301
ORD002688,2026-05-25,Protein Bar,Maharashtra,Mumbai,400001,4,79,Zepto,19.080316316296376,72.88509675468119
ORD002689,2026-05-25,Coffee,Maharashtra,Mumbai,400001,1,49,Swiggy Instamart,19.10171995317495,72.855205675458
ORD002690,2026-05-27,Snacks,Karnataka,Bengaluru,560001,4,149,Swiggy Instamart,12.977687355891245,77.58902869427428
ORD002691,2026-04-10,Shampoo,Telangana,Hyderabad,500001,2,299,Swiggy Instamart,17.379135848511115,78.48050227871747
ORD002692,2026-03-30,Snacks,Maharashtra,Nashik,422001,4,299,Zepto,19.99681230329192,73.79654524834604
ORD002693,2026-05-18,Face Wash,Karnataka,Bengaluru,560001,2,99,Blinkit,12.98002297327014,77.59483195978558
ORD002694,2026-04-10,Face Wash,Maharashtra,Thane,400601,2,199,Swiggy Instamart,19.23181015752487,72.96297471034701
ORD002695,2026-04-21,Face Wash,Maharashtra,Mumbai,400001,2,49,Blinkit,19.062692948686692,72.85592032267806
ORD002696,2026-05-19,Energy Drink,Gujarat,Surat,395003,4,99,Swiggy Instamart,21.16320585459877,72.83271698526706
ORD002697,2026-02-23,Shampoo,Gujarat,Ahmedabad,380001,4,249,Blinkit,23.023528585779324,72.5728934191106
ORD002698,2026-04-24,Shampoo,Karnataka,Bengaluru,560001,4,199,Blinkit,12.95748943168934,77.60263154742614
ORD002699,2026-06-20,Shampoo,Gujarat,Ahmedabad,380001,2,129,Zepto,23.024896275182392,72.57873054281465
ORD002700,2026-02-18,Coffee,Maharashtra,Pune,411001,2,199,Blinkit,18.501472378224097,73.85981490858798
ORD002701,2026-04-15,Face Wash,Delhi,New Delhi,110001,3,129,Blinkit,28.602022347600826,77.2050267674745
ORD002702,2026-05-01,Protein Bar,Maharashtra,Thane,400601,5,299,Blinkit,19.223643648986364,72.97901093606255
ORD002703,2026-04-16,Protein Bar,Telangana,Hyderabad,500001,2,129,Blinkit,17.376484600202208,78.48676273156184
ORD002704,2026-02-10,Snacks,Delhi,New Delhi,110001,4,249,Zepto,28.598584646847563,77.22050267395899
ORD002705,2026-01-07,Snacks,Karnataka,Bengaluru,560001,2,249,Swiggy Instamart,12.969547159805037,77.60578549944255
ORD002706,2026-03-11,Snacks,Maharashtra,Thane,400601,5,99,Swiggy Instamart,19.213034683129038,72.97286424011592
ORD002707,2026-05-28,Energy Drink,Gujarat,Surat,395003,2,249,Blinkit,21.162558132133622,72.83986173931693
ORD002708,2026-03-04,Snacks,Karnataka,Bengaluru,560001,2,299,Blinkit,12.964505688426716,77.60104595432415
ORD002709,2026-06-06,Coffee,Telangana,Hyderabad,500001,1,79,Zepto,17.38117547602331,78.46694036700109
ORD002710,2026-01-06,Protein Bar,Maharashtra,Mumbai,400050,1,199,Zepto,19.053896859322133,72.81770891785636
ORD002711,2026-04-02,Energy Drink,Gujarat,Ahmedabad,380001,2,129,Blinkit,23.022839027236824,72.55949592264325
ORD002712,2026-04-03,Coffee,Maharashtra,Mumbai,400050,3,299,Blinkit,19.068859751007146,72.82858924139647
ORD002713,2026-02-14,Face Wash,Gujarat,Ahmedabad,380001,3,79,Swiggy Instamart,23.020724040052414,72.57795892137787
ORD002714,2026-02-08,Energy Drink,Maharashtra,Thane,400601,4,79,Swiggy Instamart,19.227939069340756,72.9778990124823
ORD002715,2026-04-15,Energy Drink,Telangana,Hyderabad,500001,5,299,Swiggy Instamart,17.377287997004508,78.46896030383888
ORD002716,2026-06-26,Energy Drink,Maharashtra,Nashik,422001,1,99,Blinkit,19.99903950242965,73.77352787753352
ORD002717,2026-01-11,Energy Drink,Maharashtra,Mumbai,400050,4,299,Blinkit,19.060670574529922,72.82604853118862
ORD002718,2026-02-13,Protein Bar,Karnataka,Bengaluru,560001,5,199,Blinkit,12.978479329720514,77.5884701672873
ORD002719,2026-05-27,Energy Drink,Telangana,Hyderabad,500001,4,49,Blinkit,17.38442958833147,78.49853987443197
ORD002720,2026-03-30,Face Wash,Telangana,Hyderabad,500001,1,199,Zepto,17.38841825213955,78.48609962458312
ORD002721,2026-02-04,Coffee,Maharashtra,Thane,400601,3,249,Zepto,19.212280555580648,72.97176768603285
ORD002722,2026-06-21,Energy Drink,Maharashtra,Mumbai,400050,3,149,Swiggy Instamart,19.05109386747048,72.82408993134217
ORD002723,2026-04-01,Coffee,Maharashtra,Mumbai,400050,4,49,Swiggy Instamart,19.067156658387443,72.82728111728707
ORD002724,2026-04-17,Energy Drink,Telangana,Hyderabad,500001,3,149,Zepto,17.371502269306188,78.5043816929306
ORD002725,2026-03-13,Coffee,Delhi,New Delhi,110001,1,299,Blinkit,28.617099651911452,77.19493056599487
ORD002726,2026-01-14,Snacks,Maharashtra,Thane,400601,2,149,Blinkit,19.213881510727592,72.97920886382828
ORD002727,2026-04-21,Face Wash,Karnataka,Bengaluru,560001,1,149,Swiggy Instamart,12.988645920932974,77.58351887541741
ORD002728,2026-06-18,Protein Bar,Karnataka,Bengaluru,560001,3,49,Zepto,12.98136040719356,77.60859486426972
ORD002729,2026-01-03,Snacks,Telangana,Hyderabad,500001,5,49,Blinkit,17.378713456949257,78.4839248638114
ORD002730,2026-02-21,Shampoo,Gujarat,Surat,395003,4,249,Zepto,21.159836907526262,72.8290653885892
ORD002731,2026-06-28,Shampoo,Maharashtra,Nashik,422001,3,199,Swiggy Instamart,20.005534100256572,73.78629649998084
ORD002732,2026-04-15,Snacks,Gujarat,Surat,395003,3,99,Blinkit,21.181101834710205,72.82361903935379
ORD002733,2026-05-22,Energy Drink,Maharashtra,Nashik,422001,4,149,Blinkit,19.98622674935774,73.77948755220724
ORD002734,2026-04-26,Snacks,Maharashtra,Mumbai,400050,1,199,Swiggy Instamart,19.062535375299685,72.83199417687685
ORD002735,2026-01-06,Energy Drink,Maharashtra,Mumbai,400050,1,129,Zepto,19.05633326752491,72.83074752099664
ORD002736,2026-04-06,Protein Bar,Maharashtra,Thane,400601,2,129,Zepto,19.23345444808352,72.98191734168962
ORD002737,2026-01-03,Snacks,Maharashtra,Mumbai,400050,1,199,Swiggy Instamart,19.05586631574997,72.82449802182903
ORD002738,2026-02-09,Coffee,Maharashtra,Mumbai,400050,4,199,Swiggy Instamart,19.057901476423222,72.8458673996183
ORD002739,2026-06-06,Protein Bar,Maharashtra,Mumbai,400050,1,99,Zepto,19.05776699290474,72.8293020565548
ORD002740,2026-02-17,Protein Bar,Maharashtra,Mumbai,400050,1,49,Blinkit,19.054776864290638,72.84048983357441
ORD002741,2026-02-23,Protein Bar,Maharashtra,Pune,411001,1,249,Blinkit,18.539998372547444,73.86120613049432
ORD002742,2026-02-19,Shampoo,Delhi,New Delhi,110001,2,299,Swiggy Instamart,28.614727729037856,77.20936782833175
ORD002743,2026-05-01,Face Wash,Maharashtra,Thane,400601,5,49,Blinkit,19.194456932112143,72.98555150864284
ORD002744,2026-05-10,Protein Bar,Maharashtra,Thane,400601,1,99,Zepto,19.21964166415996,72.98238342050661
ORD002745,2026-02-06,Coffee,Maharashtra,Nashik,422001,5,129,Swiggy Instamart,19.998785378059164,73.77585543121023
ORD002746,2026-06-29,Protein Bar,Maharashtra,Mumbai,400050,2,99,Blinkit,19.05548975063497,72.83971622984073
ORD002747,2026-02-11,Shampoo,Maharashtra,Pune,411001,5,149,Swiggy Instamart,18.516612401633967,73.8775266032211
ORD002748,2026-05-10,Snacks,Gujarat,Surat,395003,3,129,Blinkit,21.174508624190153,72.81834317340005
ORD002749,2026-03-30,Snacks,Maharashtra,Nashik,422001,2,49,Swiggy Instamart,20.004614537067482,73.77318324877844
ORD002750,2026-03-14,Energy Drink,Maharashtra,Nashik,422001,1,49,Zepto,19.9839561753018,73.79569470940115
ORD002751,2026-03-30,Snacks,Karnataka,Bengaluru,560001,1,249,Zepto,12.9786314254222,77.59993207317899
ORD002752,2026-01-04,Snacks,Karnataka,Bengaluru,560001,1,199,Swiggy Instamart,12.973254036602997,77.58077982431307
ORD002753,2026-06-28,Snacks,Gujarat,Ahmedabad,380001,5,79,Swiggy Instamart,23.017663828604448,72.57981780774784
ORD002754,2026-03-23,Shampoo,Maharashtra,Nashik,422001,3,299,Blinkit,19.995387799702176,73.7543823068375
ORD002755,2026-03-18,Shampoo,Karnataka,Bengaluru,560001,3,129,Zepto,12.96932893992219,77.59318242445973
ORD002756,2026-02-13,Protein Bar,Telangana,Hyderabad,500001,3,249,Blinkit,17.386355634164147,78.49398518643514
ORD002757,2026-03-25,Shampoo,Karnataka,Bengaluru,560001,4,299,Blinkit,12.977976058122312,77.59718769805244
ORD002758,2026-02-06,Snacks,Maharashtra,Thane,400601,4,249,Zepto,19.230255313880868,72.96291030219186
ORD002759,2026-03-23,Shampoo,Maharashtra,Thane,400601,2,249,Blinkit,19.22334581814477,72.98436538363336
ORD002760,2026-04-22,Snacks,Maharashtra,Mumbai,400001,2,99,Swiggy Instamart,19.0636043771392,72.86267129391318
ORD002761,2026-02-25,Protein Bar,Maharashtra,Thane,400601,1,249,Blinkit,19.210840578735244,72.97148458557484
ORD002762,2026-03-11,Face Wash,Maharashtra,Thane,400601,2,49,Blinkit,19.225834194635024,72.97195461216309
ORD002763,2026-02-10,Face Wash,Gujarat,Surat,395003,5,149,Zepto,21.16163651481719,72.82498366263306
ORD002764,2026-05-05,Coffee,Maharashtra,Pune,411001,4,249,Blinkit,18.53158632334154,73.85683043374377
ORD002765,2026-05-05,Snacks,Maharashtra,Thane,400601,1,199,Zepto,19.21650748974643,72.97699994501299
ORD002766,2026-03-24,Snacks,Maharashtra,Mumbai,400050,4,149,Zepto,19.072520603343264,72.82200828273396
ORD002767,2026-05-13,Shampoo,Maharashtra,Pune,411001,2,249,Blinkit,18.5335550829094,73.85880496298923
ORD002768,2026-03-20,Snacks,Maharashtra,Mumbai,400001,2,199,Swiggy Instamart,19.07439580618025,72.90270900497934
ORD002769,2026-06-25,Coffee,Maharashtra,Nashik,422001,4,79,Swiggy Instamart,19.995343605102015,73.77616314240433
ORD002770,2026-05-16,Face Wash,Maharashtra,Thane,400601,3,199,Swiggy Instamart,19.20597568760836,72.98762461970536
ORD002771,2026-04-05,Coffee,Maharashtra,Thane,400601,4,79,Zepto,19.235191889336516,72.99479922781404
ORD002772,2026-04-05,Shampoo,Karnataka,Bengaluru,560001,2,129,Blinkit,12.98383948753146,77.59262379532204
ORD002773,2026-03-22,Snacks,Maharashtra,Pune,411001,4,149,Swiggy Instamart,18.5167475902251,73.83998830227506
ORD002774,2026-05-28,Face Wash,Gujarat,Ahmedabad,380001,2,99,Blinkit,23.042858735351818,72.57608978078149
ORD002775,2026-02-28,Snacks,Telangana,Hyderabad,500001,5,129,Zepto,17.380080430951306,78.49998056888987
ORD002776,2026-05-25,Shampoo,Karnataka,Bengaluru,560001,1,199,Swiggy Instamart,12.961872354832401,77.59866622034222
ORD002777,2026-04-09,Energy Drink,Maharashtra,Mumbai,400050,5,199,Zepto,19.05787370865709,72.8358867713988
ORD002778,2026-05-06,Shampoo,Delhi,New Delhi,110001,5,149,Zepto,28.61326426460814,77.1944907210889
ORD002779,2026-04-10,Energy Drink,Karnataka,Bengaluru,560001,3,99,Blinkit,12.9723557637267,77.60508864141876
ORD002780,2026-05-02,Energy Drink,Maharashtra,Mumbai,400001,2,49,Blinkit,19.07570783594146,72.88545115121589
ORD002781,2026-06-08,Shampoo,Gujarat,Ahmedabad,380001,5,99,Blinkit,23.01204470514326,72.5711373920673
ORD002782,2026-05-05,Face Wash,Gujarat,Ahmedabad,380001,5,129,Swiggy Instamart,23.016254895449116,72.57886980840104
ORD002783,2026-06-02,Coffee,Maharashtra,Pune,411001,1,149,Swiggy Instamart,18.52071491562262,73.86360073676337
ORD002784,2026-02-19,Coffee,Maharashtra,Mumbai,400001,5,149,Zepto,19.08687710426158,72.88461618575121
ORD002785,2026-04-19,Snacks,Gujarat,Surat,395003,1,149,Blinkit,21.17293118434294,72.82111787741489
ORD002786,2026-02-06,Face Wash,Maharashtra,Pune,411001,1,49,Swiggy Instamart,18.52037213889333,73.85136909597985
ORD002787,2026-01-21,Face Wash,Gujarat,Surat,395003,4,99,Blinkit,21.16675936043296,72.82735465849251
ORD002788,2026-05-23,Energy Drink,Gujarat,Surat,395003,5,299,Blinkit,21.16040074425218,72.81152661410867
ORD002789,2026-03-12,Shampoo,Maharashtra,Mumbai,400050,3,129,Swiggy Instamart,19.052918569516724,72.83143379451924
ORD002790,2026-04-27,Face Wash,Telangana,Hyderabad,500001,2,99,Blinkit,17.371518229545728,78.48685682236471
ORD002791,2026-02-01,Protein Bar,Maharashtra,Mumbai,400001,3,299,Blinkit,19.09500268424311,72.88793056555252
ORD002792,2026-03-22,Snacks,Maharashtra,Thane,400601,4,49,Swiggy Instamart,19.234735415091205,72.98201127876932
ORD002793,2026-06-15,Face Wash,Gujarat,Surat,395003,4,99,Blinkit,21.181875098229867,72.82386035269533
ORD002794,2026-01-09,Snacks,Telangana,Hyderabad,500001,3,199,Swiggy Instamart,17.37855659732978,78.45930859793863
ORD002795,2026-01-11,Coffee,Telangana,Hyderabad,500001,1,99,Blinkit,17.396861454740424,78.5021032397982
ORD002796,2026-01-18,Energy Drink,Maharashtra,Mumbai,400050,2,79,Swiggy Instamart,19.054068227546527,72.82696048293603
ORD002797,2026-03-02,Protein Bar,Maharashtra,Thane,400601,3,199,Blinkit,19.21076137886309,72.98192653551477
ORD002798,2026-04-16,Face Wash,Maharashtra,Mumbai,400050,1,299,Blinkit,19.070849325453032,72.81207228026119
ORD002799,2026-01-16,Coffee,Delhi,New Delhi,110001,4,249,Swiggy Instamart,28.617994385306424,77.20623328228281
ORD002800,2026-05-21,Protein Bar,Maharashtra,Thane,400601,2,299,Zepto,19.219433943919665,72.98268994001674
ORD002801,2026-03-08,Energy Drink,Maharashtra,Mumbai,400050,2,49,Swiggy Instamart,19.05771797561227,72.82846413146594
ORD002802,2026-01-07,Protein Bar,Delhi,New Delhi,110001,2,299,Zepto,28.611761248324456,77.21870316201789
ORD002803,2026-02-26,Energy Drink,Maharashtra,Mumbai,400001,2,99,Swiggy Instamart,19.080187599601274,72.87990583537737
ORD002804,2026-03-24,Shampoo,Gujarat,Ahmedabad,380001,4,49,Swiggy Instamart,23.00979048278908,72.56761420256787
ORD002805,2026-05-07,Protein Bar,Maharashtra,Nashik,422001,4,79,Zepto,20.014886691603394,73.78007696573124
ORD002806,2026-05-31,Protein Bar,Maharashtra,Pune,411001,2,129,Swiggy Instamart,18.52699531469589,73.87436511800328
ORD002807,2026-01-02,Face Wash,Karnataka,Bengaluru,560001,1,199,Swiggy Instamart,12.981986060692089,77.595531583377
ORD002808,2026-04-12,Energy Drink,Maharashtra,Thane,400601,2,49,Swiggy Instamart,19.213190108298043,72.95256450403944
ORD002809,2026-03-14,Face Wash,Telangana,Hyderabad,500001,5,199,Swiggy Instamart,17.383316150775272,78.48343987504182
ORD002810,2026-02-10,Energy Drink,Gujarat,Surat,395003,5,149,Blinkit,21.174103661943956,72.82956094773026
ORD002811,2026-03-25,Face Wash,Maharashtra,Pune,411001,4,79,Swiggy Instamart,18.51719614940563,73.83890601069493
ORD002812,2026-04-26,Protein Bar,Maharashtra,Nashik,422001,4,249,Zepto,19.9965003217085,73.78446651040801
ORD002813,2026-01-29,Protein Bar,Maharashtra,Thane,400601,4,79,Swiggy Instamart,19.235459076311326,72.97712474616254
ORD002814,2026-02-21,Coffee,Maharashtra,Pune,411001,3,129,Swiggy Instamart,18.52367811073574,73.86622478156953
ORD002815,2026-04-03,Shampoo,Maharashtra,Nashik,422001,1,129,Swiggy Instamart,19.997791060637997,73.78336814043286
ORD002816,2026-02-25,Coffee,Maharashtra,Nashik,422001,1,149,Zepto,19.99849509893668,73.78834824438492
ORD002817,2026-02-16,Face Wash,Maharashtra,Pune,411001,2,299,Swiggy Instamart,18.521914030479515,73.85968451813982
ORD002818,2026-03-25,Shampoo,Gujarat,Surat,395003,4,99,Blinkit,21.162374014025815,72.83817032359612
ORD002819,2026-05-24,Coffee,Karnataka,Bengaluru,560001,3,129,Zepto,12.99244712921231,77.58452088304571
ORD002820,2026-01-28,Protein Bar,Telangana,Hyderabad,500001,1,49,Zepto,17.381602409923527,78.48901607474168
ORD002821,2026-01-01,Face Wash,Maharashtra,Nashik,422001,4,249,Swiggy Instamart,20.013764062119957,73.77410453714711
ORD002822,2026-02-10,Protein Bar,Telangana,Hyderabad,500001,1,199,Zepto,17.356669697098575,78.50029189494164
ORD002823,2026-04-19,Snacks,Maharashtra,Pune,411001,3,79,Blinkit,18.52800506119584,73.83927052469514
ORD002824,2026-06-17,Protein Bar,Gujarat,Surat,395003,3,49,Zepto,21.164124312082205,72.84678182429528
ORD002825,2026-02-06,Face Wash,Maharashtra,Nashik,422001,4,129,Zepto,20.02037796418458,73.7890864002268
ORD002826,2026-05-02,Energy Drink,Maharashtra,Mumbai,400001,1,79,Zepto,19.074238875660402,72.87852987418813
ORD002827,2026-04-27,Coffee,Maharashtra,Pune,411001,5,149,Blinkit,18.519090741948737,73.86798239783269
ORD002828,2026-06-29,Coffee,Maharashtra,Mumbai,400001,4,79,Swiggy Instamart,19.06724157593505,72.86964200345116
ORD002829,2026-02-25,Protein Bar,Maharashtra,Thane,400601,4,249,Zepto,19.228402745868358,72.97765638544489
ORD002830,2026-05-08,Shampoo,Maharashtra,Mumbai,400001,4,249,Zepto,19.08978467355454,72.8709848779302
ORD002831,2026-05-28,Protein Bar,Maharashtra,Mumbai,400001,1,149,Swiggy Instamart,19.075452216396613,72.86847587015157
ORD002832,2026-05-03,Energy Drink,Maharashtra,Nashik,422001,3,49,Swiggy Instamart,20.005973626814235,73.76491453063002
ORD002833,2026-02-18,Energy Drink,Maharashtra,Nashik,422001,4,49,Swiggy Instamart,20.001023665790452,73.76533746135073
ORD002834,2026-05-25,Shampoo,Maharashtra,Mumbai,400001,5,299,Zepto,19.082939232331913,72.8848658933976
ORD002835,2026-03-15,Face Wash,Maharashtra,Mumbai,400001,1,199,Blinkit,19.058697372695157,72.89103885745502
ORD002836,2026-05-20,Energy Drink,Karnataka,Bengaluru,560001,3,199,Swiggy Instamart,12.996574151264198,77.59506006386736
ORD002837,2026-05-19,Energy Drink,Delhi,New Delhi,110001,3,199,Blinkit,28.607488857397755,77.23724330591003
ORD002838,2026-05-29,Shampoo,Maharashtra,Thane,400601,3,299,Blinkit,19.205110315016974,72.97830106466868
ORD002839,2026-02-07,Snacks,Maharashtra,Nashik,422001,4,249,Blinkit,20.00769622272632,73.79315147620453
ORD002840,2026-01-23,Coffee,Gujarat,Surat,395003,3,99,Blinkit,21.173797389751268,72.82611366104213
ORD002841,2026-06-15,Shampoo,Gujarat,Ahmedabad,380001,4,99,Zepto,23.01298815629612,72.56798178179754
ORD002842,2026-05-10,Snacks,Gujarat,Ahmedabad,380001,2,199,Swiggy Instamart,23.012430726390548,72.57187825319784
ORD002843,2026-05-27,Energy Drink,Maharashtra,Thane,400601,2,249,Zepto,19.212658038201393,72.9631596220671
ORD002844,2026-01-29,Coffee,Gujarat,Surat,395003,5,49,Swiggy Instamart,21.18275145788375,72.82612327476572
ORD002845,2026-05-28,Protein Bar,Maharashtra,Mumbai,400050,3,99,Swiggy Instamart,19.046918631950245,72.82781740865512
ORD002846,2026-06-25,Snacks,Maharashtra,Pune,411001,3,299,Zepto,18.521083715659675,73.83923533274421
ORD002847,2026-04-06,Coffee,Gujarat,Ahmedabad,380001,4,249,Zepto,23.02581647667126,72.56092842431309
ORD002848,2026-03-31,Snacks,Telangana,Hyderabad,500001,4,79,Zepto,17.402110288091908,78.49193960512076
ORD002849,2026-02-09,Snacks,Karnataka,Bengaluru,560001,2,49,Swiggy Instamart,12.967601000098908,77.58714832229683
ORD002850,2026-05-07,Energy Drink,Maharashtra,Mumbai,400050,1,149,Zepto,19.058550322924365,72.83562790741583
ORD002851,2026-03-19,Energy Drink,Gujarat,Surat,395003,5,79,Zepto,21.16994505871415,72.82892841192864
ORD002852,2026-01-05,Protein Bar,Maharashtra,Mumbai,400001,3,79,Zepto,19.07658370290818,72.87166141068764
ORD002853,2026-06-24,Protein Bar,Maharashtra,Thane,400601,1,149,Blinkit,19.21486794073157,72.95724207561095
ORD002854,2026-04-19,Face Wash,Maharashtra,Mumbai,400050,4,49,Swiggy Instamart,19.069337262308522,72.83248797780321
ORD002855,2026-03-18,Face Wash,Telangana,Hyderabad,500001,4,199,Zepto,17.37726544155967,78.50568734981356
ORD002856,2026-04-20,Coffee,Maharashtra,Nashik,422001,5,299,Swiggy Instamart,20.006770164803925,73.76933856428025
ORD002857,2026-06-01,Protein Bar,Telangana,Hyderabad,500001,4,49,Blinkit,17.393567374214705,78.49068048216509
ORD002858,2026-03-31,Protein Bar,Gujarat,Ahmedabad,380001,3,299,Blinkit,23.026445799854844,72.56714244395349
ORD002859,2026-01-26,Shampoo,Delhi,New Delhi,110001,5,199,Swiggy Instamart,28.618404957237782,77.20638241709779
ORD002860,2026-01-07,Shampoo,Karnataka,Bengaluru,560001,1,299,Zepto,12.977159414516459,77.5755505554599
ORD002861,2026-03-06,Coffee,Karnataka,Bengaluru,560001,1,79,Zepto,12.967261265370208,77.61182155097808
ORD002862,2026-04-27,Shampoo,Maharashtra,Mumbai,400050,3,129,Swiggy Instamart,19.051929325445997,72.82346161702506
ORD002863,2026-01-09,Face Wash,Karnataka,Bengaluru,560001,3,299,Zepto,12.9671203866155,77.58245193864111
ORD002864,2026-04-16,Protein Bar,Telangana,Hyderabad,500001,1,99,Swiggy Instamart,17.36291719223772,78.48439413601476
ORD002865,2026-05-10,Shampoo,Maharashtra,Mumbai,400001,1,99,Blinkit,19.077358594240817,72.87717494931462
ORD002866,2026-06-28,Coffee,Maharashtra,Nashik,422001,4,49,Blinkit,20.00445121438052,73.78013040870852
ORD002867,2026-01-31,Snacks,Telangana,Hyderabad,500001,5,299,Zepto,17.395228414715508,78.4847955381407
ORD002868,2026-03-17,Energy Drink,Karnataka,Bengaluru,560001,1,149,Swiggy Instamart,12.965859174229127,77.59178874515112
ORD002869,2026-04-20,Protein Bar,Gujarat,Ahmedabad,380001,2,79,Zepto,23.028293467597567,72.58552026878543
ORD002870,2026-05-05,Energy Drink,Karnataka,Bengaluru,560001,1,249,Swiggy Instamart,12.965318562608308,77.5955893378703
ORD002871,2026-04-07,Protein Bar,Maharashtra,Thane,400601,3,99,Zepto,19.22168357441936,72.9681742199327
ORD002872,2026-06-24,Coffee,Gujarat,Ahmedabad,380001,4,129,Swiggy Instamart,23.02270417167213,72.55674326142658
ORD002873,2026-06-29,Protein Bar,Karnataka,Bengaluru,560001,1,99,Zepto,12.953909496962606,77.59826746407892
ORD002874,2026-06-04,Coffee,Maharashtra,Thane,400601,1,299,Blinkit,19.21446125258669,72.98012280407622
ORD002875,2026-06-28,Shampoo,Gujarat,Ahmedabad,380001,1,199,Swiggy Instamart,23.022321050229916,72.56163599951336
ORD002876,2026-01-28,Shampoo,Delhi,New Delhi,110001,4,49,Blinkit,28.613447456980357,77.19666898694986
ORD002877,2026-05-23,Snacks,Gujarat,Surat,395003,4,79,Zepto,21.184109723580015,72.81754029655141
ORD002878,2026-03-09,Snacks,Maharashtra,Mumbai,400050,3,299,Blinkit,19.057642147290313,72.81907728411953
ORD002879,2026-03-04,Energy Drink,Delhi,New Delhi,110001,1,49,Zepto,28.61960421173361,77.20568568628718
ORD002880,2026-05-27,Energy Drink,Maharashtra,Mumbai,400050,2,299,Swiggy Instamart,19.054413332803787,72.83803201545051
ORD002881,2026-04-06,Coffee,Delhi,New Delhi,110001,3,299,Zepto,28.614194305916776,77.21416644445937
ORD002882,2026-05-30,Shampoo,Maharashtra,Thane,400601,1,49,Zepto,19.208486740634825,72.96405183056072
ORD002883,2026-02-07,Face Wash,Maharashtra,Pune,411001,2,249,Zepto,18.5214720796204,73.85351153644505
ORD002884,2026-01-16,Coffee,Gujarat,Ahmedabad,380001,1,79,Swiggy Instamart,23.02876434672454,72.57060091547338
ORD002885,2026-05-30,Coffee,Maharashtra,Nashik,422001,1,149,Zepto,20.007950753392347,73.7634661747006
ORD002886,2026-03-04,Shampoo,Gujarat,Ahmedabad,380001,2,129,Swiggy Instamart,23.041384369396145,72.56975758014967
ORD002887,2026-05-03,Shampoo,Karnataka,Bengaluru,560001,2,79,Zepto,12.978575869703393,77.5862390832978
ORD002888,2026-05-22,Snacks,Gujarat,Surat,395003,5,79,Zepto,21.173280099022175,72.81807155236476
ORD002889,2026-05-11,Energy Drink,Maharashtra,Thane,400601,1,299,Swiggy Instamart,19.222820678382597,72.97454025915614
ORD002890,2026-05-25,Energy Drink,Maharashtra,Mumbai,400050,2,249,Swiggy Instamart,19.059891905039354,72.8364797403013
ORD002891,2026-02-27,Face Wash,Gujarat,Ahmedabad,380001,4,49,Blinkit,23.010174596887797,72.56455508269387
ORD002892,2026-03-24,Shampoo,Maharashtra,Mumbai,400001,1,129,Swiggy Instamart,19.080573242810868,72.89868221474548
ORD002893,2026-04-11,Shampoo,Gujarat,Ahmedabad,380001,5,129,Swiggy Instamart,23.021119176653386,72.57731136117924
ORD002894,2026-05-03,Coffee,Maharashtra,Thane,400601,5,249,Swiggy Instamart,19.217230285301415,72.99752245594756
ORD002895,2026-03-03,Coffee,Maharashtra,Thane,400601,5,149,Blinkit,19.200827783330347,72.9790462104467
ORD002896,2026-04-21,Coffee,Maharashtra,Mumbai,400050,1,249,Zepto,19.04334455966438,72.80443428429463
ORD002897,2026-01-22,Snacks,Delhi,New Delhi,110001,2,49,Blinkit,28.616874620531178,77.21039497796147
ORD002898,2026-04-11,Face Wash,Maharashtra,Nashik,422001,4,199,Blinkit,20.00305163062258,73.7786380590996
ORD002899,2026-06-04,Face Wash,Delhi,New Delhi,110001,3,299,Swiggy Instamart,28.644882994340712,77.20641824861968
ORD002900,2026-04-09,Snacks,Karnataka,Bengaluru,560001,5,99,Blinkit,12.976701243612501,77.58810635180386
ORD002901,2026-01-24,Snacks,Gujarat,Ahmedabad,380001,4,199,Swiggy Instamart,23.025452325750408,72.56901766324944
ORD002902,2026-06-07,Snacks,Delhi,New Delhi,110001,1,149,Swiggy Instamart,28.609794815172705,77.227188985322
ORD002903,2026-03-11,Face Wash,Maharashtra,Nashik,422001,5,129,Blinkit,20.017671849631842,73.781067466474
ORD002904,2026-03-03,Coffee,Gujarat,Ahmedabad,380001,2,199,Blinkit,22.999457880640563,72.56778990776748
ORD002905,2026-03-27,Coffee,Maharashtra,Pune,411001,4,149,Blinkit,18.54743027564405,73.8543933833336
ORD002906,2026-04-19,Snacks,Telangana,Hyderabad,500001,2,99,Swiggy Instamart,17.39603217572054,78.50111942401952
ORD002907,2026-02-18,Snacks,Maharashtra,Nashik,422001,3,199,Zepto,20.00808963915856,73.77128178368132
ORD002908,2026-05-29,Coffee,Karnataka,Bengaluru,560001,2,79,Swiggy Instamart,12.947246876682172,77.6014416320861
ORD002909,2026-06-13,Energy Drink,Maharashtra,Nashik,422001,2,199,Zepto,19.997752439971766,73.78146150451889
ORD002910,2026-04-06,Energy Drink,Karnataka,Bengaluru,560001,4,299,Swiggy Instamart,12.959101796604108,77.59194762459529
ORD002911,2026-05-26,Shampoo,Maharashtra,Nashik,422001,5,199,Zepto,20.00623719054901,73.78238593581045
ORD002912,2026-06-05,Protein Bar,Maharashtra,Nashik,422001,3,79,Blinkit,19.994751778126478,73.79166910948761
ORD002913,2026-04-11,Protein Bar,Delhi,New Delhi,110001,1,129,Blinkit,28.607931052152683,77.19225530539548
ORD002914,2026-04-27,Coffee,Karnataka,Bengaluru,560001,5,149,Swiggy Instamart,12.970509765800365,77.59494375309026
ORD002915,2026-04-18,Energy Drink,Telangana,Hyderabad,500001,3,49,Blinkit,17.38660589433172,78.50032132403685
ORD002916,2026-06-02,Protein Bar,Karnataka,Bengaluru,560001,4,249,Blinkit,12.969235511632641,77.59340380375632
ORD002917,2026-01-31,Energy Drink,Gujarat,Ahmedabad,380001,2,79,Blinkit,23.01146815618767,72.57960553502888
ORD002918,2026-01-11,Protein Bar,Maharashtra,Mumbai,400001,3,79,Swiggy Instamart,19.07784309064078,72.87349972272706
ORD002919,2026-03-10,Energy Drink,Delhi,New Delhi,110001,1,249,Zepto,28.594853253065345,77.22344412195055
ORD002920,2026-06-19,Coffee,Maharashtra,Mumbai,400001,1,49,Zepto,19.06372320035544,72.87178721990631
ORD002921,2026-06-09,Snacks,Gujarat,Ahmedabad,380001,3,149,Blinkit,23.02608344511076,72.55943442071383
ORD002922,2026-03-01,Energy Drink,Maharashtra,Pune,411001,5,149,Swiggy Instamart,18.50546490221747,73.835460524173
ORD002923,2026-03-02,Energy Drink,Gujarat,Ahmedabad,380001,1,199,Zepto,23.02970996952906,72.56594813755274
ORD002924,2026-04-09,Energy Drink,Maharashtra,Thane,400601,5,49,Zepto,19.24757270092473,72.9681564493437
ORD002925,2026-05-27,Snacks,Maharashtra,Mumbai,400050,5,149,Blinkit,19.05038548976571,72.82384607029714
ORD002926,2026-01-25,Energy Drink,Maharashtra,Mumbai,400050,4,129,Zepto,19.062031346551386,72.82479796661214
ORD002927,2026-06-06,Energy Drink,Karnataka,Bengaluru,560001,2,129,Blinkit,12.977723322140026,77.58481411610012
ORD002928,2026-01-01,Energy Drink,Maharashtra,Mumbai,400050,3,249,Swiggy Instamart,19.045784082815363,72.8115178526059
ORD002929,2026-04-09,Shampoo,Telangana,Hyderabad,500001,2,129,Zepto,17.36276425832063,78.48151930980525
ORD002930,2026-04-15,Snacks,Maharashtra,Mumbai,400050,4,299,Zepto,19.05659019687607,72.82318562972516
ORD002931,2026-06-07,Shampoo,Gujarat,Surat,395003,1,149,Zepto,21.182634057971875,72.8433803020961
ORD002932,2026-04-22,Coffee,Karnataka,Bengaluru,560001,3,199,Zepto,12.968251970125555,77.57666078886808
ORD002933,2026-05-10,Coffee,Karnataka,Bengaluru,560001,4,299,Swiggy Instamart,12.96593294891945,77.58860178606083
ORD002934,2026-04-06,Energy Drink,Maharashtra,Pune,411001,1,249,Zepto,18.513828650377217,73.84972281096103
ORD002935,2026-02-23,Energy Drink,Gujarat,Surat,395003,3,199,Blinkit,21.163665371042754,72.82723458384103
ORD002936,2026-03-05,Snacks,Maharashtra,Nashik,422001,3,129,Blinkit,19.999544589011844,73.78178322508626
ORD002937,2026-05-01,Protein Bar,Telangana,Hyderabad,500001,5,129,Swiggy Instamart,17.38860368715905,78.47759354912817
ORD002938,2026-04-26,Snacks,Maharashtra,Mumbai,400050,1,249,Swiggy Instamart,19.07231065326007,72.81969937698159
ORD002939,2026-04-03,Shampoo,Gujarat,Ahmedabad,380001,1,299,Blinkit,23.006321993861846,72.57520778071365
ORD002940,2026-04-19,Protein Bar,Karnataka,Bengaluru,560001,4,149,Blinkit,12.963425918655856,77.59781291470757
ORD002941,2026-03-10,Face Wash,Maharashtra,Pune,411001,3,299,Zepto,18.496363313988994,73.87062455941484
ORD002942,2026-02-26,Coffee,Maharashtra,Thane,400601,5,129,Zepto,19.225022934080403,72.96309523450837
ORD002943,2026-04-04,Protein Bar,Gujarat,Surat,395003,2,79,Swiggy Instamart,21.155412228761538,72.84782265904099
ORD002944,2026-01-24,Coffee,Maharashtra,Thane,400601,5,49,Blinkit,19.21092620096502,72.96975815151268
ORD002945,2026-05-15,Face Wash,Maharashtra,Mumbai,400050,4,99,Blinkit,19.036939479058507,72.82599221794398
ORD002946,2026-04-22,Face Wash,Maharashtra,Thane,400601,2,129,Blinkit,19.21602280385164,72.9852549309677
ORD002947,2026-02-12,Coffee,Maharashtra,Nashik,422001,1,129,Zepto,19.991909215718156,73.7644971320776
ORD002948,2026-01-14,Coffee,Telangana,Hyderabad,500001,2,149,Swiggy Instamart,17.389509626347767,78.49676730071226
ORD002949,2026-04-19,Energy Drink,Karnataka,Bengaluru,560001,2,49,Zepto,12.955888476488822,77.605415140863
ORD002950,2026-01-20,Protein Bar,Telangana,Hyderabad,500001,1,149,Zepto,17.38537541841487,78.49761805339075
ORD002951,2026-02-01,Shampoo,Delhi,New Delhi,110001,5,199,Swiggy Instamart,28.613197796384824,77.18377722082512
ORD002952,2026-02-09,Coffee,Maharashtra,Thane,400601,2,129,Zepto,19.21678032617684,72.98870143818671
ORD002953,2026-02-13,Face Wash,Gujarat,Ahmedabad,380001,5,49,Swiggy Instamart,23.013562539809165,72.56752035031093
ORD002954,2026-01-15,Shampoo,Delhi,New Delhi,110001,2,99,Zepto,28.61213866496449,77.18000486120131
ORD002955,2026-02-09,Energy Drink,Karnataka,Bengaluru,560001,2,199,Swiggy Instamart,12.988313475754374,77.58558624320102
ORD002956,2026-04-29,Energy Drink,Maharashtra,Nashik,422001,4,99,Swiggy Instamart,20.010957354324727,73.77883298863853
ORD002957,2026-03-05,Energy Drink,Maharashtra,Mumbai,400050,5,49,Zepto,19.072176190563592,72.83356056122427
ORD002958,2026-02-04,Protein Bar,Gujarat,Surat,395003,3,299,Swiggy Instamart,21.167850757284793,72.82216484907481
ORD002959,2026-06-23,Shampoo,Karnataka,Bengaluru,560001,5,249,Swiggy Instamart,12.979578507013821,77.57586558696045
ORD002960,2026-06-15,Coffee,Karnataka,Bengaluru,560001,3,249,Blinkit,12.97805890420276,77.58360955248445
ORD002961,2026-04-15,Energy Drink,Delhi,New Delhi,110001,5,299,Zepto,28.626422836619568,77.21061299542663
ORD002962,2026-02-22,Protein Bar,Maharashtra,Mumbai,400001,5,199,Blinkit,19.082441237678502,72.87851988813826
ORD002963,2026-06-04,Shampoo,Maharashtra,Mumbai,400050,4,249,Blinkit,19.04207622904859,72.82089270836605
ORD002964,2026-01-07,Face Wash,Gujarat,Ahmedabad,380001,4,129,Zepto,23.029223893376116,72.5730665581736
ORD002965,2026-04-22,Snacks,Maharashtra,Pune,411001,2,299,Swiggy Instamart,18.532209899053054,73.86073274563037
ORD002966,2026-06-16,Face Wash,Maharashtra,Thane,400601,4,129,Zepto,19.208632981092972,72.97013935862279
ORD002967,2026-02-28,Shampoo,Maharashtra,Mumbai,400001,3,299,Blinkit,19.07702917390523,72.85455955934
ORD002968,2026-04-30,Face Wash,Karnataka,Bengaluru,560001,2,299,Zepto,12.98833441885623,77.59901746736378
ORD002969,2026-01-14,Energy Drink,Gujarat,Surat,395003,2,79,Blinkit,21.18247034597049,72.81529396059192
ORD002970,2026-01-14,Face Wash,Gujarat,Ahmedabad,380001,4,249,Swiggy Instamart,23.034945651603554,72.59371498911027
ORD002971,2026-01-20,Coffee,Gujarat,Surat,395003,3,199,Swiggy Instamart,21.15699121644623,72.83881401794905
ORD002972,2026-05-03,Protein Bar,Delhi,New Delhi,110001,4,79,Blinkit,28.613911099446874,77.19355566151752
ORD002973,2026-02-19,Face Wash,Gujarat,Ahmedabad,380001,5,99,Zepto,23.02742883971852,72.57973603204837
ORD002974,2026-02-07,Snacks,Maharashtra,Mumbai,400050,5,149,Zepto,19.053588734473312,72.84115916520255
ORD002975,2026-05-11,Energy Drink,Maharashtra,Mumbai,400001,5,199,Zepto,19.059332365932107,72.86275243853551
ORD002976,2026-04-14,Face Wash,Karnataka,Bengaluru,560001,5,299,Blinkit,12.972965973955889,77.59485385277972
ORD002977,2026-03-25,Face Wash,Telangana,Hyderabad,500001,3,49,Swiggy Instamart,17.377834265115762,78.49479594435972
ORD002978,2026-02-01,Shampoo,Telangana,Hyderabad,500001,4,249,Swiggy Instamart,17.390308943142163,78.49528139070934
ORD002979,2026-06-20,Coffee,Maharashtra,Mumbai,400001,5,79,Zepto,19.07476863564648,72.88372580267979
ORD002980,2026-03-26,Snacks,Gujarat,Surat,395003,4,149,Zepto,21.1657434969697,72.85163818690087
ORD002981,2026-02-20,Protein Bar,Maharashtra,Thane,400601,5,249,Blinkit,19.21017454229878,72.99915297429457
ORD002982,2026-02-26,Protein Bar,Gujarat,Surat,395003,1,149,Zepto,21.170548879470896,72.81734489110431
ORD002983,2026-02-19,Shampoo,Maharashtra,Thane,400601,5,129,Blinkit,19.231980793504885,72.97935901388395
ORD002984,2026-04-20,Coffee,Maharashtra,Thane,400601,5,149,Zepto,19.226811240983803,72.99033855918542
ORD002985,2026-01-17,Energy Drink,Maharashtra,Mumbai,400001,1,149,Swiggy Instamart,19.07937955554145,72.87177759155188
ORD002986,2026-01-17,Energy Drink,Karnataka,Bengaluru,560001,4,99,Swiggy Instamart,12.981357133776694,77.59460755507455
ORD002987,2026-01-30,Protein Bar,Karnataka,Bengaluru,560001,4,199,Swiggy Instamart,12.978458578186086,77.57306269426209
ORD002988,2026-05-01,Face Wash,Gujarat,Ahmedabad,380001,5,199,Swiggy Instamart,23.026969817170098,72.56501414174855
ORD002989,2026-05-15,Energy Drink,Gujarat,Ahmedabad,380001,5,149,Swiggy Instamart,23.039033096371785,72.57763087347888
ORD002990,2026-02-27,Protein Bar,Maharashtra,Pune,411001,4,299,Blinkit,18.52279857745849,73.8615630999335
ORD002991,2026-05-11,Face Wash,Gujarat,Ahmedabad,380001,4,249,Zepto,23.012515591471235,72.58763256690528
ORD002992,2026-03-18,Face Wash,Telangana,Hyderabad,500001,1,99,Swiggy Instamart,17.40491370418417,78.49062913510548
ORD002993,2026-02-26,Energy Drink,Maharashtra,Pune,411001,4,99,Zepto,18.536304035685735,73.85100851801327
ORD002994,2026-05-10,Face Wash,Delhi,New Delhi,110001,4,249,Blinkit,28.605928864337752,77.20940924748729
ORD002995,2026-03-26,Face Wash,Telangana,Hyderabad,500001,1,129,Zepto,17.38934941038368,78.48276013318757
ORD002996,2026-05-04,Snacks,Telangana,Hyderabad,500001,1,199,Zepto,17.390377681903686,78.48976389482074
ORD002997,2026-04-14,Shampoo,Gujarat,Surat,395003,2,249,Blinkit,21.160216932247092,72.83628793017452
ORD002998,2026-03-27,Face Wash,Maharashtra,Mumbai,400001,1,149,Zepto,19.084635282425214,72.8794146931759
ORD002999,2026-05-06,Shampoo,Karnataka,Bengaluru,560001,5,129,Blinkit,12.983126481032617,77.58242596206503
ORD003000,2026-03-02,Face Wash,Gujarat,Surat,395003,2,99,Blinkit,21.17487950422132,72.81939719293604
ORD003001,2026-06-03,Face Wash,Maharashtra,Thane,400601,5,249,Zepto,19.20715918641767,72.97179069166262
ORD003002,2026-01-22,Protein Bar,Maharashtra,Mumbai,400050,1,99,Swiggy Instamart,19.050179398164257,72.82402004181259
ORD003003,2026-05-07,Protein Bar,Gujarat,Surat,395003,2,49,Zepto,21.16805849689289,72.83947154486331
ORD003004,2026-02-15,Protein Bar,Karnataka,Bengaluru,560001,2,149,Blinkit,12.968388409612944,77.5787437429323
ORD003005,2026-06-20,Coffee,Gujarat,Ahmedabad,380001,1,49,Zepto,23.033900678464953,72.56302909866385
ORD003006,2026-03-26,Protein Bar,Maharashtra,Nashik,422001,1,79,Zepto,20.005312795728955,73.78416536506941
ORD003007,2026-01-01,Energy Drink,Telangana,Hyderabad,500001,2,249,Blinkit,17.38699610418403,78.49764179547522
ORD003008,2026-03-10,Coffee,Maharashtra,Mumbai,400050,3,79,Swiggy Instamart,19.064390031433927,72.82088690420302
ORD003009,2026-02-05,Protein Bar,Maharashtra,Nashik,422001,4,149,Zepto,20.027685621739916,73.78164333463339
ORD003010,2026-01-25,Shampoo,Delhi,New Delhi,110001,5,129,Swiggy Instamart,28.612426597733787,77.21863925423055
ORD003011,2026-01-09,Shampoo,Maharashtra,Nashik,422001,3,99,Swiggy Instamart,20.0083945094593,73.7836922819294
ORD003012,2026-04-26,Face Wash,Karnataka,Bengaluru,560001,5,149,Blinkit,12.996521839986007,77.59184878571745
ORD003013,2026-04-18,Energy Drink,Gujarat,Surat,395003,3,199,Zepto,21.167022391059827,72.83226578512013
ORD003014,2026-04-29,Energy Drink,Maharashtra,Pune,411001,2,49,Zepto,18.53111515935581,73.8416346596981
ORD003015,2026-05-31,Protein Bar,Maharashtra,Mumbai,400001,2,79,Blinkit,19.056344441085237,72.8718288472938
ORD003016,2026-02-08,Snacks,Maharashtra,Thane,400601,1,149,Blinkit,19.201960770409407,72.97385168652474
ORD003017,2026-05-29,Energy Drink,Gujarat,Ahmedabad,380001,4,249,Blinkit,23.027524996961294,72.56249251136447
ORD003018,2026-06-14,Snacks,Maharashtra,Mumbai,400050,5,149,Swiggy Instamart,19.045331734232185,72.83019337161716
ORD003019,2026-05-02,Snacks,Maharashtra,Pune,411001,1,199,Zepto,18.52902543484615,73.83975026561484
ORD003020,2026-02-19,Face Wash,Gujarat,Surat,395003,1,49,Zepto,21.17840232398306,72.83927306203739
ORD003021,2026-04-10,Energy Drink,Maharashtra,Nashik,422001,4,299,Swiggy Instamart,20.015440851021566,73.79188480214873
ORD003022,2026-03-24,Shampoo,Gujarat,Surat,395003,2,199,Swiggy Instamart,21.192220139246597,72.82753907951381
ORD003023,2026-06-18,Face Wash,Gujarat,Surat,395003,5,99,Zepto,21.17129571580078,72.82693561566752
ORD003024,2026-03-06,Shampoo,Maharashtra,Thane,400601,1,299,Blinkit,19.218319768447557,72.99342873355636
ORD003025,2026-01-11,Energy Drink,Maharashtra,Thane,400601,2,299,Blinkit,19.204849855160692,72.96948950327834
ORD003026,2026-02-16,Shampoo,Maharashtra,Pune,411001,1,49,Swiggy Instamart,18.534171809365045,73.86690036506903
ORD003027,2026-03-29,Coffee,Gujarat,Ahmedabad,380001,3,199,Zepto,23.01886868353183,72.5799440200112
ORD003028,2026-05-04,Coffee,Maharashtra,Mumbai,400050,2,129,Zepto,19.06301215842492,72.84450274609
ORD003029,2026-06-24,Snacks,Gujarat,Ahmedabad,380001,5,149,Swiggy Instamart,23.023245095938268,72.58165632113872
ORD003030,2026-05-16,Coffee,Gujarat,Surat,395003,5,129,Blinkit,21.196620119104928,72.83708099155048
ORD003031,2026-04-27,Snacks,Maharashtra,Mumbai,400001,5,149,Swiggy Instamart,19.07649328165795,72.88492446985221
ORD003032,2026-01-12,Face Wash,Karnataka,Bengaluru,560001,3,49,Blinkit,12.967947191417961,77.61847967705525
ORD003033,2026-06-10,Protein Bar,Telangana,Hyderabad,500001,4,249,Blinkit,17.38680071037696,78.48397066679775
ORD003034,2026-05-27,Energy Drink,Telangana,Hyderabad,500001,3,129,Blinkit,17.3766431099498,78.49767220191606
ORD003035,2026-03-18,Snacks,Maharashtra,Nashik,422001,1,129,Swiggy Instamart,20.01457187412828,73.77472645628586
ORD003036,2026-03-07,Shampoo,Telangana,Hyderabad,500001,3,49,Swiggy Instamart,17.390764513451227,78.47161444031786
ORD003037,2026-01-11,Energy Drink,Maharashtra,Pune,411001,4,129,Blinkit,18.52224970575073,73.86122756352077
ORD003038,2026-04-21,Protein Bar,Maharashtra,Mumbai,400001,1,149,Swiggy Instamart,19.093073298095593,72.86999181197272
ORD003039,2026-04-17,Protein Bar,Delhi,New Delhi,110001,5,149,Swiggy Instamart,28.60111647371198,77.20004572039075
ORD003040,2026-05-08,Coffee,Maharashtra,Mumbai,400001,2,149,Zepto,19.062634314996853,72.89106657357759
ORD003041,2026-04-10,Coffee,Maharashtra,Pune,411001,3,99,Swiggy Instamart,18.53588639295024,73.85990216577949
ORD003042,2026-01-04,Snacks,Maharashtra,Pune,411001,4,79,Blinkit,18.53261294945685,73.8580395838058
ORD003043,2026-05-03,Protein Bar,Maharashtra,Pune,411001,1,99,Swiggy Instamart,18.51944888352299,73.85336962380947
ORD003044,2026-02-13,Snacks,Maharashtra,Nashik,422001,3,149,Blinkit,20.002796090086225,73.76422198443692
ORD003045,2026-04-20,Energy Drink,Maharashtra,Thane,400601,2,199,Zepto,19.220942547636074,72.97769666089786
ORD003046,2026-03-21,Coffee,Maharashtra,Nashik,422001,5,79,Zepto,20.01335360724078,73.7806352349644
ORD003047,2026-02-01,Protein Bar,Maharashtra,Thane,400601,2,79,Blinkit,19.21667296298431,72.96938806969992
ORD003048,2026-01-30,Shampoo,Maharashtra,Thane,400601,3,79,Swiggy Instamart,19.219021532368217,72.98548237230816
ORD003049,2026-04-30,Coffee,Delhi,New Delhi,110001,1,299,Swiggy Instamart,28.602466610089163,77.20987473753681
ORD003050,2026-03-13,Protein Bar,Telangana,Hyderabad,500001,3,79,Blinkit,17.387330429515295,78.47951935216382
ORD003051,2026-04-10,Energy Drink,Maharashtra,Thane,400601,5,149,Swiggy Instamart,19.21242143695092,72.98040610848766
ORD003052,2026-06-08,Protein Bar,Maharashtra,Mumbai,400001,1,99,Zepto,19.064665789817074,72.8811992371525
ORD003053,2026-02-11,Coffee,Gujarat,Ahmedabad,380001,5,129,Blinkit,23.01354645626341,72.58202853693032
ORD003054,2026-01-08,Face Wash,Gujarat,Ahmedabad,380001,4,249,Zepto,23.045878277453884,72.56279243198298
ORD003055,2026-04-14,Energy Drink,Delhi,New Delhi,110001,2,129,Swiggy Instamart,28.61924207862375,77.20173258095119
ORD003056,2026-05-31,Snacks,Karnataka,Bengaluru,560001,1,129,Swiggy Instamart,12.982009541737979,77.58194741590914
ORD003057,2026-05-23,Shampoo,Karnataka,Bengaluru,560001,4,199,Swiggy Instamart,12.976405867584278,77.5858701103311
ORD003058,2026-02-20,Protein Bar,Gujarat,Ahmedabad,380001,1,299,Zepto,23.020430154109018,72.56108974724853
ORD003059,2026-05-27,Face Wash,Maharashtra,Mumbai,400001,1,199,Swiggy Instamart,19.08422350470896,72.8693301964556
ORD003060,2026-04-17,Snacks,Gujarat,Ahmedabad,380001,1,199,Blinkit,23.028019642593318,72.56795901971738
ORD003061,2026-02-04,Protein Bar,Maharashtra,Mumbai,400050,5,79,Swiggy Instamart,19.05845527628201,72.830977559074
ORD003062,2026-05-02,Shampoo,Maharashtra,Thane,400601,5,199,Zepto,19.21068175328341,72.98020367113541
ORD003063,2026-01-09,Snacks,Telangana,Hyderabad,500001,3,129,Blinkit,17.400303345643547,78.47891905214168
ORD003064,2026-04-19,Face Wash,Delhi,New Delhi,110001,1,79,Zepto,28.62561810143274,77.22398097633489
ORD003065,2026-06-20,Energy Drink,Maharashtra,Nashik,422001,3,249,Zepto,19.99773845010972,73.7651494539491
ORD003066,2026-03-29,Shampoo,Maharashtra,Nashik,422001,1,199,Zepto,20.00891960900172,73.77422592477234
ORD003067,2026-03-20,Snacks,Karnataka,Bengaluru,560001,3,249,Zepto,12.99028603219163,77.594948075405
ORD003068,2026-03-14,Face Wash,Maharashtra,Mumbai,400001,2,79,Zepto,19.06797800591965,72.86622840488988
ORD003069,2026-06-04,Coffee,Delhi,New Delhi,110001,1,199,Zepto,28.62479904959091,77.20328816025916
ORD003070,2026-03-09,Face Wash,Maharashtra,Mumbai,400050,3,79,Zepto,19.060038287994605,72.83905802745112
ORD003071,2026-02-24,Coffee,Telangana,Hyderabad,500001,1,129,Zepto,17.380157416480692,78.4862407117126
ORD003072,2026-03-21,Coffee,Maharashtra,Nashik,422001,5,79,Swiggy Instamart,20.005734315901776,73.78653324511517
ORD003073,2026-05-28,Snacks,Delhi,New Delhi,110001,5,149,Swiggy Instamart,28.619807443355104,77.20679886268745
ORD003074,2026-01-26,Shampoo,Maharashtra,Nashik,422001,1,149,Blinkit,20.006536490614966,73.77598220988477
ORD003075,2026-06-18,Face Wash,Maharashtra,Mumbai,400050,3,49,Zepto,19.044823875930806,72.83207600857398
ORD003076,2026-01-25,Coffee,Maharashtra,Mumbai,400050,1,79,Blinkit,19.07852191760833,72.82066280859308
ORD003077,2026-05-01,Face Wash,Maharashtra,Mumbai,400001,4,79,Blinkit,19.068269702903972,72.86899272228356
ORD003078,2026-06-01,Coffee,Maharashtra,Thane,400601,2,79,Blinkit,19.22554591778723,72.98258485454197
ORD003079,2026-02-17,Snacks,Maharashtra,Thane,400601,5,79,Swiggy Instamart,19.216714623075834,72.9689198093836
ORD003080,2026-05-01,Energy Drink,Maharashtra,Mumbai,400001,2,99,Swiggy Instamart,19.0769237679164,72.86205377872665
ORD003081,2026-03-03,Shampoo,Delhi,New Delhi,110001,1,149,Swiggy Instamart,28.615334265668576,77.21771524386088
ORD003082,2026-05-07,Coffee,Maharashtra,Pune,411001,2,49,Blinkit,18.50788800863366,73.84137481723171
ORD003083,2026-06-06,Snacks,Maharashtra,Pune,411001,4,129,Swiggy Instamart,18.536194378916946,73.85058240360496
ORD003084,2026-03-30,Energy Drink,Maharashtra,Nashik,422001,4,249,Swiggy Instamart,20.01725947845944,73.77816002334802
ORD003085,2026-03-10,Energy Drink,Maharashtra,Nashik,422001,5,79,Swiggy Instamart,20.00428045183059,73.78408412699497
ORD003086,2026-03-07,Snacks,Gujarat,Surat,395003,5,299,Zepto,21.161360011432535,72.83242497143496
ORD003087,2026-04-14,Coffee,Maharashtra,Mumbai,400050,2,149,Swiggy Instamart,19.055785105851758,72.81629506556594
ORD003088,2026-05-28,Energy Drink,Maharashtra,Thane,400601,5,79,Swiggy Instamart,19.221674820747264,72.97546692193121
ORD003089,2026-02-03,Snacks,Maharashtra,Pune,411001,1,129,Zepto,18.51882975171555,73.84459839056586
ORD003090,2026-01-19,Snacks,Maharashtra,Mumbai,400001,4,99,Zepto,19.09191400367763,72.88646714186386
ORD003091,2026-01-29,Coffee,Maharashtra,Nashik,422001,1,129,Swiggy Instamart,20.01554155884172,73.7766455529756
ORD003092,2026-06-28,Protein Bar,Maharashtra,Mumbai,400050,4,79,Blinkit,19.042308171104967,72.84902917382489
ORD003093,2026-04-25,Energy Drink,Maharashtra,Pune,411001,2,79,Blinkit,18.51978902491994,73.8492120020398
ORD003094,2026-04-16,Shampoo,Gujarat,Ahmedabad,380001,5,149,Blinkit,23.026668015744832,72.58307120788002
ORD003095,2026-06-12,Energy Drink,Maharashtra,Pune,411001,2,249,Blinkit,18.520169494439145,73.86948575167939
ORD003096,2026-06-20,Snacks,Maharashtra,Pune,411001,2,299,Blinkit,18.531229999385168,73.84593618812599
ORD003097,2026-04-22,Protein Bar,Maharashtra,Nashik,422001,3,49,Blinkit,19.999162098943405,73.7892753716328
ORD003098,2026-02-10,Protein Bar,Karnataka,Bengaluru,560001,1,299,Swiggy Instamart,12.944473874361895,77.59310544306835
ORD003099,2026-02-22,Shampoo,Maharashtra,Nashik,422001,1,149,Zepto,19.991591687983753,73.77493446198567
ORD003100,2026-03-13,Energy Drink,Maharashtra,Nashik,422001,4,49,Blinkit,20.002911799109707,73.77611755622092
ORD003101,2026-01-17,Coffee,Delhi,New Delhi,110001,4,199,Blinkit,28.608377387478875,77.19802856350371
ORD003102,2026-04-26,Energy Drink,Maharashtra,Pune,411001,3,299,Blinkit,18.543319112668186,73.87537462004161
ORD003103,2026-02-11,Shampoo,Maharashtra,Nashik,422001,2,299,Zepto,19.994279341797437,73.79552116751304
ORD003104,2026-03-02,Snacks,Maharashtra,Mumbai,400001,4,249,Zepto,19.07200534509527,72.87899187473332
ORD003105,2026-05-11,Snacks,Delhi,New Delhi,110001,2,79,Blinkit,28.61326726040103,77.20240251358746
ORD003106,2026-05-14,Face Wash,Gujarat,Ahmedabad,380001,1,149,Swiggy Instamart,23.032338523436064,72.57265886530577
ORD003107,2026-03-21,Snacks,Delhi,New Delhi,110001,4,49,Zepto,28.609134485767807,77.195954105562
ORD003108,2026-01-28,Energy Drink,Telangana,Hyderabad,500001,3,149,Zepto,17.376064049862812,78.47028619884398
ORD003109,2026-06-07,Coffee,Delhi,New Delhi,110001,5,99,Swiggy Instamart,28.614022235484153,77.19703334407716
ORD003110,2026-05-16,Protein Bar,Karnataka,Bengaluru,560001,2,49,Blinkit,12.968944394874814,77.60830101853611
ORD003111,2026-04-18,Coffee,Delhi,New Delhi,110001,3,49,Blinkit,28.625892995729217,77.20867723105897
ORD003112,2026-02-17,Protein Bar,Maharashtra,Pune,411001,3,249,Blinkit,18.519529152738567,73.87549874549421
ORD003113,2026-05-31,Energy Drink,Maharashtra,Nashik,422001,4,199,Zepto,20.011107561203588,73.77642193540125
ORD003114,2026-05-01,Coffee,Gujarat,Surat,395003,2,129,Blinkit,21.155939818828795,72.83503873218166
ORD003115,2026-03-28,Face Wash,Maharashtra,Mumbai,400001,4,129,Swiggy Instamart,19.08429323772583,72.87138348475487
ORD003116,2026-05-07,Energy Drink,Gujarat,Ahmedabad,380001,4,49,Swiggy Instamart,23.025412027551383,72.56776426705085
ORD003117,2026-01-27,Coffee,Maharashtra,Mumbai,400050,2,129,Blinkit,19.05775967600801,72.80462177942437
ORD003118,2026-02-22,Shampoo,Maharashtra,Mumbai,400001,4,79,Zepto,19.073782185962838,72.88739369302408
ORD003119,2026-04-23,Snacks,Delhi,New Delhi,110001,2,129,Swiggy Instamart,28.607585974444337,77.20952526368215
ORD003120,2026-02-25,Face Wash,Maharashtra,Pune,411001,1,49,Blinkit,18.51284049293308,73.86030441676293
ORD003121,2026-05-31,Shampoo,Maharashtra,Mumbai,400001,1,149,Swiggy Instamart,19.07383476802464,72.86830758459318
ORD003122,2026-04-26,Energy Drink,Telangana,Hyderabad,500001,1,199,Zepto,17.398325514676653,78.49598932013532
ORD003123,2026-01-31,Protein Bar,Telangana,Hyderabad,500001,3,129,Zepto,17.37895093236072,78.49167788309418
ORD003124,2026-06-26,Face Wash,Karnataka,Bengaluru,560001,5,99,Swiggy Instamart,12.976974120028204,77.60102301235011
ORD003125,2026-05-06,Energy Drink,Maharashtra,Mumbai,400001,4,199,Zepto,19.05905744104005,72.88776606541033
ORD003126,2026-05-09,Coffee,Maharashtra,Mumbai,400050,2,149,Zepto,19.053903010370743,72.82592172066558
ORD003127,2026-06-28,Face Wash,Gujarat,Surat,395003,3,299,Swiggy Instamart,21.196578817522603,72.83411873380722
ORD003128,2026-01-07,Snacks,Maharashtra,Thane,400601,1,49,Swiggy Instamart,19.214436775245527,72.95604705627244
ORD003129,2026-02-19,Energy Drink,Maharashtra,Nashik,422001,2,129,Swiggy Instamart,20.019797641339466,73.76624790329191
ORD003130,2026-02-15,Energy Drink,Maharashtra,Mumbai,400001,2,129,Zepto,19.065965610965005,72.87438647700912
ORD003131,2026-04-28,Protein Bar,Maharashtra,Nashik,422001,4,129,Swiggy Instamart,20.020064117917002,73.78743239986666
ORD003132,2026-01-09,Protein Bar,Maharashtra,Thane,400601,2,199,Swiggy Instamart,19.216721624901595,72.98118292063639
ORD003133,2026-06-25,Shampoo,Maharashtra,Nashik,422001,2,79,Zepto,19.99989614307129,73.78109653689566
ORD003134,2026-04-07,Protein Bar,Karnataka,Bengaluru,560001,2,199,Zepto,12.972333367447781,77.60428769895681
ORD003135,2026-02-14,Snacks,Delhi,New Delhi,110001,4,79,Zepto,28.623571781224392,77.21393977382206
ORD003136,2026-02-24,Protein Bar,Maharashtra,Thane,400601,2,249,Zepto,19.214676524424537,72.9855182229439
ORD003137,2026-02-28,Snacks,Gujarat,Surat,395003,2,149,Swiggy Instamart,21.16928031533797,72.82028085631288
ORD003138,2026-05-23,Snacks,Delhi,New Delhi,110001,5,199,Blinkit,28.609867122080892,77.20984526983784
ORD003139,2026-06-02,Coffee,Maharashtra,Thane,400601,5,129,Blinkit,19.227402157836647,72.97626471827843
ORD003140,2026-02-14,Coffee,Gujarat,Surat,395003,4,149,Blinkit,21.158108012887606,72.83166741683297
ORD003141,2026-06-05,Energy Drink,Maharashtra,Nashik,422001,1,129,Blinkit,20.007034560400566,73.78155837628903
ORD003142,2026-04-07,Coffee,Maharashtra,Nashik,422001,4,79,Swiggy Instamart,20.015098715159546,73.78988923240091
ORD003143,2026-06-27,Energy Drink,Maharashtra,Mumbai,400050,1,129,Swiggy Instamart,19.053657891276185,72.8233385654195
ORD003144,2026-01-29,Coffee,Delhi,New Delhi,110001,4,249,Swiggy Instamart,28.603498012890448,77.2159881567028
ORD003145,2026-02-04,Protein Bar,Telangana,Hyderabad,500001,5,99,Swiggy Instamart,17.39948820108338,78.48354918072091
ORD003146,2026-02-02,Energy Drink,Maharashtra,Pune,411001,1,79,Zepto,18.51798569435275,73.871367825569
ORD003147,2026-05-22,Protein Bar,Delhi,New Delhi,110001,3,79,Blinkit,28.61895557853215,77.21336235704801
ORD003148,2026-03-27,Coffee,Maharashtra,Nashik,422001,2,99,Zepto,19.993990834940263,73.7864872806928
ORD003149,2026-05-06,Energy Drink,Gujarat,Surat,395003,2,129,Swiggy Instamart,21.160908636594904,72.81975979814065
ORD003150,2026-05-13,Energy Drink,Maharashtra,Mumbai,400050,5,299,Zepto,19.056132284232334,72.82364207276551
ORD003151,2026-06-12,Coffee,Gujarat,Surat,395003,1,199,Blinkit,21.16798400305615,72.81669018365476
ORD003152,2026-06-24,Face Wash,Maharashtra,Thane,400601,3,49,Zepto,19.227888163064677,72.98937686294516
ORD003153,2026-01-07,Snacks,Maharashtra,Mumbai,400001,1,49,Zepto,19.05652657525859,72.88748457805667
ORD003154,2026-02-12,Snacks,Gujarat,Ahmedabad,380001,5,79,Zepto,23.014394713701783,72.57996975536983
ORD003155,2026-05-04,Protein Bar,Maharashtra,Pune,411001,4,199,Zepto,18.519715535073335,73.85698775564082
ORD003156,2026-01-07,Snacks,Telangana,Hyderabad,500001,2,199,Blinkit,17.38314902350579,78.49882129204234
ORD003157,2026-06-22,Protein Bar,Gujarat,Surat,395003,5,149,Blinkit,21.15780411987475,72.83717840338736
ORD003158,2026-02-10,Protein Bar,Maharashtra,Nashik,422001,5,99,Swiggy Instamart,20.016913301648895,73.78686340080542
ORD003159,2026-05-19,Shampoo,Telangana,Hyderabad,500001,3,299,Swiggy Instamart,17.408246989143237,78.48141053237275
ORD003160,2026-02-08,Energy Drink,Maharashtra,Mumbai,400050,3,49,Blinkit,19.069173048225935,72.82843909364658
ORD003161,2026-05-01,Protein Bar,Gujarat,Surat,395003,5,249,Blinkit,21.182534060763526,72.83102311004279
ORD003162,2026-01-12,Coffee,Maharashtra,Mumbai,400001,1,49,Swiggy Instamart,19.072121242181375,72.89076072203872
ORD003163,2026-03-04,Shampoo,Maharashtra,Nashik,422001,3,199,Zepto,20.00098438060981,73.765572742411
ORD003164,2026-05-13,Face Wash,Gujarat,Ahmedabad,380001,5,99,Blinkit,23.017331531168264,72.57759032946588
ORD003165,2026-05-25,Protein Bar,Gujarat,Surat,395003,2,249,Zepto,21.184120387515872,72.83221129375298
ORD003166,2026-05-11,Energy Drink,Maharashtra,Nashik,422001,3,199,Swiggy Instamart,20.019081970672342,73.76611825078523
ORD003167,2026-04-04,Face Wash,Maharashtra,Mumbai,400001,2,249,Swiggy Instamart,19.07156736535182,72.87481424882846
ORD003168,2026-05-22,Snacks,Maharashtra,Mumbai,400001,1,299,Zepto,19.074854405725276,72.87854094388251
ORD003169,2026-02-23,Energy Drink,Gujarat,Surat,395003,4,299,Swiggy Instamart,21.177109109573923,72.8266519316183
ORD003170,2026-01-05,Coffee,Gujarat,Ahmedabad,380001,5,99,Zepto,23.02389028686953,72.57094877109675
ORD003171,2026-01-16,Face Wash,Maharashtra,Mumbai,400050,1,79,Blinkit,19.050341100961088,72.82836333310918
ORD003172,2026-05-16,Protein Bar,Maharashtra,Nashik,422001,5,49,Blinkit,20.004463404701028,73.77804919434998
ORD003173,2026-06-14,Energy Drink,Maharashtra,Nashik,422001,5,299,Blinkit,20.006217594565815,73.78045673540613
ORD003174,2026-05-13,Energy Drink,Maharashtra,Pune,411001,4,129,Swiggy Instamart,18.516077048208924,73.86942714733972
ORD003175,2026-04-13,Face Wash,Maharashtra,Mumbai,400050,2,99,Swiggy Instamart,19.04790519370797,72.82229029891529
ORD003176,2026-02-06,Snacks,Maharashtra,Mumbai,400050,4,149,Swiggy Instamart,19.087399636242235,72.8191200864501
ORD003177,2026-05-14,Coffee,Maharashtra,Thane,400601,3,249,Blinkit,19.2047624532529,72.98544476745
ORD003178,2026-01-06,Energy Drink,Maharashtra,Thane,400601,4,99,Blinkit,19.197528801462262,72.97574726090028
ORD003179,2026-04-21,Energy Drink,Delhi,New Delhi,110001,1,149,Blinkit,28.635358249250764,77.19355064077847
ORD003180,2026-04-29,Protein Bar,Maharashtra,Mumbai,400050,4,149,Swiggy Instamart,19.03978035514261,72.81450818798042
ORD003181,2026-02-10,Face Wash,Gujarat,Surat,395003,3,149,Zepto,21.179183595683472,72.84234776719987
ORD003182,2026-04-14,Energy Drink,Maharashtra,Thane,400601,3,199,Swiggy Instamart,19.213174112030213,72.98493212404001
ORD003183,2026-03-17,Energy Drink,Maharashtra,Thane,400601,1,79,Blinkit,19.23220255327512,72.9959734641443
ORD003184,2026-03-20,Shampoo,Gujarat,Surat,395003,3,149,Swiggy Instamart,21.167736647188203,72.80808528282331
ORD003185,2026-05-16,Coffee,Telangana,Hyderabad,500001,1,129,Swiggy Instamart,17.376791210775906,78.48243195805064
ORD003186,2026-04-05,Energy Drink,Maharashtra,Mumbai,400050,5,99,Blinkit,19.057010612034215,72.8276214059899
ORD003187,2026-02-04,Shampoo,Gujarat,Ahmedabad,380001,5,49,Swiggy Instamart,23.033688945979307,72.58414428426687
ORD003188,2026-01-10,Face Wash,Gujarat,Ahmedabad,380001,1,149,Zepto,23.020783263460753,72.58238484876051
ORD003189,2026-02-25,Energy Drink,Maharashtra,Pune,411001,3,129,Swiggy Instamart,18.52397661366631,73.85734505972863
ORD003190,2026-05-31,Face Wash,Maharashtra,Nashik,422001,1,249,Swiggy Instamart,20.0149654415711,73.78042252048239
ORD003191,2026-02-06,Protein Bar,Maharashtra,Pune,411001,1,79,Swiggy Instamart,18.540978111770976,73.84231588833205
ORD003192,2026-04-27,Coffee,Telangana,Hyderabad,500001,4,79,Swiggy Instamart,17.379848291009083,78.48543481103046
ORD003193,2026-06-05,Energy Drink,Maharashtra,Mumbai,400001,2,79,Swiggy Instamart,19.08039452690458,72.89037960487103
ORD003194,2026-05-07,Energy Drink,Maharashtra,Pune,411001,2,249,Swiggy Instamart,18.520156014327636,73.84247770350494
ORD003195,2026-02-27,Protein Bar,Gujarat,Ahmedabad,380001,4,49,Swiggy Instamart,23.03092513896455,72.57894958766141
ORD003196,2026-01-22,Coffee,Maharashtra,Mumbai,400050,5,299,Blinkit,19.040181413406206,72.82946195866329
ORD003197,2026-01-25,Shampoo,Gujarat,Surat,395003,5,249,Swiggy Instamart,21.154298581693197,72.82445348902499
ORD003198,2026-01-03,Protein Bar,Delhi,New Delhi,110001,2,129,Zepto,28.604871910730374,77.21709264698242
ORD003199,2026-05-31,Protein Bar,Maharashtra,Mumbai,400001,3,249,Zepto,19.07716830174172,72.86484408999245
ORD003200,2026-02-02,Coffee,Delhi,New Delhi,110001,5,49,Zepto,28.622700659629576,77.19466194176071
ORD003201,2026-03-27,Shampoo,Gujarat,Surat,395003,4,149,Swiggy Instamart,21.17350113790471,72.82295989330709
ORD003202,2026-06-02,Protein Bar,Maharashtra,Nashik,422001,4,49,Swiggy Instamart,20.002243229174695,73.78474270748039
ORD003203,2026-04-11,Face Wash,Maharashtra,Pune,411001,5,199,Zepto,18.525614493990595,73.87006969073556
ORD003204,2026-01-20,Face Wash,Maharashtra,Mumbai,400001,5,79,Zepto,19.075177463003286,72.88076450862964
ORD003205,2026-06-13,Coffee,Delhi,New Delhi,110001,3,79,Swiggy Instamart,28.60952262677596,77.21081989882623
ORD003206,2026-02-27,Energy Drink,Maharashtra,Nashik,422001,4,299,Blinkit,20.010294860480087,73.77871690152546
ORD003207,2026-05-31,Energy Drink,Maharashtra,Mumbai,400001,4,129,Zepto,19.057962495159074,72.8810147089633
ORD003208,2026-02-25,Coffee,Maharashtra,Thane,400601,5,99,Zepto,19.221945614773553,72.97129826523651
ORD003209,2026-04-26,Face Wash,Maharashtra,Pune,411001,3,199,Blinkit,18.507556129639273,73.87145879150505
ORD003210,2026-01-24,Face Wash,Maharashtra,Mumbai,400050,1,149,Zepto,19.064514455108945,72.82720918969078
ORD003211,2026-05-18,Shampoo,Delhi,New Delhi,110001,1,199,Swiggy Instamart,28.602529671168526,77.20078185171579
ORD003212,2026-03-28,Energy Drink,Maharashtra,Mumbai,400001,4,249,Blinkit,19.089025903967862,72.87907661940868
ORD003213,2026-01-12,Coffee,Gujarat,Surat,395003,1,79,Swiggy Instamart,21.164694129329995,72.83619689231226
ORD003214,2026-04-20,Protein Bar,Maharashtra,Thane,400601,1,129,Zepto,19.210156018125534,72.9931084303028
ORD003215,2026-02-22,Face Wash,Delhi,New Delhi,110001,4,249,Swiggy Instamart,28.627428005348968,77.20433425928798
ORD003216,2026-01-07,Shampoo,Maharashtra,Mumbai,400050,2,299,Zepto,19.05331329752969,72.80331866801308
ORD003217,2026-02-24,Protein Bar,Gujarat,Ahmedabad,380001,2,129,Blinkit,23.007684192284486,72.55800530225042
ORD003218,2026-04-02,Protein Bar,Gujarat,Ahmedabad,380001,4,99,Blinkit,23.023851903409874,72.56813766295558
ORD003219,2026-01-28,Shampoo,Telangana,Hyderabad,500001,4,249,Swiggy Instamart,17.37154664512585,78.48388835957536
ORD003220,2026-06-09,Energy Drink,Maharashtra,Thane,400601,5,149,Blinkit,19.223353371476474,72.98337839349915
ORD003221,2026-01-30,Energy Drink,Maharashtra,Mumbai,400001,3,49,Swiggy Instamart,19.05700329719141,72.87641736519517
ORD003222,2026-02-19,Face Wash,Karnataka,Bengaluru,560001,3,129,Blinkit,12.957766592230284,77.6036172869714
ORD003223,2026-05-16,Energy Drink,Delhi,New Delhi,110001,4,49,Zepto,28.621741464163534,77.20001972773676
ORD003224,2026-06-15,Face Wash,Maharashtra,Pune,411001,5,79,Zepto,18.512739547975993,73.85208732949502
ORD003225,2026-06-20,Face Wash,Maharashtra,Mumbai,400050,4,49,Swiggy Instamart,19.037072066052687,72.8328596817344
ORD003226,2026-05-10,Face Wash,Maharashtra,Mumbai,400001,5,79,Blinkit,19.0732715545366,72.88740175082569
ORD003227,2026-05-27,Energy Drink,Maharashtra,Nashik,422001,1,299,Blinkit,19.994915907820374,73.77350877051751
ORD003228,2026-02-12,Shampoo,Telangana,Hyderabad,500001,5,249,Swiggy Instamart,17.36993474741961,78.47665709436505
ORD003229,2026-04-07,Snacks,Telangana,Hyderabad,500001,3,299,Zepto,17.37318018003932,78.49665973678846
ORD003230,2026-03-17,Energy Drink,Delhi,New Delhi,110001,5,199,Swiggy Instamart,28.60691738151249,77.21024175684745
ORD003231,2026-06-13,Coffee,Gujarat,Surat,395003,2,99,Blinkit,21.166392365961382,72.81840534733988
ORD003232,2026-01-27,Face Wash,Telangana,Hyderabad,500001,1,149,Swiggy Instamart,17.383316995768286,78.49269103331864
ORD003233,2026-02-19,Energy Drink,Telangana,Hyderabad,500001,2,79,Zepto,17.37292240607457,78.49479112790732
ORD003234,2026-03-17,Energy Drink,Maharashtra,Pune,411001,4,249,Swiggy Instamart,18.51190279078522,73.85187016073928
ORD003235,2026-01-15,Shampoo,Delhi,New Delhi,110001,5,49,Swiggy Instamart,28.619206831230102,77.2023656384278
ORD003236,2026-02-09,Shampoo,Karnataka,Bengaluru,560001,1,299,Blinkit,12.971975748593358,77.59145309171213
ORD003237,2026-06-14,Shampoo,Maharashtra,Mumbai,400001,2,129,Blinkit,19.07729368006704,72.85389260894478
ORD003238,2026-02-28,Coffee,Delhi,New Delhi,110001,5,129,Blinkit,28.59560318184792,77.21515967006047
ORD003239,2026-04-03,Snacks,Telangana,Hyderabad,500001,2,99,Swiggy Instamart,17.395371814056492,78.47759513296468
ORD003240,2026-01-05,Face Wash,Delhi,New Delhi,110001,1,199,Blinkit,28.61145971647829,77.21194719252902
ORD003241,2026-02-06,Snacks,Maharashtra,Mumbai,400050,5,249,Blinkit,19.066532176016587,72.80922322728328
ORD003242,2026-05-21,Energy Drink,Maharashtra,Mumbai,400001,4,199,Swiggy Instamart,19.06713959753022,72.87437420620151
ORD003243,2026-04-22,Snacks,Maharashtra,Thane,400601,3,79,Swiggy Instamart,19.22533140197236,73.00308430483722
ORD003244,2026-05-27,Shampoo,Gujarat,Surat,395003,3,249,Swiggy Instamart,21.167919942731903,72.81703022537897
ORD003245,2026-02-25,Protein Bar,Maharashtra,Mumbai,400050,5,299,Blinkit,19.063622680772013,72.84270995789541
ORD003246,2026-06-22,Snacks,Maharashtra,Mumbai,400050,2,129,Swiggy Instamart,19.060680141209794,72.82043351454845
ORD003247,2026-05-27,Face Wash,Gujarat,Ahmedabad,380001,1,149,Zepto,23.0320799394148,72.57803545618498
ORD003248,2026-04-13,Coffee,Maharashtra,Nashik,422001,2,129,Swiggy Instamart,19.995639191558045,73.78351425617535
ORD003249,2026-05-11,Face Wash,Maharashtra,Nashik,422001,1,49,Zepto,20.01587265567659,73.7915189004256
ORD003250,2026-02-27,Protein Bar,Karnataka,Bengaluru,560001,1,249,Swiggy Instamart,12.970935510246905,77.5910192055382
ORD003251,2026-04-10,Protein Bar,Gujarat,Surat,395003,1,79,Blinkit,21.182472738220813,72.8189983949702
ORD003252,2026-02-21,Protein Bar,Delhi,New Delhi,110001,1,129,Swiggy Instamart,28.618285792909212,77.19529973372636
ORD003253,2026-01-07,Protein Bar,Gujarat,Ahmedabad,380001,1,249,Swiggy Instamart,23.0331537627226,72.56881954484389
ORD003254,2026-06-06,Snacks,Maharashtra,Mumbai,400001,3,79,Blinkit,19.088685832356475,72.88261412756356
ORD003255,2026-01-19,Snacks,Telangana,Hyderabad,500001,3,49,Blinkit,17.37276779769938,78.50094627732076
ORD003256,2026-02-15,Snacks,Gujarat,Surat,395003,5,129,Swiggy Instamart,21.18571245266428,72.839922864926
ORD003257,2026-06-14,Shampoo,Karnataka,Bengaluru,560001,2,49,Swiggy Instamart,12.963984121349638,77.59153986045642
ORD003258,2026-02-26,Snacks,Gujarat,Ahmedabad,380001,3,149,Zepto,23.02395427217406,72.56436289600668
ORD003259,2026-04-23,Shampoo,Karnataka,Bengaluru,560001,5,149,Blinkit,12.988523465724633,77.59604326471727
ORD003260,2026-01-15,Snacks,Maharashtra,Thane,400601,4,99,Swiggy Instamart,19.191266519528927,72.98149355812755
ORD003261,2026-04-16,Snacks,Gujarat,Surat,395003,2,99,Blinkit,21.166718426031828,72.83035073443882
ORD003262,2026-05-23,Protein Bar,Maharashtra,Mumbai,400001,4,299,Blinkit,19.072313806342144,72.88577046416607
ORD003263,2026-02-11,Coffee,Maharashtra,Mumbai,400001,5,79,Blinkit,19.087196877785534,72.8805305316226
ORD003264,2026-04-12,Coffee,Maharashtra,Mumbai,400001,5,149,Zepto,19.072606888128618,72.87728662795192
ORD003265,2026-02-20,Energy Drink,Maharashtra,Pune,411001,4,129,Zepto,18.520595996165774,73.84867569960136
ORD003266,2026-03-22,Face Wash,Maharashtra,Thane,400601,2,129,Blinkit,19.22408928648571,72.9827004232386
ORD003267,2026-01-28,Shampoo,Gujarat,Surat,395003,5,79,Blinkit,21.18560441239777,72.84365349780289
ORD003268,2026-02-22,Energy Drink,Maharashtra,Mumbai,400001,1,79,Swiggy Instamart,19.069143250824098,72.8859029837451
ORD003269,2026-01-01,Shampoo,Maharashtra,Thane,400601,1,129,Blinkit,19.208790466169056,72.9850593210094
ORD003270,2026-05-12,Snacks,Maharashtra,Pune,411001,3,99,Blinkit,18.515233858012397,73.84646746776625
ORD003271,2026-05-20,Coffee,Karnataka,Bengaluru,560001,3,249,Zepto,12.974400453426975,77.56785432871845
ORD003272,2026-02-25,Shampoo,Maharashtra,Pune,411001,1,149,Blinkit,18.502890244255948,73.85492508116226
ORD003273,2026-06-01,Protein Bar,Maharashtra,Nashik,422001,2,199,Zepto,20.006724417666348,73.77600681229842
ORD003274,2026-04-12,Face Wash,Maharashtra,Thane,400601,5,49,Zepto,19.202505637012823,72.96992108157862
ORD003275,2026-03-12,Face Wash,Gujarat,Surat,395003,1,129,Blinkit,21.174112093272374,72.8369178177063
ORD003276,2026-06-24,Face Wash,Maharashtra,Pune,411001,1,249,Blinkit,18.52023776882404,73.86826833781038
ORD003277,2026-01-28,Energy Drink,Delhi,New Delhi,110001,4,299,Swiggy Instamart,28.617873970234594,77.20152544346043
ORD003278,2026-02-13,Energy Drink,Delhi,New Delhi,110001,1,49,Zepto,28.611094979465886,77.19497133842792
ORD003279,2026-05-06,Coffee,Maharashtra,Mumbai,400050,5,99,Zepto,19.058518610096087,72.84062100619221
ORD003280,2026-03-08,Coffee,Maharashtra,Pune,411001,4,99,Swiggy Instamart,18.52725290084711,73.8707200932592
ORD003281,2026-03-29,Snacks,Delhi,New Delhi,110001,4,299,Zepto,28.610871147562012,77.22246099794515
ORD003282,2026-03-01,Coffee,Gujarat,Surat,395003,2,79,Swiggy Instamart,21.168266957735522,72.8458158508257
ORD003283,2026-05-20,Snacks,Maharashtra,Thane,400601,3,249,Zepto,19.21808143252558,72.98517231373805
ORD003284,2026-02-28,Coffee,Gujarat,Ahmedabad,380001,4,49,Blinkit,23.0372511236431,72.56946572371419
ORD003285,2026-05-20,Snacks,Telangana,Hyderabad,500001,4,249,Swiggy Instamart,17.387183889875445,78.49958863425206
ORD003286,2026-04-27,Shampoo,Maharashtra,Mumbai,400050,1,249,Blinkit,19.058269968360698,72.81629107717494
ORD003287,2026-04-14,Coffee,Maharashtra,Pune,411001,2,49,Blinkit,18.54183007054585,73.85200235535663
ORD003288,2026-04-07,Coffee,Maharashtra,Mumbai,400001,2,79,Swiggy Instamart,19.077587560509375,72.88926006669452
ORD003289,2026-02-16,Energy Drink,Maharashtra,Thane,400601,3,199,Swiggy Instamart,19.212215060962688,72.96802132086778
ORD003290,2026-01-23,Shampoo,Maharashtra,Thane,400601,3,49,Blinkit,19.220837372967747,72.96016923602087
ORD003291,2026-04-25,Protein Bar,Delhi,New Delhi,110001,3,249,Swiggy Instamart,28.61102093923132,77.21145038664315
ORD003292,2026-01-19,Coffee,Maharashtra,Thane,400601,2,79,Swiggy Instamart,19.215600481031746,72.96266549056814
ORD003293,2026-03-25,Coffee,Maharashtra,Thane,400601,4,299,Swiggy Instamart,19.23424177956204,72.97913538153949
ORD003294,2026-05-23,Coffee,Maharashtra,Mumbai,400001,5,149,Zepto,19.090311521177618,72.8750996374982
ORD003295,2026-06-09,Coffee,Gujarat,Surat,395003,5,149,Swiggy Instamart,21.161399880183094,72.83379180920255
ORD003296,2026-02-10,Energy Drink,Maharashtra,Mumbai,400001,1,199,Zepto,19.073842128736718,72.86592238542009
ORD003297,2026-06-27,Snacks,Telangana,Hyderabad,500001,2,249,Swiggy Instamart,17.399697842587877,78.48047729777106
ORD003298,2026-06-27,Face Wash,Telangana,Hyderabad,500001,5,149,Swiggy Instamart,17.366597336152047,78.49998166053958
ORD003299,2026-03-18,Coffee,Maharashtra,Thane,400601,3,79,Swiggy Instamart,19.213257019841873,72.97202176107385
ORD003300,2026-03-14,Face Wash,Maharashtra,Mumbai,400050,4,299,Zepto,19.0419461241297,72.84690941486596
ORD003301,2026-01-24,Face Wash,Karnataka,Bengaluru,560001,2,129,Swiggy Instamart,12.958705194127903,77.59518449480706
ORD003302,2026-04-25,Shampoo,Gujarat,Surat,395003,4,129,Swiggy Instamart,21.179326203225404,72.83531716933004
ORD003303,2026-01-07,Coffee,Maharashtra,Thane,400601,4,149,Blinkit,19.217703456880077,72.96108334141712
ORD003304,2026-06-07,Protein Bar,Maharashtra,Mumbai,400050,4,299,Swiggy Instamart,19.051502751642328,72.83137800338042
ORD003305,2026-05-07,Shampoo,Delhi,New Delhi,110001,5,99,Swiggy Instamart,28.606028259300132,77.2110335946
ORD003306,2026-04-22,Coffee,Telangana,Hyderabad,500001,4,99,Zepto,17.391817434088154,78.496325028858
ORD003307,2026-05-13,Coffee,Gujarat,Ahmedabad,380001,2,299,Swiggy Instamart,23.010238206421874,72.59336646054979
ORD003308,2026-06-14,Coffee,Maharashtra,Mumbai,400001,3,49,Blinkit,19.083674793445542,72.87768285846332
ORD003309,2026-06-24,Snacks,Maharashtra,Thane,400601,2,199,Zepto,19.229195365830765,73.00175407772
ORD003310,2026-01-08,Snacks,Maharashtra,Nashik,422001,3,249,Blinkit,19.991512798989433,73.77744737357509
ORD003311,2026-03-26,Snacks,Telangana,Hyderabad,500001,4,49,Zepto,17.36121568340127,78.48862651532647
ORD003312,2026-02-12,Face Wash,Maharashtra,Mumbai,400050,5,99,Swiggy Instamart,19.06325394241925,72.82910837884558
ORD003313,2026-04-06,Face Wash,Gujarat,Ahmedabad,380001,3,99,Swiggy Instamart,23.015954664290017,72.55090485483811
ORD003314,2026-04-28,Coffee,Gujarat,Surat,395003,4,129,Zepto,21.17393533683412,72.84565434483916
ORD003315,2026-06-06,Face Wash,Gujarat,Ahmedabad,380001,2,129,Swiggy Instamart,23.016589815442668,72.57580059929023
ORD003316,2026-06-24,Coffee,Maharashtra,Thane,400601,5,149,Blinkit,19.202618556865797,72.98267213063693
ORD003317,2026-02-19,Coffee,Maharashtra,Pune,411001,5,79,Blinkit,18.51646617702255,73.84907582049398
ORD003318,2026-02-12,Face Wash,Gujarat,Surat,395003,1,199,Zepto,21.16259636358784,72.82716388417968
ORD003319,2026-03-28,Snacks,Delhi,New Delhi,110001,4,99,Blinkit,28.617724333156925,77.19587836798804
ORD003320,2026-02-12,Coffee,Gujarat,Surat,395003,2,249,Swiggy Instamart,21.166228846684323,72.83068528222002
ORD003321,2026-06-27,Energy Drink,Maharashtra,Pune,411001,3,199,Zepto,18.50940960775468,73.87466665201676
ORD003322,2026-05-10,Protein Bar,Maharashtra,Pune,411001,5,249,Blinkit,18.511865045199386,73.85000563086366
ORD003323,2026-01-07,Snacks,Gujarat,Ahmedabad,380001,4,149,Blinkit,23.012716920501777,72.58938480087137
ORD003324,2026-03-25,Protein Bar,Delhi,New Delhi,110001,5,199,Blinkit,28.619429052285994,77.19963407993757
ORD003325,2026-03-08,Energy Drink,Maharashtra,Nashik,422001,1,129,Blinkit,20.0169623155886,73.7817069869429
ORD003326,2026-01-31,Snacks,Telangana,Hyderabad,500001,5,79,Zepto,17.387572534211117,78.48325522791248
ORD003327,2026-06-03,Shampoo,Karnataka,Bengaluru,560001,2,49,Zepto,12.964105840130431,77.59797766099055
ORD003328,2026-03-27,Coffee,Delhi,New Delhi,110001,2,149,Zepto,28.608449127700045,77.22716755629575
ORD003329,2026-04-04,Energy Drink,Maharashtra,Mumbai,400050,4,149,Zepto,19.04690708894757,72.84486156772854
ORD003330,2026-03-17,Shampoo,Gujarat,Ahmedabad,380001,1,199,Blinkit,23.021386811512023,72.5743908573402
ORD003331,2026-01-28,Energy Drink,Maharashtra,Pune,411001,2,199,Swiggy Instamart,18.528731577666292,73.85039750704996
ORD003332,2026-04-18,Shampoo,Maharashtra,Pune,411001,5,79,Zepto,18.529042483846986,73.8296245614462
ORD003333,2026-04-25,Face Wash,Gujarat,Surat,395003,1,49,Swiggy Instamart,21.16300010466778,72.82185937192659
ORD003334,2026-02-08,Snacks,Maharashtra,Nashik,422001,1,149,Zepto,19.993364939876283,73.77755045161922
ORD003335,2026-04-01,Energy Drink,Maharashtra,Mumbai,400001,4,249,Swiggy Instamart,19.079857499681818,72.884726599985
ORD003336,2026-02-01,Snacks,Delhi,New Delhi,110001,5,299,Swiggy Instamart,28.616308767572004,77.20234306535107
ORD003337,2026-06-04,Snacks,Maharashtra,Mumbai,400001,2,299,Zepto,19.079690164378253,72.87894285694851
ORD003338,2026-04-03,Energy Drink,Maharashtra,Nashik,422001,2,199,Blinkit,20.015260561679362,73.78746936702932
ORD003339,2026-02-05,Face Wash,Maharashtra,Thane,400601,5,249,Blinkit,19.218604764139204,72.96912746993839
ORD003340,2026-03-25,Coffee,Maharashtra,Mumbai,400001,5,249,Blinkit,19.069470498441678,72.87220210640362
ORD003341,2026-04-24,Face Wash,Delhi,New Delhi,110001,3,99,Zepto,28.61074733666084,77.2116805042759
ORD003342,2026-03-28,Coffee,Karnataka,Bengaluru,560001,3,149,Swiggy Instamart,12.978751743901281,77.59408881306985
ORD003343,2026-05-31,Shampoo,Gujarat,Ahmedabad,380001,3,199,Swiggy Instamart,23.022661247879004,72.57283306305
ORD003344,2026-03-15,Energy Drink,Telangana,Hyderabad,500001,5,99,Blinkit,17.37984094686868,78.47744607742356
ORD003345,2026-01-31,Protein Bar,Telangana,Hyderabad,500001,4,199,Zepto,17.367445621026896,78.47974850641923
ORD003346,2026-01-02,Protein Bar,Maharashtra,Thane,400601,1,99,Blinkit,19.223031454532677,72.9710708856196
ORD003347,2026-06-13,Energy Drink,Gujarat,Ahmedabad,380001,5,129,Zepto,23.02012192962574,72.57606431287412
ORD003348,2026-02-03,Snacks,Maharashtra,Pune,411001,1,199,Blinkit,18.525606894964227,73.84590467147834
ORD003349,2026-02-23,Protein Bar,Maharashtra,Mumbai,400050,3,199,Blinkit,19.069570593564535,72.84077350089355
ORD003350,2026-05-14,Energy Drink,Maharashtra,Mumbai,400001,4,99,Swiggy Instamart,19.064701501427816,72.8694616313036
ORD003351,2026-03-14,Face Wash,Maharashtra,Mumbai,400050,3,249,Blinkit,19.071510906831463,72.82803146478744
ORD003352,2026-06-08,Snacks,Telangana,Hyderabad,500001,4,99,Blinkit,17.362802220525484,78.47270318495268
ORD003353,2026-04-19,Shampoo,Maharashtra,Pune,411001,4,149,Swiggy Instamart,18.517906303748273,73.84506957349716
ORD003354,2026-02-08,Snacks,Gujarat,Surat,395003,1,99,Blinkit,21.166065762293638,72.83142396213684
ORD003355,2026-02-12,Face Wash,Delhi,New Delhi,110001,3,129,Zepto,28.628522546040347,77.20609546083773
ORD003356,2026-02-25,Energy Drink,Delhi,New Delhi,110001,5,79,Swiggy Instamart,28.624625417995727,77.22328760162037
ORD003357,2026-02-18,Protein Bar,Maharashtra,Thane,400601,2,129,Swiggy Instamart,19.23264309669352,72.98094754593386
ORD003358,2026-06-15,Protein Bar,Maharashtra,Thane,400601,3,79,Zepto,19.198667108521608,72.98270824865403
ORD003359,2026-01-03,Protein Bar,Gujarat,Surat,395003,5,129,Blinkit,21.180683998878138,72.83028932894565
ORD003360,2026-05-06,Energy Drink,Maharashtra,Nashik,422001,2,299,Blinkit,20.023345838700752,73.78829833561468
ORD003361,2026-05-17,Energy Drink,Maharashtra,Mumbai,400001,4,249,Swiggy Instamart,19.08168273377153,72.88856380711206
ORD003362,2026-06-20,Shampoo,Maharashtra,Mumbai,400050,2,99,Blinkit,19.06293369851261,72.80457189500605
ORD003363,2026-04-29,Face Wash,Karnataka,Bengaluru,560001,3,199,Swiggy Instamart,12.966608610485297,77.60657168027248
ORD003364,2026-05-04,Energy Drink,Maharashtra,Nashik,422001,4,99,Swiggy Instamart,19.997824086599017,73.77746527494763
ORD003365,2026-03-25,Energy Drink,Maharashtra,Mumbai,400001,5,79,Swiggy Instamart,19.06555163686097,72.89553922595202
ORD003366,2026-04-08,Snacks,Karnataka,Bengaluru,560001,5,129,Swiggy Instamart,12.988414924574181,77.58576131104859
ORD003367,2026-04-11,Protein Bar,Maharashtra,Mumbai,400050,5,99,Swiggy Instamart,19.06107298000389,72.82269505952236
ORD003368,2026-01-31,Snacks,Karnataka,Bengaluru,560001,4,99,Zepto,12.977749446390314,77.59969683077243
ORD003369,2026-06-25,Energy Drink,Karnataka,Bengaluru,560001,2,299,Swiggy Instamart,12.979717055716133,77.59791918447708
ORD003370,2026-05-25,Snacks,Maharashtra,Pune,411001,5,99,Zepto,18.549754062063883,73.8464207623499
ORD003371,2026-02-16,Energy Drink,Gujarat,Ahmedabad,380001,2,129,Swiggy Instamart,23.005393966455635,72.56746909799298
ORD003372,2026-02-13,Protein Bar,Gujarat,Surat,395003,4,199,Swiggy Instamart,21.154520117344397,72.81617537729994
ORD003373,2026-01-20,Snacks,Telangana,Hyderabad,500001,3,129,Swiggy Instamart,17.374986853458022,78.47747811094568
ORD003374,2026-02-06,Energy Drink,Delhi,New Delhi,110001,2,199,Swiggy Instamart,28.6043538189805,77.21418218950446
ORD003375,2026-06-29,Energy Drink,Gujarat,Ahmedabad,380001,5,129,Blinkit,23.017438109389147,72.56960485425127
ORD003376,2026-03-20,Face Wash,Delhi,New Delhi,110001,4,79,Blinkit,28.622842327745012,77.20133677475219
ORD003377,2026-05-07,Energy Drink,Karnataka,Bengaluru,560001,2,249,Blinkit,12.968954541012954,77.59825759986093
ORD003378,2026-01-06,Coffee,Maharashtra,Pune,411001,3,149,Blinkit,18.500984321993798,73.8328509449105
ORD003379,2026-05-08,Coffee,Telangana,Hyderabad,500001,1,99,Blinkit,17.38846117328798,78.49162014280567
ORD003380,2026-05-30,Shampoo,Telangana,Hyderabad,500001,1,99,Swiggy Instamart,17.405642201348524,78.48828094875867
ORD003381,2026-04-23,Protein Bar,Maharashtra,Thane,400601,2,49,Blinkit,19.22649739717258,72.97614527356414
ORD003382,2026-06-20,Coffee,Maharashtra,Pune,411001,4,299,Swiggy Instamart,18.52337227221585,73.8733725684175
ORD003383,2026-02-24,Shampoo,Maharashtra,Mumbai,400050,3,99,Swiggy Instamart,19.038360071818744,72.83363616257571
ORD003384,2026-05-13,Energy Drink,Delhi,New Delhi,110001,2,99,Zepto,28.635255867300774,77.2118203421921
ORD003385,2026-02-04,Face Wash,Maharashtra,Mumbai,400050,4,49,Swiggy Instamart,19.076105729632328,72.8232078785047
ORD003386,2026-02-14,Protein Bar,Maharashtra,Pune,411001,1,149,Swiggy Instamart,18.52007952505836,73.85703524702389
ORD003387,2026-06-05,Snacks,Karnataka,Bengaluru,560001,4,299,Blinkit,12.949424089206413,77.5829182217215
ORD003388,2026-06-27,Snacks,Maharashtra,Pune,411001,3,199,Zepto,18.50943124920616,73.86492066078033
ORD003389,2026-06-13,Coffee,Maharashtra,Pune,411001,4,49,Zepto,18.529121531056838,73.85994036442708
ORD003390,2026-01-05,Face Wash,Maharashtra,Pune,411001,3,129,Blinkit,18.528641028968554,73.85505850587279
ORD003391,2026-05-27,Coffee,Maharashtra,Mumbai,400050,3,79,Blinkit,19.071619316695394,72.82958788442632
ORD003392,2026-03-30,Energy Drink,Maharashtra,Mumbai,400050,2,79,Zepto,19.060178640474266,72.82684407366737
ORD003393,2026-06-14,Coffee,Maharashtra,Thane,400601,2,199,Swiggy Instamart,19.225144504776363,72.97388801183386
ORD003394,2026-01-24,Face Wash,Maharashtra,Mumbai,400001,2,299,Blinkit,19.085764313771982,72.86637850859285
ORD003395,2026-02-19,Protein Bar,Delhi,New Delhi,110001,5,129,Zepto,28.60291083745272,77.21587426755127
ORD003396,2026-04-17,Shampoo,Telangana,Hyderabad,500001,1,129,Swiggy Instamart,17.384114557854172,78.48216108583847
ORD003397,2026-05-08,Protein Bar,Telangana,Hyderabad,500001,5,79,Zepto,17.393900577324757,78.48062738585914
ORD003398,2026-01-13,Snacks,Gujarat,Surat,395003,2,99,Zepto,21.168197987457,72.84509227950072
ORD003399,2026-02-10,Protein Bar,Maharashtra,Pune,411001,4,249,Blinkit,18.535791423458104,73.8724239821027
ORD003400,2026-01-14,Protein Bar,Maharashtra,Thane,400601,5,79,Zepto,19.215478742230662,72.99040702904985
ORD003401,2026-04-08,Shampoo,Maharashtra,Mumbai,400050,1,99,Zepto,19.050110471722313,72.82043097125278
ORD003402,2026-01-31,Coffee,Maharashtra,Mumbai,400001,1,299,Zepto,19.052495441473756,72.89442868201898
ORD003403,2026-06-19,Snacks,Gujarat,Ahmedabad,380001,5,299,Zepto,23.01386020150924,72.57013467420252
ORD003404,2026-06-09,Snacks,Maharashtra,Pune,411001,2,49,Blinkit,18.511296756580716,73.8636516524833
ORD003405,2026-02-19,Shampoo,Telangana,Hyderabad,500001,4,199,Zepto,17.381243663392826,78.47365183109567
ORD003406,2026-01-04,Snacks,Delhi,New Delhi,110001,2,299,Swiggy Instamart,28.61831662564186,77.1946626997519
ORD003407,2026-05-14,Protein Bar,Maharashtra,Nashik,422001,2,149,Zepto,19.997525942746847,73.75863110885375
ORD003408,2026-01-24,Face Wash,Maharashtra,Mumbai,400050,1,249,Swiggy Instamart,19.045360418878023,72.8312852916972
ORD003409,2026-02-05,Face Wash,Delhi,New Delhi,110001,1,199,Zepto,28.59425463961897,77.19418854275379
ORD003410,2026-06-02,Face Wash,Maharashtra,Thane,400601,4,99,Zepto,19.21827631083867,72.97266393103907
ORD003411,2026-02-19,Snacks,Telangana,Hyderabad,500001,3,199,Swiggy Instamart,17.404920366359594,78.50503896546024
ORD003412,2026-01-17,Snacks,Gujarat,Surat,395003,1,129,Swiggy Instamart,21.16152077537249,72.83667137618404
ORD003413,2026-06-02,Face Wash,Telangana,Hyderabad,500001,2,299,Zepto,17.392492825568795,78.48072521141975
ORD003414,2026-02-28,Shampoo,Maharashtra,Mumbai,400050,1,99,Blinkit,19.044644584635016,72.82937701550692
ORD003415,2026-04-19,Face Wash,Maharashtra,Pune,411001,5,199,Swiggy Instamart,18.51867154325186,73.8523423550303
ORD003416,2026-04-10,Face Wash,Gujarat,Ahmedabad,380001,2,129,Zepto,23.026923168681645,72.56389270392994
ORD003417,2026-01-20,Snacks,Maharashtra,Nashik,422001,2,49,Zepto,19.994380024524208,73.7807908297035
ORD003418,2026-01-14,Shampoo,Karnataka,Bengaluru,560001,1,199,Swiggy Instamart,12.97545970092569,77.582833550561
ORD003419,2026-05-03,Energy Drink,Maharashtra,Thane,400601,5,299,Blinkit,19.22758090610991,72.96039518862224
ORD003420,2026-02-12,Coffee,Maharashtra,Mumbai,400001,5,49,Blinkit,19.070218865412844,72.87511991463803
ORD003421,2026-04-21,Shampoo,Maharashtra,Mumbai,400050,5,49,Blinkit,19.05323776287348,72.82384939526449
ORD003422,2026-02-03,Energy Drink,Maharashtra,Pune,411001,3,79,Blinkit,18.53911074482308,73.84819115910962
ORD003423,2026-03-08,Energy Drink,Gujarat,Ahmedabad,380001,1,129,Swiggy Instamart,23.04691221722472,72.57577126779731
ORD003424,2026-01-09,Energy Drink,Maharashtra,Nashik,422001,1,79,Zepto,20.00682055137312,73.78446240353388
ORD003425,2026-04-03,Shampoo,Telangana,Hyderabad,500001,4,299,Blinkit,17.41029927749252,78.47676406996068
ORD003426,2026-03-20,Coffee,Gujarat,Surat,395003,1,199,Blinkit,21.158995820810638,72.82355133803429
ORD003427,2026-06-23,Face Wash,Telangana,Hyderabad,500001,3,149,Blinkit,17.38532143146965,78.46944228875188
ORD003428,2026-03-05,Face Wash,Maharashtra,Thane,400601,4,79,Zepto,19.218523392393184,72.99503547133413
ORD003429,2026-04-29,Shampoo,Maharashtra,Nashik,422001,1,79,Zepto,20.007414073906247,73.77677314541025
ORD003430,2026-01-16,Protein Bar,Delhi,New Delhi,110001,5,79,Zepto,28.607718395513164,77.21798511704552
ORD003431,2026-01-07,Snacks,Maharashtra,Pune,411001,4,129,Zepto,18.512141672267617,73.87516395920599
ORD003432,2026-04-13,Face Wash,Karnataka,Bengaluru,560001,1,299,Zepto,12.990933597477143,77.59716750798661
ORD003433,2026-05-13,Protein Bar,Gujarat,Surat,395003,5,49,Swiggy Instamart,21.170084849119235,72.84140659808243
ORD003434,2026-06-21,Face Wash,Maharashtra,Mumbai,400050,4,79,Zepto,19.070547985022273,72.8214400826894
ORD003435,2026-01-08,Snacks,Telangana,Hyderabad,500001,1,199,Swiggy Instamart,17.379734448668636,78.47347652565317
ORD003436,2026-04-29,Protein Bar,Maharashtra,Mumbai,400001,2,49,Blinkit,19.08009064938334,72.88436627883458
ORD003437,2026-01-27,Energy Drink,Karnataka,Bengaluru,560001,1,299,Swiggy Instamart,12.958100743621388,77.59004801095183
ORD003438,2026-03-27,Protein Bar,Maharashtra,Pune,411001,1,149,Blinkit,18.506927460824183,73.84771200189756
ORD003439,2026-03-12,Shampoo,Delhi,New Delhi,110001,3,129,Blinkit,28.619410170602265,77.20166517933322
ORD003440,2026-01-30,Snacks,Maharashtra,Thane,400601,2,49,Zepto,19.215291740439675,72.96182688272053
ORD003441,2026-04-22,Energy Drink,Telangana,Hyderabad,500001,3,199,Blinkit,17.38686990209725,78.48625726680156
ORD003442,2026-04-20,Coffee,Gujarat,Surat,395003,3,299,Zepto,21.16291040749967,72.82920985702319
ORD003443,2026-01-31,Coffee,Maharashtra,Pune,411001,1,199,Zepto,18.522202948805035,73.84855131851091
ORD003444,2026-06-05,Shampoo,Maharashtra,Pune,411001,2,299,Blinkit,18.50563737455998,73.87475574432688
ORD003445,2026-04-11,Shampoo,Gujarat,Surat,395003,2,79,Blinkit,21.1638672729529,72.83013239896813
ORD003446,2026-01-17,Coffee,Telangana,Hyderabad,500001,2,99,Swiggy Instamart,17.395108397350203,78.5219905518757
ORD003447,2026-01-05,Protein Bar,Karnataka,Bengaluru,560001,1,149,Blinkit,12.959155135501112,77.59909827213727
ORD003448,2026-04-19,Protein Bar,Gujarat,Surat,395003,3,199,Swiggy Instamart,21.16312447714706,72.82571209695423
ORD003449,2026-01-07,Protein Bar,Telangana,Hyderabad,500001,1,49,Blinkit,17.377797879789934,78.47544345032199
ORD003450,2026-05-05,Snacks,Telangana,Hyderabad,500001,4,79,Blinkit,17.384587086382155,78.47195497312951
ORD003451,2026-01-06,Snacks,Maharashtra,Mumbai,400001,3,129,Swiggy Instamart,19.08546807566512,72.87825002936034
ORD003452,2026-01-18,Snacks,Delhi,New Delhi,110001,5,149,Swiggy Instamart,28.618124349729015,77.20433811388054
ORD003453,2026-03-22,Energy Drink,Maharashtra,Mumbai,400001,1,199,Zepto,19.072327960657883,72.88057563905167
ORD003454,2026-03-07,Coffee,Maharashtra,Mumbai,400001,5,49,Swiggy Instamart,19.06435949367594,72.87412009565587
ORD003455,2026-06-15,Coffee,Maharashtra,Nashik,422001,4,249,Swiggy Instamart,19.997303864861216,73.7707943118941
ORD003456,2026-05-07,Snacks,Delhi,New Delhi,110001,2,79,Zepto,28.592801617593743,77.22239326589481
ORD003457,2026-06-01,Shampoo,Karnataka,Bengaluru,560001,1,249,Blinkit,12.964734612468463,77.60623376055163
ORD003458,2026-05-23,Snacks,Telangana,Hyderabad,500001,3,79,Blinkit,17.395687923213945,78.47384000293484
ORD003459,2026-01-26,Energy Drink,Gujarat,Surat,395003,2,299,Blinkit,21.159315887643274,72.85670502959357
ORD003460,2026-05-05,Shampoo,Maharashtra,Mumbai,400001,5,149,Zepto,19.09350925941927,72.87738481486673
ORD003461,2026-02-14,Face Wash,Maharashtra,Pune,411001,4,99,Zepto,18.522973731064173,73.85039153597053
ORD003462,2026-06-21,Coffee,Delhi,New Delhi,110001,5,149,Swiggy Instamart,28.618223527142003,77.20182818099278
ORD003463,2026-01-30,Coffee,Telangana,Hyderabad,500001,4,49,Zepto,17.364676462357018,78.47348444213489
ORD003464,2026-02-12,Shampoo,Maharashtra,Nashik,422001,2,49,Zepto,20.006110927478506,73.76838932764498
ORD003465,2026-01-14,Coffee,Karnataka,Bengaluru,560001,4,99,Zepto,12.970927225350865,77.58385338960566
ORD003466,2026-04-16,Protein Bar,Maharashtra,Mumbai,400050,2,49,Swiggy Instamart,19.05177646077498,72.83803165306412
ORD003467,2026-01-25,Coffee,Maharashtra,Nashik,422001,1,129,Blinkit,20.0083748054764,73.77960335578688
ORD003468,2026-05-27,Coffee,Telangana,Hyderabad,500001,5,299,Zepto,17.39378963973071,78.49150608593347
ORD003469,2026-01-22,Shampoo,Maharashtra,Mumbai,400050,1,149,Swiggy Instamart,19.074065632912514,72.82490140737684
ORD003470,2026-01-08,Protein Bar,Delhi,New Delhi,110001,5,249,Blinkit,28.609603650214726,77.19598890733609
ORD003471,2026-05-17,Energy Drink,Maharashtra,Nashik,422001,2,79,Blinkit,20.001610192826277,73.78934769894303
ORD003472,2026-05-14,Coffee,Gujarat,Ahmedabad,380001,2,299,Swiggy Instamart,23.03549987372262,72.58100305168087
ORD003473,2026-04-23,Protein Bar,Gujarat,Ahmedabad,380001,5,99,Zepto,23.004558081334505,72.5822314521266
ORD003474,2026-03-08,Coffee,Maharashtra,Mumbai,400001,1,249,Blinkit,19.05761481376728,72.88668117324123
ORD003475,2026-05-02,Snacks,Gujarat,Ahmedabad,380001,1,99,Zepto,23.01882215473429,72.57842533313934
ORD003476,2026-05-25,Protein Bar,Gujarat,Surat,395003,3,249,Zepto,21.156875516521055,72.84281167632707
ORD003477,2026-02-10,Coffee,Maharashtra,Mumbai,400050,4,149,Zepto,19.04495025253895,72.82281545089147
ORD003478,2026-06-21,Shampoo,Telangana,Hyderabad,500001,5,99,Blinkit,17.375019053722312,78.46915715147178
ORD003479,2026-05-29,Snacks,Gujarat,Surat,395003,4,49,Blinkit,21.171145275675887,72.84916089117837
ORD003480,2026-05-31,Face Wash,Maharashtra,Mumbai,400001,2,79,Blinkit,19.102669052223202,72.87867155787087
ORD003481,2026-05-29,Shampoo,Maharashtra,Mumbai,400050,1,199,Blinkit,19.070766812750676,72.83182094637928
ORD003482,2026-05-07,Coffee,Maharashtra,Mumbai,400001,2,99,Blinkit,19.080988831947682,72.87427851348873
ORD003483,2026-06-22,Snacks,Maharashtra,Nashik,422001,5,129,Blinkit,20.007850769254226,73.78507478704607
ORD003484,2026-04-01,Protein Bar,Gujarat,Surat,395003,4,249,Zepto,21.16441540271124,72.83032505700108
ORD003485,2026-06-13,Protein Bar,Maharashtra,Nashik,422001,5,249,Swiggy Instamart,20.005315698810026,73.78796403317331
ORD003486,2026-06-06,Shampoo,Maharashtra,Nashik,422001,4,129,Swiggy Instamart,19.995239678283724,73.77918457791392
ORD003487,2026-06-06,Shampoo,Maharashtra,Nashik,422001,1,149,Blinkit,20.02502005469053,73.79134060152586
ORD003488,2026-03-21,Energy Drink,Delhi,New Delhi,110001,1,299,Zepto,28.62739179048889,77.20924431840179
ORD003489,2026-05-24,Face Wash,Maharashtra,Thane,400601,1,249,Zepto,19.22150997563686,72.98812236166702
ORD003490,2026-04-02,Coffee,Maharashtra,Thane,400601,2,249,Blinkit,19.23390255529531,72.95858397087117
ORD003491,2026-05-20,Energy Drink,Delhi,New Delhi,110001,1,129,Blinkit,28.600745586929502,77.22209444101404
ORD003492,2026-04-13,Coffee,Delhi,New Delhi,110001,5,129,Swiggy Instamart,28.61113110644231,77.20228279210743
ORD003493,2026-04-22,Energy Drink,Maharashtra,Mumbai,400001,3,249,Blinkit,19.063458390130045,72.87214983298456
ORD003494,2026-05-15,Shampoo,Maharashtra,Thane,400601,5,79,Blinkit,19.20427630716576,72.99901094272732
ORD003495,2026-06-09,Protein Bar,Maharashtra,Mumbai,400001,1,149,Zepto,19.075775639480195,72.87712049458237
ORD003496,2026-01-29,Coffee,Maharashtra,Pune,411001,2,199,Swiggy Instamart,18.526280766751675,73.86632345169267
ORD003497,2026-06-13,Energy Drink,Telangana,Hyderabad,500001,2,249,Zepto,17.394458881565548,78.49743621943908
ORD003498,2026-02-24,Shampoo,Maharashtra,Pune,411001,4,49,Blinkit,18.51409154449209,73.85372133195044
ORD003499,2026-03-05,Protein Bar,Maharashtra,Thane,400601,3,199,Swiggy Instamart,19.225990316554423,72.9728261093836
ORD003500,2026-01-25,Shampoo,Delhi,New Delhi,110001,3,49,Zepto,28.61384893367973,77.21298763764425
ORD003501,2026-03-13,Face Wash,Gujarat,Ahmedabad,380001,4,99,Blinkit,23.030351850823106,72.5536231903763
ORD003502,2026-06-07,Protein Bar,Maharashtra,Mumbai,400050,4,199,Swiggy Instamart,19.066747456498888,72.82716275942148
ORD003503,2026-02-19,Snacks,Maharashtra,Mumbai,400001,3,149,Zepto,19.083074577108643,72.88546931692355
ORD003504,2026-04-17,Shampoo,Telangana,Hyderabad,500001,1,299,Swiggy Instamart,17.401079150611192,78.50023453647621
ORD003505,2026-01-17,Coffee,Karnataka,Bengaluru,560001,2,149,Swiggy Instamart,12.985065716626103,77.60903670319166
ORD003506,2026-05-27,Coffee,Delhi,New Delhi,110001,1,49,Blinkit,28.61681378984816,77.20932185087037
ORD003507,2026-05-22,Energy Drink,Karnataka,Bengaluru,560001,1,149,Zepto,12.980328170831784,77.60192080951433
ORD003508,2026-03-11,Shampoo,Karnataka,Bengaluru,560001,5,79,Zepto,12.968509337632618,77.59864823408809
ORD003509,2026-06-09,Energy Drink,Gujarat,Ahmedabad,380001,4,249,Blinkit,23.022149035332156,72.5628606709154
ORD003510,2026-04-19,Coffee,Delhi,New Delhi,110001,5,129,Swiggy Instamart,28.626804607413764,77.2095519924253
ORD003511,2026-04-12,Snacks,Telangana,Hyderabad,500001,5,299,Blinkit,17.40548708257699,78.470445077298
ORD003512,2026-04-08,Coffee,Delhi,New Delhi,110001,3,79,Blinkit,28.608332212271566,77.20932638836692
ORD003513,2026-05-31,Face Wash,Gujarat,Ahmedabad,380001,3,49,Zepto,23.03387381097629,72.57539469372603
ORD003514,2026-06-07,Energy Drink,Maharashtra,Mumbai,400050,5,99,Zepto,19.062704727541806,72.81822736207445
ORD003515,2026-04-03,Energy Drink,Karnataka,Bengaluru,560001,4,49,Blinkit,12.960030586027706,77.59782504660289
ORD003516,2026-01-19,Shampoo,Maharashtra,Mumbai,400050,1,249,Swiggy Instamart,19.045958940061816,72.8241812224971
ORD003517,2026-02-28,Coffee,Maharashtra,Mumbai,400001,5,249,Zepto,19.08100917329086,72.86787675727723
ORD003518,2026-03-22,Energy Drink,Gujarat,Surat,395003,4,99,Zepto,21.18625355962362,72.84333936344238
ORD003519,2026-05-29,Face Wash,Delhi,New Delhi,110001,3,199,Swiggy Instamart,28.59818580001662,77.19967628756818
ORD003520,2026-04-08,Shampoo,Maharashtra,Mumbai,400001,1,49,Zepto,19.05314222755505,72.86987408637452
ORD003521,2026-06-17,Snacks,Telangana,Hyderabad,500001,5,149,Zepto,17.392663884765724,78.48256105057725
ORD003522,2026-05-16,Coffee,Maharashtra,Nashik,422001,3,99,Zepto,20.01050797243616,73.7644766568172
ORD003523,2026-04-07,Shampoo,Maharashtra,Nashik,422001,3,249,Blinkit,20.01387975254582,73.77414890772071
ORD003524,2026-04-16,Protein Bar,Karnataka,Bengaluru,560001,3,249,Blinkit,12.97172169682283,77.59367125498606
ORD003525,2026-01-04,Face Wash,Maharashtra,Thane,400601,3,249,Blinkit,19.205584514791077,72.9665691566826
ORD003526,2026-04-24,Face Wash,Karnataka,Bengaluru,560001,5,49,Swiggy Instamart,12.981277944690035,77.59858992157501
ORD003527,2026-03-20,Face Wash,Karnataka,Bengaluru,560001,2,129,Swiggy Instamart,12.982100490415535,77.59784658235502
ORD003528,2026-01-08,Shampoo,Telangana,Hyderabad,500001,2,129,Blinkit,17.386429906348095,78.46943989381333
ORD003529,2026-04-14,Shampoo,Maharashtra,Nashik,422001,2,99,Blinkit,20.00319633303239,73.77942615679596
ORD003530,2026-06-29,Face Wash,Gujarat,Ahmedabad,380001,1,79,Blinkit,23.042031071982727,72.57826956632098
ORD003531,2026-06-04,Coffee,Gujarat,Ahmedabad,380001,3,129,Zepto,23.037860611817095,72.57737537705894
ORD003532,2026-06-27,Snacks,Maharashtra,Mumbai,400001,4,99,Zepto,19.068886967730506,72.87887124216151
ORD003533,2026-02-14,Energy Drink,Maharashtra,Mumbai,400050,3,99,Blinkit,19.06196223646264,72.82010844430229
ORD003534,2026-05-03,Snacks,Gujarat,Surat,395003,4,149,Blinkit,21.16635612623407,72.82904233006323
ORD003535,2026-03-22,Coffee,Maharashtra,Thane,400601,1,249,Zepto,19.23435619832565,72.9572925947461
ORD003536,2026-01-21,Energy Drink,Maharashtra,Mumbai,400050,3,79,Zepto,19.07165818420716,72.8201320476504
ORD003537,2026-05-09,Face Wash,Gujarat,Ahmedabad,380001,5,249,Zepto,23.008779208127304,72.58319942130038
ORD003538,2026-05-18,Protein Bar,Maharashtra,Mumbai,400001,1,299,Swiggy Instamart,19.083318980692344,72.89024518702382
ORD003539,2026-04-12,Shampoo,Delhi,New Delhi,110001,4,99,Zepto,28.621907019475458,77.22959845001738
ORD003540,2026-02-14,Coffee,Maharashtra,Mumbai,400050,5,199,Blinkit,19.065187238369443,72.82793522623876
ORD003541,2026-03-11,Shampoo,Maharashtra,Mumbai,400001,2,249,Blinkit,19.079429263773214,72.89013469128346
ORD003542,2026-06-13,Shampoo,Maharashtra,Thane,400601,1,99,Swiggy Instamart,19.210506246747396,72.97158111417468
ORD003543,2026-02-12,Protein Bar,Maharashtra,Mumbai,400050,2,149,Zepto,19.05651039985402,72.80845417201235
ORD003544,2026-03-29,Energy Drink,Karnataka,Bengaluru,560001,4,199,Swiggy Instamart,12.972980784084175,77.57573871296049
ORD003545,2026-04-09,Coffee,Telangana,Hyderabad,500001,1,299,Swiggy Instamart,17.385530593129328,78.49535289756135
ORD003546,2026-06-12,Energy Drink,Gujarat,Ahmedabad,380001,3,149,Swiggy Instamart,23.017731235393562,72.58817115870187
ORD003547,2026-03-21,Energy Drink,Maharashtra,Thane,400601,1,129,Swiggy Instamart,19.203694991005815,72.99001260681632
ORD003548,2026-03-06,Face Wash,Gujarat,Ahmedabad,380001,3,49,Zepto,23.02925137056407,72.5542396675169
ORD003549,2026-03-07,Face Wash,Gujarat,Surat,395003,3,149,Swiggy Instamart,21.197307942990406,72.83046254714496
ORD003550,2026-03-28,Snacks,Karnataka,Bengaluru,560001,2,129,Zepto,12.962825159778443,77.58052912805216
ORD003551,2026-02-05,Energy Drink,Maharashtra,Mumbai,400050,2,299,Blinkit,19.057399819723404,72.8282259312761
ORD003552,2026-06-07,Snacks,Delhi,New Delhi,110001,4,79,Blinkit,28.6149264552854,77.20602203843777
ORD003553,2026-04-12,Energy Drink,Karnataka,Bengaluru,560001,2,149,Swiggy Instamart,12.977932253101152,77.59072370167337
ORD003554,2026-05-06,Energy Drink,Maharashtra,Thane,400601,1,129,Swiggy Instamart,19.198950358827595,72.9766063850435
ORD003555,2026-04-08,Snacks,Delhi,New Delhi,110001,2,79,Blinkit,28.59022522346627,77.21253770630892
ORD003556,2026-01-04,Snacks,Gujarat,Ahmedabad,380001,5,49,Zepto,23.012706997697176,72.57303360354915
ORD003557,2026-04-10,Energy Drink,Telangana,Hyderabad,500001,1,149,Blinkit,17.398140749815248,78.47721251304732
ORD003558,2026-01-09,Shampoo,Maharashtra,Pune,411001,5,129,Blinkit,18.53101256258512,73.85236610433314
ORD003559,2026-05-09,Energy Drink,Delhi,New Delhi,110001,3,129,Blinkit,28.63143194802066,77.20534847386801
ORD003560,2026-03-20,Protein Bar,Maharashtra,Pune,411001,1,79,Swiggy Instamart,18.51199507014493,73.86357238450395
ORD003561,2026-04-12,Shampoo,Maharashtra,Mumbai,400050,4,149,Swiggy Instamart,19.05524210270376,72.8210855048587
ORD003562,2026-04-19,Face Wash,Maharashtra,Mumbai,400050,2,149,Blinkit,19.05482160149296,72.82905393467817
ORD003563,2026-06-21,Face Wash,Maharashtra,Nashik,422001,3,149,Blinkit,20.01932180131245,73.76035912254541
ORD003564,2026-05-17,Energy Drink,Maharashtra,Mumbai,400001,5,199,Swiggy Instamart,19.076230806589503,72.88394903594654
ORD003565,2026-05-02,Coffee,Maharashtra,Mumbai,400050,5,129,Blinkit,19.061534485749917,72.84259865169433
ORD003566,2026-01-28,Protein Bar,Delhi,New Delhi,110001,3,129,Swiggy Instamart,28.613156546702417,77.20715448557814
ORD003567,2026-02-01,Energy Drink,Telangana,Hyderabad,500001,5,299,Swiggy Instamart,17.390923295470134,78.48769313814951
ORD003568,2026-06-19,Face Wash,Delhi,New Delhi,110001,5,249,Swiggy Instamart,28.609995912617197,77.21416144039587
ORD003569,2026-05-29,Shampoo,Telangana,Hyderabad,500001,5,99,Swiggy Instamart,17.378474717067835,78.4805882284798
ORD003570,2026-01-16,Face Wash,Telangana,Hyderabad,500001,3,299,Swiggy Instamart,17.379720059782347,78.50023069160166
ORD003571,2026-05-03,Protein Bar,Maharashtra,Thane,400601,3,299,Swiggy Instamart,19.186089836440143,72.98205598834762
ORD003572,2026-03-06,Shampoo,Maharashtra,Thane,400601,2,49,Zepto,19.218642718142,72.96129129540762
ORD003573,2026-05-19,Snacks,Telangana,Hyderabad,500001,4,149,Zepto,17.388097267791363,78.49145751991831
ORD003574,2026-02-03,Energy Drink,Maharashtra,Nashik,422001,5,129,Swiggy Instamart,20.011796392313574,73.75318171936955
ORD003575,2026-02-11,Coffee,Karnataka,Bengaluru,560001,2,129,Swiggy Instamart,12.985263894118544,77.58722263295316
ORD003576,2026-02-08,Protein Bar,Maharashtra,Mumbai,400050,5,299,Zepto,19.06646567746753,72.83691073780682
ORD003577,2026-02-10,Coffee,Gujarat,Surat,395003,2,99,Swiggy Instamart,21.161433029143808,72.83770459952352
ORD003578,2026-01-13,Snacks,Delhi,New Delhi,110001,5,129,Zepto,28.610045067590878,77.18828622820662
ORD003579,2026-02-01,Protein Bar,Maharashtra,Thane,400601,1,49,Zepto,19.229977419255277,72.97034955036983
ORD003580,2026-02-14,Protein Bar,Maharashtra,Pune,411001,1,79,Swiggy Instamart,18.511855065372618,73.85266934131964
ORD003581,2026-04-09,Shampoo,Delhi,New Delhi,110001,4,249,Zepto,28.616622367253274,77.20842729589178
ORD003582,2026-01-08,Coffee,Maharashtra,Mumbai,400001,5,299,Swiggy Instamart,19.08148066924707,72.86430510633471
ORD003583,2026-02-01,Protein Bar,Gujarat,Surat,395003,5,79,Blinkit,21.162776136295694,72.82994002927678
ORD003584,2026-04-06,Shampoo,Maharashtra,Pune,411001,1,149,Zepto,18.539378872926587,73.85556187461587
ORD003585,2026-05-22,Face Wash,Maharashtra,Pune,411001,3,129,Swiggy Instamart,18.531252222636613,73.85708555168785
ORD003586,2026-05-31,Coffee,Maharashtra,Mumbai,400050,1,299,Blinkit,19.054763413625626,72.82703275575885
ORD003587,2026-05-21,Snacks,Gujarat,Surat,395003,2,129,Blinkit,21.168515802879714,72.83713645738962
ORD003588,2026-04-15,Coffee,Maharashtra,Nashik,422001,3,79,Zepto,20.019646112675765,73.78329680847686
ORD003589,2026-02-20,Snacks,Maharashtra,Mumbai,400001,1,299,Blinkit,19.08787077678742,72.86805210262371
ORD003590,2026-01-01,Face Wash,Maharashtra,Thane,400601,3,199,Swiggy Instamart,19.214153694911857,72.97085697465792
ORD003591,2026-04-08,Shampoo,Telangana,Hyderabad,500001,1,199,Zepto,17.38814444590875,78.48311041614821
ORD003592,2026-04-22,Shampoo,Maharashtra,Mumbai,400001,4,249,Blinkit,19.083297729370344,72.86838998288368
ORD003593,2026-01-19,Protein Bar,Maharashtra,Mumbai,400050,4,199,Blinkit,19.06003030973321,72.83636857911011
ORD003594,2026-01-24,Snacks,Maharashtra,Mumbai,400050,2,149,Zepto,19.038946972249594,72.85071631307329
ORD003595,2026-05-19,Face Wash,Karnataka,Bengaluru,560001,1,249,Swiggy Instamart,12.968768481151201,77.57434960086324
ORD003596,2026-03-10,Coffee,Telangana,Hyderabad,500001,4,49,Swiggy Instamart,17.38658093898577,78.48703443467973
ORD003597,2026-01-04,Face Wash,Telangana,Hyderabad,500001,5,129,Blinkit,17.384181056204277,78.49661191112926
ORD003598,2026-05-21,Energy Drink,Gujarat,Surat,395003,3,99,Blinkit,21.17767444971427,72.83407876191025
ORD003599,2026-05-26,Coffee,Delhi,New Delhi,110001,5,249,Zepto,28.618401556339467,77.20795641550562
ORD003600,2026-06-05,Shampoo,Gujarat,Surat,395003,1,129,Swiggy Instamart,21.1879549084924,72.81630803981643
ORD003601,2026-05-23,Coffee,Gujarat,Surat,395003,5,79,Blinkit,21.17159651674216,72.8317502463119
ORD003602,2026-06-24,Snacks,Delhi,New Delhi,110001,4,79,Blinkit,28.622032804060648,77.20056146122576
ORD003603,2026-04-05,Coffee,Maharashtra,Mumbai,400001,4,99,Blinkit,19.058563273976034,72.87926823016099
ORD003604,2026-01-20,Coffee,Karnataka,Bengaluru,560001,4,249,Zepto,12.974412304922186,77.60949599409447
ORD003605,2026-03-02,Energy Drink,Telangana,Hyderabad,500001,1,79,Zepto,17.37229637953675,78.49824693766716
ORD003606,2026-06-29,Face Wash,Gujarat,Surat,395003,4,99,Blinkit,21.193874143640272,72.82732235112478
ORD003607,2026-03-19,Protein Bar,Maharashtra,Mumbai,400001,5,49,Swiggy Instamart,19.063090577805067,72.87363025633627
ORD003608,2026-02-05,Protein Bar,Gujarat,Ahmedabad,380001,4,199,Blinkit,23.022640049673715,72.57703787875006
ORD003609,2026-03-22,Protein Bar,Delhi,New Delhi,110001,4,299,Blinkit,28.60798605270162,77.22455198534148
ORD003610,2026-01-24,Snacks,Maharashtra,Nashik,422001,2,299,Blinkit,19.99475467684992,73.76230794847828
ORD003611,2026-06-04,Energy Drink,Gujarat,Surat,395003,1,79,Swiggy Instamart,21.181267104242874,72.80835378968794
ORD003612,2026-02-07,Face Wash,Delhi,New Delhi,110001,1,249,Zepto,28.611858702311274,77.24017681129209
ORD003613,2026-03-10,Energy Drink,Gujarat,Surat,395003,2,99,Swiggy Instamart,21.170079564470402,72.81989232349305
ORD003614,2026-03-27,Coffee,Karnataka,Bengaluru,560001,5,79,Blinkit,12.971026025362132,77.5940919921138
ORD003615,2026-03-09,Snacks,Maharashtra,Mumbai,400001,3,149,Zepto,19.077606499403533,72.8843226298216
ORD003616,2026-05-22,Face Wash,Maharashtra,Mumbai,400050,3,199,Blinkit,19.049208888316322,72.84637548055237
ORD003617,2026-03-23,Shampoo,Maharashtra,Mumbai,400001,5,99,Zepto,19.078451142843726,72.88496794046402
ORD003618,2026-02-06,Energy Drink,Telangana,Hyderabad,500001,3,299,Zepto,17.378718506002446,78.49956382136996
ORD003619,2026-01-05,Snacks,Telangana,Hyderabad,500001,1,79,Swiggy Instamart,17.38242947591187,78.48947552513494
ORD003620,2026-02-26,Snacks,Gujarat,Surat,395003,3,249,Blinkit,21.16086893922813,72.82113068373599
ORD003621,2026-04-28,Energy Drink,Maharashtra,Mumbai,400001,2,99,Blinkit,19.08288205306453,72.87326393169793
ORD003622,2026-02-15,Coffee,Karnataka,Bengaluru,560001,2,199,Swiggy Instamart,12.963061769124957,77.58816816657973
ORD003623,2026-01-02,Protein Bar,Maharashtra,Nashik,422001,1,299,Swiggy Instamart,20.012889530717175,73.77340962138797
ORD003624,2026-02-16,Energy Drink,Delhi,New Delhi,110001,3,299,Zepto,28.61272345068398,77.20915027750287
ORD003625,2026-02-04,Shampoo,Maharashtra,Mumbai,400050,1,249,Swiggy Instamart,19.040426511139895,72.81478873594627
ORD003626,2026-01-02,Shampoo,Gujarat,Ahmedabad,380001,1,49,Blinkit,23.025862778892478,72.56402970638847
ORD003627,2026-06-14,Snacks,Delhi,New Delhi,110001,1,79,Zepto,28.624467249112804,77.21866807104252
ORD003628,2026-04-06,Protein Bar,Telangana,Hyderabad,500001,5,99,Blinkit,17.392191686663555,78.50489771787312
ORD003629,2026-06-18,Protein Bar,Maharashtra,Mumbai,400050,3,99,Blinkit,19.05876910672257,72.83598881925903
ORD003630,2026-01-12,Snacks,Maharashtra,Mumbai,400050,3,129,Blinkit,19.053755990234038,72.85402369912869
ORD003631,2026-05-26,Energy Drink,Maharashtra,Mumbai,400001,2,49,Zepto,19.09583633652436,72.87781880434518
ORD003632,2026-01-19,Shampoo,Karnataka,Bengaluru,560001,5,199,Swiggy Instamart,12.975465862299052,77.60819297599365
ORD003633,2026-01-02,Shampoo,Maharashtra,Mumbai,400001,3,79,Swiggy Instamart,19.07452860495186,72.87113375929201
ORD003634,2026-03-21,Coffee,Telangana,Hyderabad,500001,3,149,Zepto,17.39373989751007,78.48748439246084
ORD003635,2026-05-26,Coffee,Maharashtra,Thane,400601,4,249,Swiggy Instamart,19.220129944496453,72.96975728656932
ORD003636,2026-05-27,Energy Drink,Delhi,New Delhi,110001,4,199,Zepto,28.596723278516368,77.2113614240988
ORD003637,2026-03-07,Face Wash,Telangana,Hyderabad,500001,4,79,Blinkit,17.394049620414943,78.48444193250924
ORD003638,2026-06-09,Snacks,Maharashtra,Mumbai,400050,5,99,Blinkit,19.073964295195587,72.82246083674585
ORD003639,2026-03-21,Coffee,Maharashtra,Pune,411001,1,129,Swiggy Instamart,18.509852955450338,73.85602769692804
ORD003640,2026-01-10,Face Wash,Maharashtra,Mumbai,400050,3,49,Zepto,19.058774074246486,72.83719968731334
ORD003641,2026-05-24,Snacks,Gujarat,Ahmedabad,380001,5,249,Zepto,23.014750371759362,72.58508094236815
ORD003642,2026-01-18,Shampoo,Maharashtra,Thane,400601,3,129,Swiggy Instamart,19.23796916962508,72.97770855973032
ORD003643,2026-04-23,Face Wash,Gujarat,Ahmedabad,380001,5,129,Blinkit,23.034997104201842,72.56083502929374
ORD003644,2026-04-18,Coffee,Maharashtra,Thane,400601,1,249,Blinkit,19.22905221541182,72.98857276408559
ORD003645,2026-04-22,Protein Bar,Delhi,New Delhi,110001,4,299,Zepto,28.6225343728019,77.2088443691113
ORD003646,2026-05-21,Energy Drink,Telangana,Hyderabad,500001,3,149,Swiggy Instamart,17.35545751058758,78.48028272856348
ORD003647,2026-02-19,Coffee,Delhi,New Delhi,110001,3,99,Blinkit,28.607640839823155,77.1992174506194
ORD003648,2026-04-08,Snacks,Maharashtra,Pune,411001,3,249,Zepto,18.52162243004547,73.85251036554479
ORD003649,2026-01-13,Face Wash,Delhi,New Delhi,110001,3,49,Blinkit,28.605653879902352,77.19841199851753
ORD003650,2026-03-12,Snacks,Karnataka,Bengaluru,560001,1,249,Blinkit,12.964444870145147,77.6058149921185
ORD003651,2026-06-08,Face Wash,Karnataka,Bengaluru,560001,3,79,Blinkit,12.964989749453725,77.58945061293566
ORD003652,2026-02-10,Energy Drink,Gujarat,Surat,395003,5,99,Swiggy Instamart,21.165633023849768,72.8344899351381
ORD003653,2026-06-02,Protein Bar,Maharashtra,Mumbai,400001,5,199,Blinkit,19.080562494885285,72.84725343460757
ORD003654,2026-01-11,Shampoo,Maharashtra,Mumbai,400050,3,49,Swiggy Instamart,19.069816352138275,72.84386368034244
ORD003655,2026-01-27,Energy Drink,Telangana,Hyderabad,500001,1,79,Zepto,17.374498134626386,78.47697701755266
ORD003656,2026-05-10,Shampoo,Karnataka,Bengaluru,560001,1,49,Zepto,12.967097466122217,77.58703995980544
ORD003657,2026-03-17,Snacks,Gujarat,Ahmedabad,380001,4,249,Zepto,23.024739268739467,72.55193474713641
ORD003658,2026-02-13,Snacks,Maharashtra,Thane,400601,1,249,Swiggy Instamart,19.207120723919633,72.99349197200175
ORD003659,2026-04-05,Energy Drink,Telangana,Hyderabad,500001,3,149,Swiggy Instamart,17.375717800326523,78.49913428278103
ORD003660,2026-06-24,Energy Drink,Maharashtra,Mumbai,400050,1,79,Swiggy Instamart,19.0631533819559,72.81140732285411
ORD003661,2026-02-16,Shampoo,Maharashtra,Thane,400601,3,199,Zepto,19.224653291952162,72.97692332697807
ORD003662,2026-02-10,Shampoo,Maharashtra,Mumbai,400001,1,79,Blinkit,19.071445329437502,72.88014957093172
ORD003663,2026-03-28,Energy Drink,Maharashtra,Mumbai,400050,2,199,Swiggy Instamart,19.064346334855667,72.83657591821974
ORD003664,2026-03-08,Shampoo,Telangana,Hyderabad,500001,5,199,Zepto,17.39678252847548,78.49078135912778
ORD003665,2026-03-14,Protein Bar,Karnataka,Bengaluru,560001,4,79,Blinkit,12.957843659112136,77.58986354542348
ORD003666,2026-02-03,Shampoo,Maharashtra,Pune,411001,5,49,Blinkit,18.549830483352686,73.86394491060382
ORD003667,2026-06-22,Face Wash,Telangana,Hyderabad,500001,1,129,Swiggy Instamart,17.408692873008118,78.500654340822
ORD003668,2026-01-13,Protein Bar,Maharashtra,Mumbai,400050,4,149,Swiggy Instamart,19.062018020715556,72.83251407069781
ORD003669,2026-02-25,Face Wash,Telangana,Hyderabad,500001,1,129,Swiggy Instamart,17.384634199601233,78.46932195384153
ORD003670,2026-01-31,Protein Bar,Telangana,Hyderabad,500001,3,199,Zepto,17.385180472524684,78.49880674552541
ORD003671,2026-02-24,Shampoo,Maharashtra,Mumbai,400001,1,149,Zepto,19.070003600051788,72.88181952999062
ORD003672,2026-05-19,Face Wash,Maharashtra,Mumbai,400050,5,79,Zepto,19.068115910458932,72.82040319560687
ORD003673,2026-06-07,Coffee,Gujarat,Ahmedabad,380001,2,199,Blinkit,23.017986971356564,72.56122088509522
ORD003674,2026-04-06,Snacks,Maharashtra,Pune,411001,5,199,Zepto,18.512178343933105,73.84382394716347
ORD003675,2026-04-03,Shampoo,Maharashtra,Mumbai,400001,1,49,Zepto,19.06699551538622,72.89189455680798
ORD003676,2026-05-05,Coffee,Gujarat,Surat,395003,5,49,Swiggy Instamart,21.1610452297091,72.83236459219061
ORD003677,2026-04-12,Coffee,Maharashtra,Mumbai,400001,4,49,Zepto,19.070971312463293,72.88948865937037
ORD003678,2026-04-10,Snacks,Delhi,New Delhi,110001,4,299,Blinkit,28.627011622966037,77.21764069982139
ORD003679,2026-06-28,Energy Drink,Maharashtra,Mumbai,400001,4,149,Swiggy Instamart,19.079061345531027,72.87538940463159
ORD003680,2026-02-25,Snacks,Maharashtra,Thane,400601,2,149,Blinkit,19.206381252958085,72.99753528881122
ORD003681,2026-06-28,Face Wash,Telangana,Hyderabad,500001,2,49,Zepto,17.377403269822477,78.49333646347033
ORD003682,2026-05-06,Shampoo,Gujarat,Surat,395003,4,99,Blinkit,21.180795655726236,72.82554719503095
ORD003683,2026-01-03,Energy Drink,Gujarat,Ahmedabad,380001,2,199,Zepto,23.03288012527316,72.57904213203338
ORD003684,2026-05-07,Energy Drink,Maharashtra,Mumbai,400050,4,199,Blinkit,19.076879638353816,72.82480653533572
ORD003685,2026-04-11,Energy Drink,Maharashtra,Thane,400601,3,79,Blinkit,19.2054413598272,72.97304510244555
ORD003686,2026-03-07,Energy Drink,Delhi,New Delhi,110001,5,49,Swiggy Instamart,28.615988535425345,77.20958212727085
ORD003687,2026-06-19,Coffee,Maharashtra,Thane,400601,2,129,Zepto,19.214365621037253,72.95900802541023
ORD003688,2026-03-26,Protein Bar,Maharashtra,Nashik,422001,1,49,Swiggy Instamart,20.01060482996129,73.79942344479083
ORD003689,2026-05-27,Protein Bar,Maharashtra,Mumbai,400001,4,49,Blinkit,19.08064251238123,72.88379135519054
ORD003690,2026-01-02,Snacks,Maharashtra,Pune,411001,5,249,Swiggy Instamart,18.52612445306155,73.86067046669882
ORD003691,2026-03-04,Protein Bar,Maharashtra,Nashik,422001,2,79,Zepto,20.01521665966868,73.78365373681186
ORD003692,2026-04-11,Shampoo,Gujarat,Surat,395003,2,99,Swiggy Instamart,21.16707322830347,72.82314011089991
ORD003693,2026-03-14,Snacks,Maharashtra,Mumbai,400001,3,299,Blinkit,19.073510263447194,72.88084129496451
ORD003694,2026-05-23,Coffee,Telangana,Hyderabad,500001,4,199,Swiggy Instamart,17.381839170388773,78.48984338683131
ORD003695,2026-01-23,Energy Drink,Maharashtra,Thane,400601,5,249,Blinkit,19.222691501337003,72.9864317943127
ORD003696,2026-04-12,Protein Bar,Maharashtra,Thane,400601,2,129,Blinkit,19.23112794968839,72.97888007418479
ORD003697,2026-01-03,Snacks,Maharashtra,Thane,400601,2,299,Blinkit,19.205222234348522,72.97464895903181
ORD003698,2026-05-14,Energy Drink,Gujarat,Ahmedabad,380001,1,149,Blinkit,23.022940625674067,72.55304231243822
ORD003699,2026-01-07,Snacks,Karnataka,Bengaluru,560001,5,99,Zepto,12.985486645201025,77.5960237791251
ORD003700,2026-01-30,Protein Bar,Karnataka,Bengaluru,560001,3,99,Zepto,12.975413528345804,77.60825526462526
ORD003701,2026-01-02,Energy Drink,Delhi,New Delhi,110001,2,249,Swiggy Instamart,28.607598571698578,77.21474041930884
ORD003702,2026-01-26,Snacks,Maharashtra,Thane,400601,5,99,Zepto,19.21720135876898,72.97625913132984
ORD003703,2026-05-15,Protein Bar,Gujarat,Ahmedabad,380001,5,299,Swiggy Instamart,23.014778076121956,72.58805603213686
ORD003704,2026-06-25,Face Wash,Maharashtra,Mumbai,400001,5,79,Blinkit,19.072244999599246,72.88469464246896
ORD003705,2026-01-29,Coffee,Maharashtra,Mumbai,400050,4,129,Swiggy Instamart,19.04084992612528,72.84129988529689
ORD003706,2026-03-27,Coffee,Gujarat,Ahmedabad,380001,5,79,Swiggy Instamart,23.03302211155957,72.57237434110297
ORD003707,2026-03-22,Coffee,Telangana,Hyderabad,500001,4,299,Zepto,17.382730575338623,78.49070000005614
ORD003708,2026-04-08,Coffee,Maharashtra,Mumbai,400050,5,49,Swiggy Instamart,19.0824879066088,72.81186763301096
ORD003709,2026-03-28,Energy Drink,Maharashtra,Mumbai,400001,4,129,Zepto,19.08382027387574,72.86858382697847
ORD003710,2026-04-07,Coffee,Delhi,New Delhi,110001,2,299,Zepto,28.613700816037003,77.20652119880921
ORD003711,2026-03-12,Face Wash,Delhi,New Delhi,110001,3,49,Swiggy Instamart,28.609616817422022,77.20889534870948
ORD003712,2026-05-12,Energy Drink,Maharashtra,Mumbai,400050,2,299,Zepto,19.04825828854722,72.83979180436127
ORD003713,2026-01-14,Energy Drink,Maharashtra,Mumbai,400001,5,129,Swiggy Instamart,19.058058564888015,72.88309764512829
ORD003714,2026-05-18,Energy Drink,Maharashtra,Nashik,422001,2,99,Swiggy Instamart,20.002634641474653,73.76799075106193
ORD003715,2026-01-16,Face Wash,Maharashtra,Thane,400601,1,149,Blinkit,19.220323833705987,72.96253048913293
ORD003716,2026-03-13,Snacks,Karnataka,Bengaluru,560001,2,99,Swiggy Instamart,12.971997138217198,77.58037123092188
ORD003717,2026-01-29,Protein Bar,Delhi,New Delhi,110001,4,199,Swiggy Instamart,28.618512720843178,77.1997564266637
ORD003718,2026-02-20,Snacks,Telangana,Hyderabad,500001,1,99,Swiggy Instamart,17.380490059829707,78.48963949387944
ORD003719,2026-02-02,Protein Bar,Maharashtra,Mumbai,400001,2,49,Blinkit,19.068274578881578,72.87712036000332
ORD003720,2026-02-26,Energy Drink,Maharashtra,Thane,400601,2,299,Blinkit,19.20316169498755,72.98440875603596
ORD003721,2026-02-02,Snacks,Gujarat,Ahmedabad,380001,1,129,Blinkit,23.040149138055508,72.5993220886791
ORD003722,2026-01-11,Energy Drink,Maharashtra,Pune,411001,5,79,Blinkit,18.521311681466663,73.86458204140797
ORD003723,2026-01-13,Shampoo,Gujarat,Ahmedabad,380001,3,249,Zepto,23.004693743270927,72.58642734326305
ORD003724,2026-06-24,Protein Bar,Maharashtra,Mumbai,400001,3,129,Blinkit,19.083762285047243,72.87286066555049
ORD003725,2026-04-28,Face Wash,Karnataka,Bengaluru,560001,4,79,Swiggy Instamart,12.98397180800289,77.59205523923355
ORD003726,2026-02-27,Energy Drink,Delhi,New Delhi,110001,1,49,Swiggy Instamart,28.609319748169856,77.21375334925428
ORD003727,2026-06-03,Protein Bar,Maharashtra,Thane,400601,4,79,Blinkit,19.207666455001696,72.988316247644
ORD003728,2026-04-07,Coffee,Maharashtra,Nashik,422001,1,99,Swiggy Instamart,19.995340101880732,73.76919945210177
ORD003729,2026-02-25,Protein Bar,Delhi,New Delhi,110001,1,149,Zepto,28.604803102115916,77.21659500037516
ORD003730,2026-03-12,Protein Bar,Delhi,New Delhi,110001,5,249,Blinkit,28.607732246384803,77.19552004215633
ORD003731,2026-02-08,Coffee,Maharashtra,Thane,400601,1,129,Zepto,19.212243200000643,72.97777957629319
ORD003732,2026-05-05,Protein Bar,Gujarat,Surat,395003,5,49,Blinkit,21.158390275163356,72.81958318890966
ORD003733,2026-05-23,Face Wash,Gujarat,Surat,395003,4,249,Blinkit,21.191312963340998,72.82249434596187
ORD003734,2026-04-09,Energy Drink,Maharashtra,Mumbai,400001,4,99,Zepto,19.07276957631227,72.87402762999201
ORD003735,2026-05-12,Shampoo,Telangana,Hyderabad,500001,3,199,Zepto,17.380786431922296,78.49291346739969
ORD003736,2026-05-29,Face Wash,Maharashtra,Nashik,422001,3,149,Swiggy Instamart,20.01538142950472,73.77664045568469
ORD003737,2026-04-23,Shampoo,Maharashtra,Mumbai,400001,4,129,Swiggy Instamart,19.063635217134077,72.89044440227849
ORD003738,2026-06-04,Energy Drink,Maharashtra,Nashik,422001,2,249,Blinkit,20.004946589088032,73.79700321814857
ORD003739,2026-03-19,Snacks,Maharashtra,Mumbai,400001,5,249,Zepto,19.05354414102435,72.87965403221284
ORD003740,2026-02-18,Energy Drink,Karnataka,Bengaluru,560001,2,249,Zepto,12.990786063338762,77.59106735864562
ORD003741,2026-01-31,Protein Bar,Gujarat,Surat,395003,3,99,Blinkit,21.167945065766656,72.8340551169159
ORD003742,2026-04-16,Snacks,Maharashtra,Pune,411001,2,199,Swiggy Instamart,18.514812041811147,73.85357928067948
ORD003743,2026-06-28,Face Wash,Delhi,New Delhi,110001,3,99,Zepto,28.610521849058088,77.20272579265574
ORD003744,2026-05-12,Snacks,Delhi,New Delhi,110001,1,299,Swiggy Instamart,28.626188565502005,77.21361078032297
ORD003745,2026-01-26,Snacks,Telangana,Hyderabad,500001,5,249,Zepto,17.387506282321034,78.4947857100689
ORD003746,2026-03-21,Snacks,Maharashtra,Pune,411001,1,249,Blinkit,18.517756441667963,73.84895796181648
ORD003747,2026-02-21,Coffee,Maharashtra,Pune,411001,3,129,Zepto,18.51437375695385,73.85671783041104
ORD003748,2026-04-28,Energy Drink,Maharashtra,Nashik,422001,3,49,Blinkit,19.995307882916272,73.77469738983415
ORD003749,2026-03-02,Energy Drink,Delhi,New Delhi,110001,2,149,Zepto,28.608738833581288,77.2302455622983
ORD003750,2026-06-26,Energy Drink,Maharashtra,Mumbai,400001,1,79,Swiggy Instamart,19.04826185060066,72.87590380278594
ORD003751,2026-06-21,Coffee,Gujarat,Ahmedabad,380001,4,249,Zepto,23.03975693792815,72.57261844464132
ORD003752,2026-03-10,Face Wash,Gujarat,Ahmedabad,380001,4,249,Swiggy Instamart,23.03003417473421,72.572398263151
ORD003753,2026-06-22,Face Wash,Telangana,Hyderabad,500001,4,199,Blinkit,17.378326666187835,78.46428084065491
ORD003754,2026-05-31,Snacks,Gujarat,Surat,395003,3,199,Zepto,21.172254556870364,72.82334393395398
ORD003755,2026-03-03,Shampoo,Gujarat,Ahmedabad,380001,3,299,Blinkit,23.014496645938348,72.56641012744021
ORD003756,2026-04-09,Snacks,Gujarat,Surat,395003,5,249,Zepto,21.187648614066237,72.85514837542254
ORD003757,2026-02-23,Face Wash,Gujarat,Surat,395003,2,79,Zepto,21.172372079375286,72.82645232776089
ORD003758,2026-03-15,Face Wash,Gujarat,Ahmedabad,380001,1,49,Swiggy Instamart,23.01072773582549,72.57608540161546
ORD003759,2026-06-08,Face Wash,Gujarat,Ahmedabad,380001,5,79,Blinkit,23.04032905600065,72.56892659612974
ORD003760,2026-04-13,Coffee,Maharashtra,Thane,400601,2,199,Blinkit,19.194510039592465,72.98480049671815
ORD003761,2026-04-08,Shampoo,Telangana,Hyderabad,500001,3,299,Zepto,17.394853997114502,78.47084154359614
ORD003762,2026-03-03,Protein Bar,Maharashtra,Mumbai,400050,4,149,Zepto,19.061364841836628,72.83401226016136
ORD003763,2026-04-05,Snacks,Maharashtra,Pune,411001,5,79,Blinkit,18.51966892697991,73.84879229080914
ORD003764,2026-04-09,Protein Bar,Maharashtra,Thane,400601,3,49,Swiggy Instamart,19.228459372235633,72.97406620254031
ORD003765,2026-06-16,Coffee,Maharashtra,Nashik,422001,5,129,Zepto,19.991048138373,73.75920525514331
ORD003766,2026-04-17,Protein Bar,Maharashtra,Thane,400601,3,199,Blinkit,19.23090849519999,72.98426663976471
ORD003767,2026-01-15,Shampoo,Maharashtra,Pune,411001,5,249,Zepto,18.52127973547129,73.85229725363149
ORD003768,2026-02-27,Protein Bar,Karnataka,Bengaluru,560001,1,49,Swiggy Instamart,12.96631001585797,77.58384263351559
ORD003769,2026-05-07,Coffee,Maharashtra,Mumbai,400050,3,99,Zepto,19.0552854435544,72.8082991278488
ORD003770,2026-01-21,Face Wash,Maharashtra,Mumbai,400050,5,299,Zepto,19.052239363465315,72.82639062483649
ORD003771,2026-03-13,Face Wash,Delhi,New Delhi,110001,2,129,Blinkit,28.619998800471905,77.20860073536628
ORD003772,2026-02-15,Shampoo,Maharashtra,Nashik,422001,5,299,Blinkit,20.013849231138757,73.79319135105114
ORD003773,2026-06-24,Snacks,Maharashtra,Nashik,422001,4,49,Zepto,20.016481700938243,73.7844050984738
ORD003774,2026-02-19,Snacks,Karnataka,Bengaluru,560001,2,49,Swiggy Instamart,12.971718626791809,77.58479211991586
ORD003775,2026-04-16,Face Wash,Delhi,New Delhi,110001,2,129,Blinkit,28.621299440513795,77.22579747382221
ORD003776,2026-04-26,Energy Drink,Karnataka,Bengaluru,560001,5,249,Blinkit,12.975021060396505,77.61377259148426
ORD003777,2026-04-15,Energy Drink,Gujarat,Ahmedabad,380001,2,299,Zepto,23.00724428291939,72.5598583661522
ORD003778,2026-03-13,Protein Bar,Maharashtra,Mumbai,400050,1,199,Zepto,19.068152015077484,72.83214290210152
ORD003779,2026-05-18,Protein Bar,Karnataka,Bengaluru,560001,1,199,Blinkit,12.984737821765718,77.59444528359273
ORD003780,2026-06-18,Protein Bar,Delhi,New Delhi,110001,1,49,Zepto,28.605220245774717,77.20686406757795
ORD003781,2026-06-24,Energy Drink,Karnataka,Bengaluru,560001,2,79,Blinkit,12.956273160290763,77.58331409326902
ORD003782,2026-03-23,Shampoo,Maharashtra,Thane,400601,2,79,Blinkit,19.22802443997918,72.9868278741447
ORD003783,2026-06-04,Face Wash,Maharashtra,Mumbai,400001,2,79,Zepto,19.079630042848063,72.8604892247904
ORD003784,2026-05-16,Snacks,Gujarat,Surat,395003,1,299,Zepto,21.166615964244873,72.8188500011134
ORD003785,2026-02-20,Protein Bar,Maharashtra,Mumbai,400001,2,249,Swiggy Instamart,19.087765332537877,72.87186277866438
ORD003786,2026-03-31,Snacks,Gujarat,Ahmedabad,380001,2,249,Zepto,23.011642522892185,72.57169796165121
ORD003787,2026-06-03,Snacks,Maharashtra,Mumbai,400001,2,299,Zepto,19.069598455431656,72.89253743910204
ORD003788,2026-02-02,Snacks,Gujarat,Ahmedabad,380001,3,199,Swiggy Instamart,23.015151891024658,72.55740771740776
ORD003789,2026-03-02,Energy Drink,Maharashtra,Pune,411001,2,99,Swiggy Instamart,18.498870864842424,73.85639213497586
ORD003790,2026-02-28,Snacks,Karnataka,Bengaluru,560001,5,129,Swiggy Instamart,12.96598069886142,77.58031095393488
ORD003791,2026-06-05,Energy Drink,Telangana,Hyderabad,500001,1,149,Blinkit,17.39689226461256,78.49337245147429
ORD003792,2026-06-26,Snacks,Karnataka,Bengaluru,560001,2,199,Zepto,12.971317821210627,77.6082432624417
ORD003793,2026-02-28,Shampoo,Maharashtra,Thane,400601,4,79,Swiggy Instamart,19.224925360333984,72.96987144098482
ORD003794,2026-01-09,Shampoo,Gujarat,Ahmedabad,380001,4,79,Zepto,23.012107798360095,72.57957981544453
ORD003795,2026-04-28,Protein Bar,Delhi,New Delhi,110001,5,99,Blinkit,28.617863669564674,77.21069747767972
ORD003796,2026-05-08,Protein Bar,Telangana,Hyderabad,500001,5,99,Zepto,17.376535021971314,78.49277947567006
ORD003797,2026-01-10,Protein Bar,Gujarat,Surat,395003,1,299,Zepto,21.16264501116866,72.83008013345408
ORD003798,2026-04-12,Protein Bar,Maharashtra,Thane,400601,3,129,Swiggy Instamart,19.23276944146387,72.97149165764189
ORD003799,2026-06-11,Energy Drink,Delhi,New Delhi,110001,1,299,Swiggy Instamart,28.598170107429272,77.1984745280813
ORD003800,2026-03-09,Coffee,Gujarat,Surat,395003,3,249,Blinkit,21.180142988266876,72.83364731137381
ORD003801,2026-03-25,Shampoo,Maharashtra,Pune,411001,3,99,Zepto,18.519111226213113,73.85160906194689
ORD003802,2026-02-25,Snacks,Maharashtra,Pune,411001,2,99,Zepto,18.52525359907553,73.84820895149011
ORD003803,2026-01-05,Snacks,Delhi,New Delhi,110001,1,149,Blinkit,28.616956655686426,77.20168745431188
ORD003804,2026-03-30,Coffee,Maharashtra,Thane,400601,5,99,Swiggy Instamart,19.20932340614725,72.97172512565174
ORD003805,2026-02-15,Snacks,Maharashtra,Thane,400601,3,249,Zepto,19.21454592553516,72.97761170164065
ORD003806,2026-02-16,Coffee,Gujarat,Surat,395003,3,129,Blinkit,21.172554557951113,72.79421634708572
ORD003807,2026-04-10,Energy Drink,Maharashtra,Mumbai,400001,4,129,Zepto,19.067923494422534,72.87378430022645
ORD003808,2026-05-17,Protein Bar,Maharashtra,Mumbai,400050,3,249,Swiggy Instamart,19.074650620386084,72.81869997391617
ORD003809,2026-03-12,Protein Bar,Karnataka,Bengaluru,560001,2,49,Blinkit,12.973227966181,77.60955030309736
ORD003810,2026-02-28,Coffee,Gujarat,Ahmedabad,380001,3,79,Swiggy Instamart,23.00937031470053,72.57533975225864
ORD003811,2026-03-24,Energy Drink,Delhi,New Delhi,110001,1,79,Zepto,28.605877281660657,77.2039536625771
ORD003812,2026-02-14,Shampoo,Gujarat,Surat,395003,1,149,Swiggy Instamart,21.162168891660468,72.82378142691584
ORD003813,2026-02-28,Coffee,Gujarat,Surat,395003,4,199,Blinkit,21.197419121479065,72.83954455872072
ORD003814,2026-03-22,Snacks,Maharashtra,Mumbai,400050,3,299,Zepto,19.07061737861786,72.83441993486836
ORD003815,2026-03-23,Face Wash,Gujarat,Ahmedabad,380001,5,79,Zepto,23.00643743211598,72.57534957970323
ORD003816,2026-04-05,Protein Bar,Maharashtra,Mumbai,400050,4,149,Zepto,19.070329296145072,72.8209660052596
ORD003817,2026-05-25,Snacks,Maharashtra,Mumbai,400050,3,199,Blinkit,19.069253266671613,72.83654336209854
ORD003818,2026-01-05,Coffee,Maharashtra,Nashik,422001,1,249,Swiggy Instamart,20.024420400448136,73.77552216987488
ORD003819,2026-06-01,Face Wash,Maharashtra,Pune,411001,4,299,Blinkit,18.509423890177242,73.85308371890628
ORD003820,2026-01-16,Shampoo,Maharashtra,Thane,400601,1,99,Zepto,19.232655709931635,72.95981594119158
ORD003821,2026-02-13,Shampoo,Maharashtra,Nashik,422001,2,49,Zepto,19.98521624284569,73.78059395278932
ORD003822,2026-06-16,Shampoo,Telangana,Hyderabad,500001,1,99,Swiggy Instamart,17.38057410707226,78.48677727893175
ORD003823,2026-02-08,Face Wash,Maharashtra,Mumbai,400050,1,129,Swiggy Instamart,19.069053117712357,72.8239743065388
ORD003824,2026-04-21,Coffee,Maharashtra,Pune,411001,4,299,Swiggy Instamart,18.501669941690693,73.87714481557201
ORD003825,2026-06-15,Shampoo,Telangana,Hyderabad,500001,4,49,Swiggy Instamart,17.375027717125615,78.47610962877988
ORD003826,2026-05-02,Energy Drink,Delhi,New Delhi,110001,1,99,Blinkit,28.62493720013723,77.20515510878958
ORD003827,2026-05-04,Energy Drink,Karnataka,Bengaluru,560001,1,99,Zepto,12.970966101479652,77.5994279012406
ORD003828,2026-06-16,Shampoo,Karnataka,Bengaluru,560001,1,299,Blinkit,12.9824358310311,77.59126539306818
ORD003829,2026-05-16,Coffee,Telangana,Hyderabad,500001,5,299,Swiggy Instamart,17.400199520059143,78.46534200151265
ORD003830,2026-04-18,Face Wash,Delhi,New Delhi,110001,2,129,Swiggy Instamart,28.62149787236953,77.20060472441983
ORD003831,2026-06-28,Snacks,Telangana,Hyderabad,500001,3,129,Zepto,17.39872271316608,78.48812044478831
ORD003832,2026-01-24,Snacks,Telangana,Hyderabad,500001,4,199,Blinkit,17.37827094667991,78.49332841093022
ORD003833,2026-01-08,Coffee,Maharashtra,Pune,411001,5,199,Zepto,18.52933188347207,73.86311894122859
ORD003834,2026-02-01,Energy Drink,Maharashtra,Pune,411001,1,99,Zepto,18.510103037603667,73.85185982876378
ORD003835,2026-01-18,Face Wash,Telangana,Hyderabad,500001,1,199,Blinkit,17.384959271628787,78.4862874034735
ORD003836,2026-03-11,Face Wash,Gujarat,Surat,395003,5,299,Blinkit,21.177697454754384,72.81095098767494
ORD003837,2026-01-02,Snacks,Karnataka,Bengaluru,560001,1,49,Zepto,12.974943270545536,77.59170018645564
ORD003838,2026-05-24,Shampoo,Gujarat,Surat,395003,4,149,Blinkit,21.161814993836163,72.8236751322223
ORD003839,2026-06-20,Shampoo,Delhi,New Delhi,110001,4,249,Blinkit,28.61175462335482,77.17298914895541
ORD003840,2026-04-25,Coffee,Telangana,Hyderabad,500001,4,149,Zepto,17.377987104292085,78.47794185175354
ORD003841,2026-02-21,Shampoo,Gujarat,Surat,395003,3,249,Swiggy Instamart,21.175527832093227,72.8230447331749
ORD003842,2026-03-07,Face Wash,Maharashtra,Mumbai,400001,1,49,Blinkit,19.073848861998297,72.89312276627662
ORD003843,2026-04-01,Face Wash,Maharashtra,Pune,411001,2,299,Zepto,18.530343515198155,73.86572271399943
ORD003844,2026-05-31,Snacks,Maharashtra,Mumbai,400001,4,149,Swiggy Instamart,19.07100127569589,72.8831303227929
ORD003845,2026-06-07,Energy Drink,Gujarat,Surat,395003,4,299,Zepto,21.167861021995467,72.82913906789324
ORD003846,2026-06-12,Coffee,Maharashtra,Mumbai,400050,3,99,Swiggy Instamart,19.063696853437467,72.82353006411579
ORD003847,2026-02-27,Face Wash,Gujarat,Surat,395003,2,49,Swiggy Instamart,21.185130031044434,72.82949869860403
ORD003848,2026-06-01,Shampoo,Gujarat,Ahmedabad,380001,1,99,Blinkit,23.028683605662597,72.58595600479256
ORD003849,2026-01-29,Energy Drink,Gujarat,Ahmedabad,380001,5,99,Blinkit,23.032816537745752,72.55731080897309
ORD003850,2026-06-22,Energy Drink,Gujarat,Surat,395003,4,149,Zepto,21.1746489589501,72.83960719394462
ORD003851,2026-03-22,Coffee,Maharashtra,Mumbai,400050,3,199,Swiggy Instamart,19.068518630221607,72.81836705165885
ORD003852,2026-03-31,Face Wash,Gujarat,Surat,395003,4,249,Zepto,21.16362964762983,72.84104558235742
ORD003853,2026-03-26,Face Wash,Maharashtra,Nashik,422001,3,129,Blinkit,19.998282396293174,73.77670303943336
ORD003854,2026-01-19,Face Wash,Maharashtra,Nashik,422001,5,79,Blinkit,20.021658758095022,73.77922200749616
ORD003855,2026-06-04,Coffee,Telangana,Hyderabad,500001,2,129,Swiggy Instamart,17.377732258621663,78.47792382643136
ORD003856,2026-03-12,Coffee,Maharashtra,Nashik,422001,4,149,Zepto,20.009227193295853,73.76636851991523
ORD003857,2026-03-11,Shampoo,Telangana,Hyderabad,500001,3,49,Swiggy Instamart,17.382526640361036,78.4900323053499
ORD003858,2026-02-13,Energy Drink,Delhi,New Delhi,110001,2,49,Swiggy Instamart,28.626891498205477,77.2156754808037
ORD003859,2026-05-09,Shampoo,Gujarat,Ahmedabad,380001,2,299,Swiggy Instamart,23.01535934882018,72.58318419317564
ORD003860,2026-05-28,Snacks,Maharashtra,Pune,411001,5,149,Zepto,18.517404849624523,73.8443429697795
ORD003861,2026-02-10,Protein Bar,Maharashtra,Pune,411001,1,299,Zepto,18.518679586407345,73.87108169201146
ORD003862,2026-06-26,Energy Drink,Maharashtra,Mumbai,400001,1,299,Zepto,19.07765240050065,72.87782521864331
ORD003863,2026-03-25,Face Wash,Karnataka,Bengaluru,560001,5,199,Zepto,12.987972116447029,77.58028645152946
ORD003864,2026-06-11,Snacks,Maharashtra,Nashik,422001,4,199,Blinkit,19.993044008859474,73.76354153529034
ORD003865,2026-05-30,Energy Drink,Karnataka,Bengaluru,560001,2,49,Zepto,12.975326481864801,77.59626493127115
ORD003866,2026-01-11,Face Wash,Maharashtra,Mumbai,400001,3,249,Blinkit,19.0914273636728,72.88013475077138
ORD003867,2026-01-17,Energy Drink,Gujarat,Surat,395003,5,129,Swiggy Instamart,21.166158428405208,72.83111794872879
ORD003868,2026-01-08,Energy Drink,Maharashtra,Mumbai,400001,3,79,Zepto,19.07717707418461,72.86098238726672
ORD003869,2026-02-22,Snacks,Maharashtra,Mumbai,400050,4,199,Blinkit,19.086703316443348,72.83469871018102
ORD003870,2026-05-16,Snacks,Gujarat,Ahmedabad,380001,5,249,Zepto,23.024600083080227,72.57755163984278
ORD003871,2026-05-30,Face Wash,Gujarat,Ahmedabad,380001,4,49,Swiggy Instamart,23.029594109805867,72.56999446514497
ORD003872,2026-01-21,Coffee,Gujarat,Surat,395003,5,129,Zepto,21.163887588637593,72.83709450686322
ORD003873,2026-04-03,Coffee,Maharashtra,Nashik,422001,3,129,Blinkit,20.009757108405314,73.77160109900912
ORD003874,2026-04-12,Shampoo,Gujarat,Ahmedabad,380001,2,79,Zepto,23.036690356113674,72.57433352036323
ORD003875,2026-05-19,Coffee,Maharashtra,Pune,411001,3,49,Zepto,18.527698193622676,73.8706192088768
ORD003876,2026-02-16,Energy Drink,Maharashtra,Nashik,422001,4,99,Swiggy Instamart,20.00611888821165,73.78286952006985
ORD003877,2026-01-09,Energy Drink,Maharashtra,Thane,400601,2,149,Blinkit,19.22640027238506,72.970851389162
ORD003878,2026-02-16,Face Wash,Maharashtra,Nashik,422001,4,129,Swiggy Instamart,20.006440516628462,73.78095548586651
ORD003879,2026-01-05,Face Wash,Maharashtra,Mumbai,400050,2,299,Swiggy Instamart,19.050039414483166,72.85267636788673
ORD003880,2026-04-17,Coffee,Telangana,Hyderabad,500001,4,49,Zepto,17.370927065565077,78.47371896096313
ORD003881,2026-06-16,Face Wash,Delhi,New Delhi,110001,2,149,Blinkit,28.627042265757037,77.21613266250797
ORD003882,2026-01-13,Energy Drink,Telangana,Hyderabad,500001,1,299,Blinkit,17.374740351825192,78.49277289015102
ORD003883,2026-01-17,Shampoo,Maharashtra,Nashik,422001,3,129,Zepto,20.020578504449972,73.77939736942403
ORD003884,2026-02-23,Face Wash,Maharashtra,Nashik,422001,1,99,Zepto,20.031888229000746,73.76245938189132
ORD003885,2026-04-04,Protein Bar,Delhi,New Delhi,110001,2,99,Swiggy Instamart,28.620838234538592,77.22066528336221
ORD003886,2026-03-13,Shampoo,Telangana,Hyderabad,500001,4,199,Zepto,17.393913439016053,78.48465644273354
ORD003887,2026-03-28,Snacks,Karnataka,Bengaluru,560001,2,129,Zepto,12.968695585179889,77.59904145171087
ORD003888,2026-05-14,Energy Drink,Maharashtra,Thane,400601,5,129,Zepto,19.22645754486652,72.98412473436282
ORD003889,2026-01-05,Energy Drink,Maharashtra,Thane,400601,3,249,Swiggy Instamart,19.228700578907933,72.96791130042934
ORD003890,2026-02-25,Energy Drink,Maharashtra,Mumbai,400050,1,129,Zepto,19.057322290208763,72.82009984067876
ORD003891,2026-02-20,Face Wash,Maharashtra,Pune,411001,4,299,Blinkit,18.51653887223914,73.86685220891815
ORD003892,2026-06-27,Protein Bar,Maharashtra,Mumbai,400050,4,299,Blinkit,19.060679839207253,72.8555685916315
ORD003893,2026-04-23,Shampoo,Maharashtra,Mumbai,400001,2,299,Swiggy Instamart,19.077934063671897,72.8782969188058
ORD003894,2026-03-30,Face Wash,Telangana,Hyderabad,500001,2,49,Zepto,17.386061829194404,78.48032191307139
ORD003895,2026-06-14,Face Wash,Maharashtra,Nashik,422001,2,49,Zepto,20.005321633876225,73.79097788027113
ORD003896,2026-03-01,Snacks,Maharashtra,Thane,400601,5,149,Blinkit,19.21943970668128,72.97016540270117
ORD003897,2026-03-02,Protein Bar,Maharashtra,Thane,400601,2,149,Swiggy Instamart,19.209049153795213,72.97359798108334
ORD003898,2026-01-12,Energy Drink,Maharashtra,Thane,400601,5,149,Blinkit,19.21903863434411,72.99003586535476
ORD003899,2026-05-29,Snacks,Maharashtra,Mumbai,400050,1,79,Blinkit,19.046195113586336,72.82630173722112
ORD003900,2026-02-11,Snacks,Maharashtra,Thane,400601,2,149,Zepto,19.21974310019435,72.9597629423237
ORD003901,2026-01-15,Shampoo,Gujarat,Ahmedabad,380001,4,149,Swiggy Instamart,23.014164017170337,72.56460111460264
ORD003902,2026-04-29,Snacks,Delhi,New Delhi,110001,1,299,Swiggy Instamart,28.605940296261497,77.21091889545022
ORD003903,2026-03-24,Face Wash,Karnataka,Bengaluru,560001,4,79,Swiggy Instamart,12.969994403904982,77.589047138974
ORD003904,2026-02-16,Face Wash,Telangana,Hyderabad,500001,1,249,Blinkit,17.389279626265527,78.50393074717645
ORD003905,2026-02-28,Coffee,Delhi,New Delhi,110001,4,99,Swiggy Instamart,28.63029256516742,77.18977228227938
ORD003906,2026-06-11,Energy Drink,Karnataka,Bengaluru,560001,3,79,Zepto,12.977370721838351,77.59281976709936
ORD003907,2026-03-23,Coffee,Maharashtra,Thane,400601,1,199,Blinkit,19.219851553428654,72.97411716966457
ORD003908,2026-05-17,Face Wash,Gujarat,Surat,395003,3,99,Zepto,21.171375886298872,72.83261407396073
ORD003909,2026-03-05,Snacks,Karnataka,Bengaluru,560001,2,299,Swiggy Instamart,12.96581048242651,77.58563632452174
ORD003910,2026-02-17,Protein Bar,Maharashtra,Mumbai,400050,2,79,Zepto,19.055113043173804,72.83184259264456
ORD003911,2026-01-31,Coffee,Maharashtra,Mumbai,400001,4,49,Zepto,19.08198996341684,72.8862334897734
ORD003912,2026-06-26,Coffee,Gujarat,Ahmedabad,380001,4,49,Swiggy Instamart,23.01755809976933,72.57423844567302
ORD003913,2026-04-27,Protein Bar,Maharashtra,Mumbai,400050,4,149,Swiggy Instamart,19.069225025919533,72.84115594895144
ORD003914,2026-06-11,Energy Drink,Maharashtra,Mumbai,400001,5,99,Blinkit,19.075411671458685,72.87549068275061
ORD003915,2026-05-31,Coffee,Maharashtra,Mumbai,400050,5,149,Swiggy Instamart,19.061511242338362,72.81800292527102
ORD003916,2026-02-15,Coffee,Gujarat,Ahmedabad,380001,3,79,Blinkit,23.020563904889645,72.57884586398472
ORD003917,2026-02-14,Energy Drink,Maharashtra,Mumbai,400050,2,299,Blinkit,19.066019471294435,72.82679732395636
ORD003918,2026-03-05,Energy Drink,Maharashtra,Nashik,422001,5,299,Zepto,20.008077182010872,73.7714534965971
ORD003919,2026-01-06,Face Wash,Maharashtra,Thane,400601,3,99,Zepto,19.22533492148225,72.97732178563864
ORD003920,2026-04-07,Energy Drink,Maharashtra,Mumbai,400050,4,199,Swiggy Instamart,19.05684048548304,72.82588276163906
ORD003921,2026-06-01,Snacks,Maharashtra,Nashik,422001,4,129,Zepto,20.005271061331,73.77522122355069
ORD003922,2026-06-27,Coffee,Maharashtra,Mumbai,400001,2,129,Blinkit,19.082581430360026,72.87374716451984
ORD003923,2026-03-19,Shampoo,Maharashtra,Nashik,422001,1,149,Swiggy Instamart,20.021829640960274,73.79435210503482
ORD003924,2026-05-08,Coffee,Delhi,New Delhi,110001,5,199,Zepto,28.604984565101457,77.2096970426943
ORD003925,2026-04-29,Protein Bar,Maharashtra,Nashik,422001,2,49,Blinkit,19.99939343378664,73.77643352436812
ORD003926,2026-06-24,Shampoo,Telangana,Hyderabad,500001,5,199,Zepto,17.40502427467645,78.48362428582884
ORD003927,2026-03-22,Energy Drink,Telangana,Hyderabad,500001,4,299,Blinkit,17.388602260370774,78.49211321294008
ORD003928,2026-06-29,Energy Drink,Telangana,Hyderabad,500001,4,249,Swiggy Instamart,17.37499370627517,78.4781490452559
ORD003929,2026-02-10,Coffee,Maharashtra,Pune,411001,3,249,Zepto,18.50833977628592,73.84784029266103
ORD003930,2026-02-17,Shampoo,Maharashtra,Nashik,422001,4,299,Blinkit,19.97739969890683,73.78514582400794
ORD003931,2026-02-10,Face Wash,Maharashtra,Thane,400601,5,99,Zepto,19.23884193841256,72.97957820739036
ORD003932,2026-01-21,Shampoo,Gujarat,Surat,395003,3,79,Zepto,21.156037311406596,72.82467223617101
ORD003933,2026-02-04,Protein Bar,Telangana,Hyderabad,500001,3,99,Zepto,17.38041123154975,78.47652415222787
ORD003934,2026-03-15,Protein Bar,Telangana,Hyderabad,500001,1,199,Blinkit,17.393601826383954,78.49480260044375
ORD003935,2026-01-11,Energy Drink,Maharashtra,Pune,411001,5,199,Blinkit,18.508845482061822,73.86395081044448
ORD003936,2026-04-13,Energy Drink,Telangana,Hyderabad,500001,4,129,Blinkit,17.400268126635773,78.50572558205229
ORD003937,2026-06-15,Shampoo,Maharashtra,Thane,400601,2,149,Swiggy Instamart,19.24695212023086,72.96908007350557
ORD003938,2026-01-11,Shampoo,Maharashtra,Thane,400601,4,79,Blinkit,19.24654220426395,72.9745579361149
ORD003939,2026-06-09,Coffee,Maharashtra,Nashik,422001,1,199,Zepto,19.999975345446195,73.78297072374879
ORD003940,2026-02-22,Snacks,Maharashtra,Pune,411001,1,129,Swiggy Instamart,18.51457938665907,73.86069044140648
ORD003941,2026-01-11,Protein Bar,Delhi,New Delhi,110001,3,129,Swiggy Instamart,28.60069922812263,77.20661247397936
ORD003942,2026-01-17,Snacks,Maharashtra,Thane,400601,1,99,Zepto,19.231155822343617,72.97752938708568
ORD003943,2026-02-14,Protein Bar,Maharashtra,Mumbai,400050,3,149,Swiggy Instamart,19.061015957867397,72.83425258604717
ORD003944,2026-04-06,Coffee,Maharashtra,Mumbai,400050,2,249,Swiggy Instamart,19.071306616293175,72.8129477528781
ORD003945,2026-05-18,Shampoo,Gujarat,Surat,395003,4,149,Zepto,21.176045240518377,72.82841860860759
ORD003946,2026-05-30,Protein Bar,Maharashtra,Mumbai,400050,5,199,Blinkit,19.061266378953118,72.84009950169762
ORD003947,2026-05-18,Protein Bar,Delhi,New Delhi,110001,4,149,Blinkit,28.601958133485883,77.19887355558558
ORD003948,2026-06-22,Protein Bar,Maharashtra,Thane,400601,1,249,Zepto,19.198945700402863,72.97260841058235
ORD003949,2026-05-09,Shampoo,Telangana,Hyderabad,500001,4,299,Zepto,17.39830432344379,78.48549412811526
ORD003950,2026-05-14,Face Wash,Gujarat,Ahmedabad,380001,4,249,Blinkit,23.009098751043453,72.56654321255425
ORD003951,2026-03-21,Snacks,Gujarat,Surat,395003,1,249,Swiggy Instamart,21.155321382965095,72.81984813898269
ORD003952,2026-02-25,Face Wash,Maharashtra,Thane,400601,2,79,Swiggy Instamart,19.222188189102635,72.96636126673694
ORD003953,2026-04-22,Energy Drink,Maharashtra,Thane,400601,2,79,Zepto,19.229426343052033,72.97738879709169
ORD003954,2026-01-05,Face Wash,Maharashtra,Thane,400601,1,49,Blinkit,19.219155947039443,72.97531627032392
ORD003955,2026-06-06,Face Wash,Maharashtra,Thane,400601,5,129,Zepto,19.226028478385437,72.98593159887777
ORD003956,2026-05-05,Coffee,Maharashtra,Nashik,422001,5,79,Zepto,20.009250543519123,73.78534789105908
ORD003957,2026-06-07,Shampoo,Karnataka,Bengaluru,560001,2,249,Swiggy Instamart,12.969479103300797,77.60002203006908
ORD003958,2026-06-02,Coffee,Telangana,Hyderabad,500001,3,79,Swiggy Instamart,17.381621222245265,78.48672231622162
ORD003959,2026-05-12,Snacks,Maharashtra,Thane,400601,2,79,Swiggy Instamart,19.215553562506337,72.97352781460681
ORD003960,2026-01-06,Protein Bar,Delhi,New Delhi,110001,2,249,Blinkit,28.607008882022782,77.2136769010386
ORD003961,2026-01-06,Snacks,Gujarat,Surat,395003,2,49,Zepto,21.183306059128135,72.8428110197167
ORD003962,2026-03-31,Energy Drink,Maharashtra,Mumbai,400001,2,199,Zepto,19.063434346640545,72.89059203051407
ORD003963,2026-04-12,Energy Drink,Delhi,New Delhi,110001,1,49,Blinkit,28.610718414983822,77.21500733015147
ORD003964,2026-03-25,Energy Drink,Maharashtra,Mumbai,400001,3,129,Swiggy Instamart,19.06693784667953,72.87911979913875
ORD003965,2026-05-21,Snacks,Maharashtra,Pune,411001,1,199,Swiggy Instamart,18.523537231828968,73.84185395208081
ORD003966,2026-04-17,Coffee,Maharashtra,Thane,400601,2,49,Zepto,19.22438267166344,72.99155935007838
ORD003967,2026-04-12,Coffee,Karnataka,Bengaluru,560001,4,99,Blinkit,12.969853520543184,77.60820168130827
ORD003968,2026-03-04,Energy Drink,Gujarat,Surat,395003,2,129,Swiggy Instamart,21.168303065065476,72.83959584531047
ORD003969,2026-04-09,Snacks,Telangana,Hyderabad,500001,2,129,Blinkit,17.362814300340492,78.51088777779313
ORD003970,2026-01-22,Coffee,Gujarat,Surat,395003,3,79,Swiggy Instamart,21.18515458245243,72.82825374495746
ORD003971,2026-04-14,Energy Drink,Delhi,New Delhi,110001,4,299,Zepto,28.594179109733563,77.21188028368306
ORD003972,2026-04-22,Coffee,Maharashtra,Pune,411001,3,79,Zepto,18.50596074452926,73.86114853537558
ORD003973,2026-02-18,Energy Drink,Maharashtra,Mumbai,400050,5,99,Zepto,19.063715657191644,72.82008596830998
ORD003974,2026-06-05,Energy Drink,Maharashtra,Pune,411001,1,129,Blinkit,18.531609670236143,73.86475574702807
ORD003975,2026-04-29,Snacks,Maharashtra,Thane,400601,5,79,Swiggy Instamart,19.228058233372884,72.97818857703669
ORD003976,2026-03-25,Snacks,Karnataka,Bengaluru,560001,1,249,Blinkit,12.957444759330864,77.60437872272212
ORD003977,2026-04-09,Protein Bar,Karnataka,Bengaluru,560001,1,249,Swiggy Instamart,12.968896286008643,77.58070219856808
ORD003978,2026-05-29,Energy Drink,Gujarat,Ahmedabad,380001,1,79,Swiggy Instamart,23.036020393659744,72.59239407520502
ORD003979,2026-03-05,Protein Bar,Maharashtra,Nashik,422001,5,99,Blinkit,20.005487518710208,73.80129121154604
ORD003980,2026-04-24,Shampoo,Telangana,Hyderabad,500001,1,299,Swiggy Instamart,17.385913147286114,78.48289544095833
ORD003981,2026-04-01,Coffee,Maharashtra,Mumbai,400050,4,129,Swiggy Instamart,19.053295415458145,72.84587082407992
ORD003982,2026-03-31,Snacks,Maharashtra,Nashik,422001,4,99,Swiggy Instamart,19.998098561186122,73.78705269309975
ORD003983,2026-02-08,Snacks,Maharashtra,Mumbai,400001,4,249,Blinkit,19.07040836164941,72.87309693237427
ORD003984,2026-05-17,Shampoo,Gujarat,Surat,395003,2,199,Swiggy Instamart,21.180502496939695,72.82729963153712
ORD003985,2026-02-05,Face Wash,Maharashtra,Mumbai,400050,4,129,Blinkit,19.055552046205797,72.84082804697175
ORD003986,2026-05-10,Coffee,Telangana,Hyderabad,500001,5,99,Blinkit,17.400973972932217,78.49314689803285
ORD003987,2026-02-27,Coffee,Gujarat,Ahmedabad,380001,3,249,Swiggy Instamart,23.01595230224376,72.56629391500702
ORD003988,2026-04-24,Snacks,Maharashtra,Mumbai,400001,3,99,Swiggy Instamart,19.076799152637403,72.88090930061927
ORD003989,2026-01-06,Shampoo,Telangana,Hyderabad,500001,3,299,Zepto,17.375121340898605,78.49393037939579
ORD003990,2026-04-16,Shampoo,Telangana,Hyderabad,500001,5,149,Zepto,17.3858551332964,78.46954291681362
ORD003991,2026-05-27,Coffee,Karnataka,Bengaluru,560001,4,299,Zepto,12.962310735175393,77.58955871326349
ORD003992,2026-01-01,Coffee,Delhi,New Delhi,110001,5,299,Blinkit,28.61317142311159,77.22789278795504
ORD003993,2026-03-07,Coffee,Karnataka,Bengaluru,560001,3,149,Blinkit,12.973981713061397,77.58619228110102
ORD003994,2026-01-20,Coffee,Maharashtra,Nashik,422001,2,149,Zepto,20.00810630804307,73.77617912252546
ORD003995,2026-04-29,Energy Drink,Gujarat,Surat,395003,3,299,Swiggy Instamart,21.173447582395337,72.83690567687036
ORD003996,2026-02-22,Shampoo,Gujarat,Ahmedabad,380001,5,79,Blinkit,23.03459230647224,72.5711571350433
ORD003997,2026-05-30,Coffee,Maharashtra,Nashik,422001,1,149,Blinkit,20.022289605275997,73.78878022662536
ORD003998,2026-01-03,Coffee,Gujarat,Ahmedabad,380001,2,249,Zepto,23.01542560455188,72.59349855665748
ORD003999,2026-02-13,Protein Bar,Gujarat,Ahmedabad,380001,1,99,Blinkit,23.0257699451327,72.56304875496028
ORD004000,2026-04-28,Protein Bar,Maharashtra,Thane,400601,4,249,Blinkit,19.234829130512303,72.99887777585198
ORD004001,2026-06-04,Protein Bar,Delhi,New Delhi,110001,1,99,Blinkit,28.613569747362806,77.20396349739624
ORD004002,2026-03-06,Face Wash,Delhi,New Delhi,110001,5,79,Zepto,28.612176250425463,77.21614731727519
ORD004003,2026-05-23,Coffee,Maharashtra,Mumbai,400001,5,129,Swiggy Instamart,19.088778566550307,72.88340487330863
ORD004004,2026-03-26,Shampoo,Maharashtra,Mumbai,400001,3,129,Swiggy Instamart,19.077017232084717,72.89268011770305
ORD004005,2026-05-02,Face Wash,Telangana,Hyderabad,500001,1,199,Blinkit,17.381871635269487,78.49700919338366
ORD004006,2026-01-04,Energy Drink,Maharashtra,Pune,411001,4,199,Zepto,18.517519372016487,73.86101022958012
ORD004007,2026-01-01,Energy Drink,Maharashtra,Mumbai,400001,1,199,Swiggy Instamart,19.074864374352096,72.87714147817347
ORD004008,2026-06-23,Shampoo,Gujarat,Surat,395003,1,199,Swiggy Instamart,21.16642613482538,72.84454854031182
ORD004009,2026-01-05,Face Wash,Maharashtra,Pune,411001,4,149,Zepto,18.513070739618914,73.84929767747451
ORD004010,2026-03-08,Coffee,Delhi,New Delhi,110001,2,299,Swiggy Instamart,28.635109935658452,77.21877847564654
ORD004011,2026-04-21,Shampoo,Maharashtra,Nashik,422001,5,49,Swiggy Instamart,19.98204886301307,73.7740474126079
ORD004012,2026-01-05,Snacks,Karnataka,Bengaluru,560001,1,299,Zepto,12.95348010662438,77.58509309306585
ORD004013,2026-06-14,Protein Bar,Gujarat,Surat,395003,1,79,Swiggy Instamart,21.13881485333766,72.82973010422306
ORD004014,2026-04-20,Face Wash,Maharashtra,Pune,411001,1,49,Zepto,18.508980581808384,73.85729905256797
ORD004015,2026-03-17,Face Wash,Maharashtra,Nashik,422001,3,99,Swiggy Instamart,19.989648787411173,73.78052911853173
ORD004016,2026-01-12,Shampoo,Telangana,Hyderabad,500001,4,149,Swiggy Instamart,17.380850837218798,78.50171952965188
ORD004017,2026-04-19,Coffee,Gujarat,Ahmedabad,380001,4,199,Zepto,23.036613568617458,72.5792534560301
ORD004018,2026-01-10,Shampoo,Maharashtra,Nashik,422001,2,99,Zepto,20.002633862193388,73.7995538039526
ORD004019,2026-03-30,Coffee,Gujarat,Ahmedabad,380001,5,249,Blinkit,23.006969647221602,72.55736441370436
ORD004020,2026-03-22,Shampoo,Maharashtra,Thane,400601,2,99,Zepto,19.21746216900111,73.00064038108921
ORD004021,2026-06-05,Protein Bar,Maharashtra,Mumbai,400050,3,129,Zepto,19.0575766109313,72.8276675475679
ORD004022,2026-04-23,Protein Bar,Maharashtra,Nashik,422001,3,299,Blinkit,19.991480896438883,73.78915929585271
ORD004023,2026-04-10,Face Wash,Karnataka,Bengaluru,560001,5,149,Swiggy Instamart,12.981131762543294,77.60249075201399
ORD004024,2026-04-06,Coffee,Gujarat,Ahmedabad,380001,2,249,Blinkit,23.016207793271526,72.56433293231626
ORD004025,2026-01-25,Energy Drink,Maharashtra,Thane,400601,5,129,Blinkit,19.20536877749595,72.97893872501761
ORD004026,2026-05-06,Protein Bar,Maharashtra,Mumbai,400001,2,149,Blinkit,19.065195926707215,72.86592583494752
ORD004027,2026-02-25,Protein Bar,Gujarat,Ahmedabad,380001,2,49,Zepto,23.018263092830892,72.56650843824815
ORD004028,2026-04-11,Energy Drink,Maharashtra,Pune,411001,2,79,Zepto,18.51502021471178,73.8613644459684
ORD004029,2026-03-02,Snacks,Karnataka,Bengaluru,560001,2,299,Blinkit,12.972390478021504,77.59171843969489
ORD004030,2026-04-19,Face Wash,Maharashtra,Thane,400601,5,129,Swiggy Instamart,19.220130129283113,72.96818472958896
ORD004031,2026-05-23,Face Wash,Gujarat,Ahmedabad,380001,3,199,Zepto,23.023552786239097,72.57290602492844
ORD004032,2026-05-30,Snacks,Maharashtra,Thane,400601,3,99,Swiggy Instamart,19.203269531406423,72.9880569375437
ORD004033,2026-02-05,Snacks,Gujarat,Ahmedabad,380001,3,79,Blinkit,23.01368566294773,72.57230309799206
ORD004034,2026-05-09,Face Wash,Maharashtra,Mumbai,400050,4,199,Swiggy Instamart,19.071244117405353,72.83875676757714
ORD004035,2026-04-25,Protein Bar,Maharashtra,Mumbai,400050,1,199,Zepto,19.059943333885688,72.82587500997117
ORD004036,2026-06-13,Protein Bar,Delhi,New Delhi,110001,3,149,Swiggy Instamart,28.623375119085757,77.2157469497781
ORD004037,2026-03-08,Shampoo,Maharashtra,Mumbai,400050,4,149,Blinkit,19.05341634979956,72.82155106352998
ORD004038,2026-02-28,Face Wash,Karnataka,Bengaluru,560001,2,199,Zepto,12.95087644818304,77.59614031841683
ORD004039,2026-04-23,Coffee,Maharashtra,Nashik,422001,3,79,Blinkit,20.005073022549816,73.79106191374643
ORD004040,2026-04-02,Coffee,Maharashtra,Mumbai,400050,3,299,Zepto,19.063190550934802,72.84284229194172
ORD004041,2026-03-16,Coffee,Maharashtra,Nashik,422001,2,49,Blinkit,19.99892635772084,73.79108150330968
ORD004042,2026-05-06,Coffee,Maharashtra,Pune,411001,5,49,Zepto,18.51511083620895,73.86447596061792
ORD004043,2026-02-01,Coffee,Maharashtra,Pune,411001,2,249,Zepto,18.50581241607469,73.85905135299366
ORD004044,2026-06-26,Energy Drink,Maharashtra,Mumbai,400050,2,99,Blinkit,19.03975312058554,72.82682862514058
ORD004045,2026-05-12,Shampoo,Maharashtra,Mumbai,400001,5,99,Swiggy Instamart,19.08040353993878,72.87249031448769
ORD004046,2026-04-01,Energy Drink,Maharashtra,Mumbai,400050,4,299,Zepto,19.04909562371244,72.83796118469296
ORD004047,2026-03-15,Coffee,Maharashtra,Mumbai,400001,4,99,Blinkit,19.07496537210153,72.8728042935297
ORD004048,2026-03-22,Energy Drink,Maharashtra,Mumbai,400050,1,299,Swiggy Instamart,19.060018959211543,72.85586669141945
ORD004049,2026-04-15,Face Wash,Maharashtra,Nashik,422001,2,199,Swiggy Instamart,20.017435028497815,73.79132573668188
ORD004050,2026-05-04,Coffee,Maharashtra,Pune,411001,1,79,Swiggy Instamart,18.524755463189923,73.85836485272577
ORD004051,2026-01-28,Face Wash,Telangana,Hyderabad,500001,4,299,Zepto,17.361039177116698,78.47991019653537
ORD004052,2026-03-13,Shampoo,Maharashtra,Nashik,422001,4,79,Swiggy Instamart,20.001094255867976,73.76095107935953
ORD004053,2026-04-24,Snacks,Karnataka,Bengaluru,560001,4,99,Swiggy Instamart,12.960025842097846,77.57479163529078
ORD004054,2026-05-31,Protein Bar,Gujarat,Surat,395003,3,129,Zepto,21.169816761643027,72.83928765970849
ORD004055,2026-02-04,Coffee,Gujarat,Surat,395003,5,149,Blinkit,21.181267745186243,72.8352478446208
ORD004056,2026-03-09,Face Wash,Gujarat,Surat,395003,1,49,Swiggy Instamart,21.160566036588015,72.8117793484148
ORD004057,2026-01-29,Protein Bar,Maharashtra,Mumbai,400001,5,199,Blinkit,19.058431313005986,72.86501017422746
ORD004058,2026-05-28,Protein Bar,Maharashtra,Pune,411001,5,129,Swiggy Instamart,18.511511403019643,73.85510251502009
ORD004059,2026-02-11,Protein Bar,Gujarat,Ahmedabad,380001,1,249,Swiggy Instamart,23.01235835781873,72.57478975893667
ORD004060,2026-03-16,Face Wash,Delhi,New Delhi,110001,2,149,Blinkit,28.611577264972006,77.20910545711742
ORD004061,2026-05-12,Coffee,Maharashtra,Nashik,422001,3,299,Swiggy Instamart,20.01730250552671,73.767897682658
ORD004062,2026-04-23,Energy Drink,Gujarat,Ahmedabad,380001,5,199,Blinkit,23.026687045782925,72.57126026771523
ORD004063,2026-06-12,Snacks,Gujarat,Ahmedabad,380001,5,199,Swiggy Instamart,23.019165137190303,72.58025256320866
ORD004064,2026-05-13,Snacks,Maharashtra,Thane,400601,1,49,Zepto,19.22709014154557,72.96863509204012
ORD004065,2026-01-19,Shampoo,Maharashtra,Thane,400601,5,299,Swiggy Instamart,19.21647839416142,72.98091211682583
ORD004066,2026-06-05,Snacks,Delhi,New Delhi,110001,1,99,Blinkit,28.611169932519775,77.21485021332288
ORD004067,2026-05-19,Energy Drink,Delhi,New Delhi,110001,5,299,Zepto,28.616711920179103,77.22732561240356
ORD004068,2026-01-04,Face Wash,Karnataka,Bengaluru,560001,5,149,Blinkit,12.956297208640702,77.59337564010252
ORD004069,2026-01-26,Face Wash,Gujarat,Ahmedabad,380001,2,249,Blinkit,23.013414974884878,72.57744107455439
ORD004070,2026-05-14,Shampoo,Maharashtra,Thane,400601,5,79,Zepto,19.202128281099544,72.98156312710225
ORD004071,2026-02-25,Snacks,Maharashtra,Thane,400601,1,129,Swiggy Instamart,19.211999515686514,72.97075838133878
ORD004072,2026-03-29,Shampoo,Delhi,New Delhi,110001,5,79,Zepto,28.599435017964595,77.204349240538
ORD004073,2026-03-04,Coffee,Telangana,Hyderabad,500001,4,79,Blinkit,17.39584500530291,78.4864481131647
ORD004074,2026-05-28,Protein Bar,Gujarat,Ahmedabad,380001,1,99,Zepto,23.028776804178747,72.58804641821966
ORD004075,2026-04-30,Coffee,Karnataka,Bengaluru,560001,1,199,Blinkit,12.974237555848227,77.58901200427938
ORD004076,2026-05-24,Shampoo,Maharashtra,Thane,400601,4,129,Zepto,19.222972522151828,72.97265703853685
ORD004077,2026-01-23,Snacks,Gujarat,Ahmedabad,380001,3,49,Swiggy Instamart,23.01745577316703,72.5562010720038
ORD004078,2026-01-04,Snacks,Karnataka,Bengaluru,560001,3,129,Zepto,12.980862574910844,77.5907399742435
ORD004079,2026-01-06,Snacks,Gujarat,Surat,395003,1,79,Swiggy Instamart,21.17202098245816,72.82074038071394
ORD004080,2026-05-30,Protein Bar,Maharashtra,Pune,411001,1,129,Swiggy Instamart,18.524759476297152,73.84908058761866
ORD004081,2026-05-27,Shampoo,Maharashtra,Thane,400601,3,99,Swiggy Instamart,19.21688291278298,72.9868782603124
ORD004082,2026-03-31,Protein Bar,Gujarat,Ahmedabad,380001,2,249,Zepto,23.030407593122327,72.57117969927482
ORD004083,2026-01-16,Snacks,Telangana,Hyderabad,500001,5,199,Swiggy Instamart,17.367318689672935,78.5166281057006
ORD004084,2026-05-09,Snacks,Maharashtra,Mumbai,400050,1,49,Blinkit,19.07705858970273,72.83672674824888
ORD004085,2026-01-16,Energy Drink,Gujarat,Ahmedabad,380001,3,129,Swiggy Instamart,23.01496796218409,72.57026407838298
ORD004086,2026-02-22,Shampoo,Karnataka,Bengaluru,560001,1,199,Swiggy Instamart,12.966165795702235,77.60723855939096
ORD004087,2026-05-08,Energy Drink,Delhi,New Delhi,110001,4,249,Zepto,28.61652502890852,77.2011583614164
ORD004088,2026-01-21,Energy Drink,Karnataka,Bengaluru,560001,3,249,Swiggy Instamart,12.966892449008753,77.6058118814257
ORD004089,2026-02-23,Face Wash,Maharashtra,Pune,411001,2,49,Swiggy Instamart,18.536400978468205,73.87198331563486
ORD004090,2026-06-10,Face Wash,Maharashtra,Mumbai,400001,5,199,Blinkit,19.08357032065054,72.87517375131198
ORD004091,2026-04-04,Snacks,Maharashtra,Mumbai,400050,3,299,Swiggy Instamart,19.027184861746708,72.83247160023808
ORD004092,2026-01-23,Snacks,Maharashtra,Pune,411001,3,249,Blinkit,18.520381712411556,73.85809982096322
ORD004093,2026-05-30,Shampoo,Maharashtra,Pune,411001,5,99,Blinkit,18.52093897347033,73.84343737838051
ORD004094,2026-01-30,Protein Bar,Gujarat,Ahmedabad,380001,4,149,Zepto,23.028074085568512,72.57772216314032
ORD004095,2026-06-23,Coffee,Gujarat,Surat,395003,1,99,Swiggy Instamart,21.177023387820597,72.84056577003574
ORD004096,2026-05-01,Shampoo,Maharashtra,Pune,411001,2,299,Zepto,18.526440516449213,73.85259970588461
ORD004097,2026-05-20,Coffee,Maharashtra,Thane,400601,4,249,Blinkit,19.21759163152084,72.97901124867253
ORD004098,2026-03-29,Energy Drink,Maharashtra,Mumbai,400001,3,99,Swiggy Instamart,19.077076994491065,72.88768217655972
ORD004099,2026-04-07,Face Wash,Maharashtra,Mumbai,400050,3,79,Swiggy Instamart,19.066036687530225,72.85027343439569
ORD004100,2026-01-20,Protein Bar,Gujarat,Surat,395003,1,299,Blinkit,21.192264689798847,72.83189649582614
ORD004101,2026-03-27,Coffee,Maharashtra,Pune,411001,3,249,Blinkit,18.482033444515405,73.86906832466127
ORD004102,2026-04-06,Protein Bar,Maharashtra,Mumbai,400001,1,129,Swiggy Instamart,19.07059623661013,72.8696851607817
ORD004103,2026-05-20,Protein Bar,Delhi,New Delhi,110001,2,299,Zepto,28.609915547250107,77.20453356953186
ORD004104,2026-03-09,Energy Drink,Maharashtra,Mumbai,400001,4,249,Zepto,19.082122698101056,72.86210564220875
ORD004105,2026-02-04,Coffee,Gujarat,Surat,395003,1,149,Swiggy Instamart,21.159422792542085,72.83453158554198
ORD004106,2026-06-23,Face Wash,Maharashtra,Nashik,422001,4,79,Swiggy Instamart,20.012129440304133,73.78611541644936
ORD004107,2026-02-28,Coffee,Telangana,Hyderabad,500001,3,129,Zepto,17.37712963721067,78.47691734350734
ORD004108,2026-04-16,Coffee,Telangana,Hyderabad,500001,1,249,Blinkit,17.37993365166212,78.48909872752284
ORD004109,2026-03-08,Snacks,Gujarat,Surat,395003,5,49,Swiggy Instamart,21.185054773692727,72.8106256281423
ORD004110,2026-02-14,Coffee,Maharashtra,Thane,400601,5,149,Swiggy Instamart,19.216092712430417,72.96477321558974
ORD004111,2026-04-27,Face Wash,Delhi,New Delhi,110001,3,199,Zepto,28.597377573226467,77.21866956645346
ORD004112,2026-03-26,Coffee,Maharashtra,Pune,411001,4,99,Blinkit,18.525846245744994,73.86119433515948
ORD004113,2026-04-27,Face Wash,Maharashtra,Mumbai,400050,2,49,Swiggy Instamart,19.06881025839731,72.82470281103234
ORD004114,2026-05-22,Coffee,Gujarat,Surat,395003,1,79,Blinkit,21.165873624836667,72.85295730616723
ORD004115,2026-01-09,Energy Drink,Maharashtra,Nashik,422001,3,129,Swiggy Instamart,20.003434289457406,73.78705132113055
ORD004116,2026-05-14,Protein Bar,Delhi,New Delhi,110001,5,299,Zepto,28.613963815409633,77.19051741469922
ORD004117,2026-05-01,Shampoo,Delhi,New Delhi,110001,3,129,Swiggy Instamart,28.593453709961988,77.2032101578006
ORD004118,2026-02-24,Shampoo,Maharashtra,Pune,411001,3,299,Blinkit,18.5309610125167,73.86458291656636
ORD004119,2026-03-06,Protein Bar,Maharashtra,Mumbai,400001,2,49,Swiggy Instamart,19.08514077164224,72.86782953821064
ORD004120,2026-06-09,Protein Bar,Maharashtra,Mumbai,400001,3,129,Swiggy Instamart,19.092158724901225,72.86805106699813
ORD004121,2026-01-06,Energy Drink,Gujarat,Surat,395003,5,99,Blinkit,21.1723282439867,72.83099647710092
ORD004122,2026-03-31,Face Wash,Maharashtra,Thane,400601,2,49,Blinkit,19.216561261796855,72.99148592138296
ORD004123,2026-06-17,Energy Drink,Maharashtra,Mumbai,400050,2,79,Swiggy Instamart,19.05254889479834,72.81600394744288
ORD004124,2026-06-17,Face Wash,Maharashtra,Mumbai,400001,4,299,Zepto,19.076199954862066,72.87370173265714
ORD004125,2026-03-10,Face Wash,Maharashtra,Mumbai,400001,1,49,Zepto,19.10977382919083,72.8844650747644
ORD004126,2026-06-26,Coffee,Karnataka,Bengaluru,560001,3,79,Swiggy Instamart,12.967506594247814,77.58403888430813
ORD004127,2026-02-10,Face Wash,Maharashtra,Pune,411001,3,129,Swiggy Instamart,18.50159711589431,73.84644780914263
ORD004128,2026-01-16,Coffee,Maharashtra,Mumbai,400050,4,149,Zepto,19.06074941771759,72.84377328651594
ORD004129,2026-02-06,Face Wash,Maharashtra,Thane,400601,5,299,Zepto,19.229516891423877,72.98039094831645
ORD004130,2026-05-23,Shampoo,Telangana,Hyderabad,500001,2,249,Blinkit,17.38176832334298,78.48938812356413
ORD004131,2026-04-15,Energy Drink,Telangana,Hyderabad,500001,2,99,Blinkit,17.379813620025157,78.50388363995764
ORD004132,2026-05-07,Face Wash,Maharashtra,Mumbai,400050,2,99,Blinkit,19.05770809818725,72.82863662141753
ORD004133,2026-03-09,Snacks,Maharashtra,Mumbai,400001,2,99,Blinkit,19.053841775749795,72.87574565153477
ORD004134,2026-01-28,Coffee,Maharashtra,Mumbai,400050,5,49,Zepto,19.06796484137965,72.81882277422962
ORD004135,2026-03-20,Shampoo,Maharashtra,Pune,411001,5,249,Zepto,18.51289279665507,73.86462711017734
ORD004136,2026-02-25,Protein Bar,Gujarat,Surat,395003,4,49,Zepto,21.15543342776482,72.84167801007543
ORD004137,2026-04-13,Shampoo,Delhi,New Delhi,110001,2,49,Zepto,28.60857856109827,77.2051143177951
ORD004138,2026-01-09,Coffee,Maharashtra,Mumbai,400001,3,129,Blinkit,19.064761215948746,72.88148046260429
ORD004139,2026-02-04,Protein Bar,Gujarat,Surat,395003,5,199,Zepto,21.194798719850294,72.83891497239462
ORD004140,2026-05-20,Coffee,Gujarat,Surat,395003,1,49,Blinkit,21.161557147380595,72.84245620585492
ORD004141,2026-05-02,Coffee,Karnataka,Bengaluru,560001,3,49,Zepto,12.968433204540657,77.60834484981427
ORD004142,2026-05-07,Energy Drink,Maharashtra,Mumbai,400050,2,199,Swiggy Instamart,19.06766676402164,72.80006858434528
ORD004143,2026-01-07,Shampoo,Maharashtra,Mumbai,400001,2,299,Zepto,19.06595920367045,72.88714385222836
ORD004144,2026-01-09,Snacks,Maharashtra,Pune,411001,4,99,Zepto,18.521916572721448,73.84646244052293
ORD004145,2026-01-28,Energy Drink,Maharashtra,Mumbai,400050,5,249,Swiggy Instamart,19.053264104845063,72.8104376337991
ORD004146,2026-05-11,Shampoo,Maharashtra,Mumbai,400001,1,249,Blinkit,19.075116267124738,72.89980689726016
ORD004147,2026-02-17,Protein Bar,Maharashtra,Thane,400601,1,149,Blinkit,19.226349333907322,73.00000417001188
ORD004148,2026-04-15,Protein Bar,Maharashtra,Nashik,422001,4,79,Swiggy Instamart,20.0147239708979,73.78997479343353
ORD004149,2026-05-21,Protein Bar,Maharashtra,Thane,400601,4,49,Blinkit,19.23804078687745,72.98187263259342
ORD004150,2026-03-20,Energy Drink,Maharashtra,Nashik,422001,4,49,Zepto,20.004027726784933,73.79002657516622
ORD004151,2026-03-19,Face Wash,Maharashtra,Pune,411001,2,99,Blinkit,18.534938402371218,73.85190035357289
ORD004152,2026-01-24,Snacks,Maharashtra,Thane,400601,4,49,Zepto,19.2110843091766,72.97948856032431
ORD004153,2026-02-16,Energy Drink,Gujarat,Ahmedabad,380001,5,149,Zepto,23.030814988669317,72.5793809104866
ORD004154,2026-06-20,Snacks,Maharashtra,Thane,400601,1,149,Blinkit,19.204058323998122,72.99721606067062
ORD004155,2026-05-02,Energy Drink,Karnataka,Bengaluru,560001,4,49,Zepto,12.965188350706033,77.59194935003111
ORD004156,2026-04-18,Snacks,Maharashtra,Thane,400601,3,199,Zepto,19.209273456400123,73.00508328835937
ORD004157,2026-02-03,Shampoo,Maharashtra,Pune,411001,4,79,Swiggy Instamart,18.522820706702877,73.8481902491932
ORD004158,2026-06-04,Face Wash,Karnataka,Bengaluru,560001,5,49,Swiggy Instamart,12.980239235499624,77.6022913577931
ORD004159,2026-03-11,Face Wash,Maharashtra,Thane,400601,3,199,Zepto,19.2164227297642,72.98650606712783
ORD004160,2026-01-10,Energy Drink,Gujarat,Surat,395003,1,79,Swiggy Instamart,21.16194708039169,72.82617081725051
ORD004161,2026-03-23,Coffee,Maharashtra,Mumbai,400050,5,79,Zepto,19.039497833454337,72.8162604891578
ORD004162,2026-05-19,Shampoo,Gujarat,Surat,395003,3,249,Blinkit,21.188276308056707,72.84751428627723
ORD004163,2026-05-23,Shampoo,Karnataka,Bengaluru,560001,5,249,Zepto,12.97225788648649,77.6112293144719
ORD004164,2026-04-29,Shampoo,Maharashtra,Pune,411001,1,49,Swiggy Instamart,18.518799255133917,73.85426589697433
ORD004165,2026-03-10,Face Wash,Delhi,New Delhi,110001,4,149,Zepto,28.614465106484655,77.20775078404677
ORD004166,2026-03-01,Shampoo,Delhi,New Delhi,110001,5,79,Swiggy Instamart,28.6117480367644,77.2204339810715
ORD004167,2026-05-27,Protein Bar,Maharashtra,Mumbai,400050,4,149,Swiggy Instamart,19.061101356539563,72.83662481764433
ORD004168,2026-02-03,Protein Bar,Telangana,Hyderabad,500001,4,149,Zepto,17.395313805252776,78.49058185795654
ORD004169,2026-04-14,Coffee,Maharashtra,Mumbai,400001,5,129,Blinkit,19.06629728674092,72.86417134111036
ORD004170,2026-06-10,Energy Drink,Telangana,Hyderabad,500001,2,199,Zepto,17.386487806348075,78.48498743695176
ORD004171,2026-05-19,Face Wash,Maharashtra,Nashik,422001,5,249,Blinkit,20.0067739142892,73.77953945960752
ORD004172,2026-01-11,Coffee,Karnataka,Bengaluru,560001,2,79,Zepto,12.997435736601666,77.58129773744359
ORD004173,2026-05-16,Shampoo,Telangana,Hyderabad,500001,3,149,Blinkit,17.36510053730179,78.49002376833519
ORD004174,2026-02-07,Snacks,Maharashtra,Thane,400601,1,99,Zepto,19.214535774454117,72.9812606786973
ORD004175,2026-02-21,Snacks,Maharashtra,Thane,400601,4,99,Zepto,19.224138830222838,72.99094104695179
ORD004176,2026-03-26,Protein Bar,Gujarat,Ahmedabad,380001,2,129,Zepto,23.00742774179616,72.56583282102143
ORD004177,2026-01-06,Protein Bar,Maharashtra,Mumbai,400001,5,249,Zepto,19.08028761258881,72.88540463595687
ORD004178,2026-04-14,Shampoo,Maharashtra,Nashik,422001,2,79,Swiggy Instamart,20.027834495502884,73.78925703971115
ORD004179,2026-01-01,Coffee,Maharashtra,Mumbai,400001,5,79,Zepto,19.07543211404114,72.86879564247057
ORD004180,2026-01-31,Shampoo,Maharashtra,Nashik,422001,1,49,Swiggy Instamart,20.000257101472812,73.77377297177044
ORD004181,2026-04-09,Coffee,Maharashtra,Mumbai,400050,2,129,Zepto,19.066152336285136,72.83206997445585
ORD004182,2026-02-21,Shampoo,Karnataka,Bengaluru,560001,5,299,Swiggy Instamart,12.95836350429158,77.5902409853091
ORD004183,2026-01-12,Shampoo,Telangana,Hyderabad,500001,1,199,Blinkit,17.393775475534515,78.49021662354974
ORD004184,2026-01-22,Coffee,Delhi,New Delhi,110001,4,299,Blinkit,28.619586446160127,77.21282921710058
ORD004185,2026-03-04,Protein Bar,Gujarat,Surat,395003,1,49,Swiggy Instamart,21.18646430734609,72.83346043063825
ORD004186,2026-05-12,Face Wash,Telangana,Hyderabad,500001,2,129,Blinkit,17.381139772021296,78.47754244958867
ORD004187,2026-01-25,Snacks,Maharashtra,Mumbai,400050,2,299,Zepto,19.062096094582095,72.80509295985225
ORD004188,2026-05-14,Protein Bar,Maharashtra,Mumbai,400050,3,79,Swiggy Instamart,19.057757109981672,72.82744160140078
ORD004189,2026-05-23,Snacks,Telangana,Hyderabad,500001,3,149,Blinkit,17.37135529146383,78.47741734161345
ORD004190,2026-02-06,Coffee,Delhi,New Delhi,110001,3,99,Zepto,28.621996575301484,77.21130711749075
ORD004191,2026-06-12,Face Wash,Maharashtra,Pune,411001,1,79,Blinkit,18.521417883337072,73.85976347533932
ORD004192,2026-03-24,Energy Drink,Maharashtra,Pune,411001,3,249,Blinkit,18.52132627587949,73.86912862562859
ORD004193,2026-04-25,Face Wash,Maharashtra,Mumbai,400001,4,149,Blinkit,19.077234291817035,72.86311786886182
ORD004194,2026-03-11,Shampoo,Telangana,Hyderabad,500001,4,299,Zepto,17.401301299648747,78.4904034026733
ORD004195,2026-01-25,Protein Bar,Maharashtra,Mumbai,400001,5,99,Blinkit,19.07010746269205,72.86516598281706
ORD004196,2026-02-05,Snacks,Maharashtra,Mumbai,400001,5,79,Swiggy Instamart,19.07995914220958,72.87652827995026
ORD004197,2026-02-08,Energy Drink,Delhi,New Delhi,110001,2,299,Swiggy Instamart,28.629641467860324,77.20554092719334
ORD004198,2026-01-01,Energy Drink,Maharashtra,Nashik,422001,4,99,Zepto,19.997526192103177,73.78865796218237
ORD004199,2026-03-30,Coffee,Delhi,New Delhi,110001,1,299,Blinkit,28.62315281892717,77.21068651367611
ORD004200,2026-02-04,Shampoo,Gujarat,Ahmedabad,380001,2,199,Swiggy Instamart,23.02926357047675,72.57102312879258
ORD004201,2026-04-16,Face Wash,Maharashtra,Pune,411001,2,129,Blinkit,18.52273865101009,73.86834990882565
ORD004202,2026-01-05,Protein Bar,Karnataka,Bengaluru,560001,3,79,Zepto,12.977853183340216,77.59290725561668
ORD004203,2026-01-25,Coffee,Telangana,Hyderabad,500001,2,199,Zepto,17.398523625459262,78.46305144627209
ORD004204,2026-01-30,Snacks,Delhi,New Delhi,110001,4,79,Swiggy Instamart,28.63442073311422,77.1919404090511
ORD004205,2026-06-11,Face Wash,Maharashtra,Thane,400601,3,49,Blinkit,19.212029071752276,72.97769082464805
ORD004206,2026-01-30,Protein Bar,Gujarat,Surat,395003,1,299,Swiggy Instamart,21.16873519329272,72.84116411040027
ORD004207,2026-02-26,Protein Bar,Maharashtra,Thane,400601,3,249,Blinkit,19.207721633813897,72.98070766817483
ORD004208,2026-01-14,Protein Bar,Maharashtra,Mumbai,400001,2,129,Swiggy Instamart,19.070217879017804,72.88065140979337
ORD004209,2026-04-28,Protein Bar,Maharashtra,Thane,400601,1,79,Swiggy Instamart,19.21765227740202,72.97902935652682
ORD004210,2026-02-21,Energy Drink,Maharashtra,Thane,400601,5,249,Zepto,19.212800751675356,72.97299936049903
ORD004211,2026-01-23,Energy Drink,Gujarat,Ahmedabad,380001,1,149,Swiggy Instamart,23.025372725140276,72.58083715505755
ORD004212,2026-01-03,Shampoo,Gujarat,Ahmedabad,380001,4,249,Blinkit,23.016517206658023,72.56271232455427
ORD004213,2026-03-08,Face Wash,Maharashtra,Pune,411001,4,49,Blinkit,18.526534601656717,73.85637496106942
ORD004214,2026-02-06,Shampoo,Maharashtra,Thane,400601,4,129,Swiggy Instamart,19.226604981339857,72.96904202786628
ORD004215,2026-04-09,Protein Bar,Maharashtra,Nashik,422001,1,79,Blinkit,19.988105610745766,73.77436995918174
ORD004216,2026-01-02,Face Wash,Maharashtra,Pune,411001,4,129,Swiggy Instamart,18.51273647390735,73.8559121159992
ORD004217,2026-05-06,Energy Drink,Maharashtra,Nashik,422001,3,129,Blinkit,19.999531547857295,73.78711016951337
ORD004218,2026-04-18,Protein Bar,Delhi,New Delhi,110001,4,249,Swiggy Instamart,28.611018497375778,77.21050474498774
ORD004219,2026-02-11,Face Wash,Maharashtra,Thane,400601,1,99,Blinkit,19.21987634558441,72.98004955092412
ORD004220,2026-04-11,Shampoo,Maharashtra,Thane,400601,1,249,Blinkit,19.218058708895448,72.9832060069041
ORD004221,2026-03-31,Snacks,Gujarat,Surat,395003,4,99,Zepto,21.162243448661744,72.84509417926654
ORD004222,2026-01-20,Coffee,Maharashtra,Nashik,422001,4,249,Swiggy Instamart,20.003534626166314,73.76658450862102
ORD004223,2026-05-11,Face Wash,Karnataka,Bengaluru,560001,5,149,Blinkit,12.973480733569918,77.58608819517552
ORD004224,2026-01-21,Snacks,Karnataka,Bengaluru,560001,2,49,Swiggy Instamart,12.97825334534509,77.61669605576043
ORD004225,2026-04-03,Protein Bar,Maharashtra,Pune,411001,1,249,Zepto,18.51253427908442,73.86002372333225
ORD004226,2026-03-19,Coffee,Delhi,New Delhi,110001,5,299,Blinkit,28.596344944112953,77.21353905229442
ORD004227,2026-02-02,Energy Drink,Maharashtra,Thane,400601,3,149,Zepto,19.209442862002003,72.97185165381565
ORD004228,2026-01-14,Face Wash,Maharashtra,Nashik,422001,4,249,Swiggy Instamart,19.994887135101603,73.78702151226055
ORD004229,2026-01-29,Energy Drink,Maharashtra,Thane,400601,1,199,Swiggy Instamart,19.22837304357473,72.97833385214658
ORD004230,2026-03-06,Coffee,Gujarat,Surat,395003,3,99,Blinkit,21.161555732946645,72.84699523036105
ORD004231,2026-05-28,Energy Drink,Maharashtra,Nashik,422001,1,249,Swiggy Instamart,19.998395898722453,73.75807967700074
ORD004232,2026-03-14,Snacks,Maharashtra,Nashik,422001,1,79,Zepto,20.01048389009957,73.7686522532636
ORD004233,2026-05-07,Energy Drink,Telangana,Hyderabad,500001,5,79,Swiggy Instamart,17.394886087934992,78.48288862303326
ORD004234,2026-04-29,Energy Drink,Maharashtra,Thane,400601,1,249,Zepto,19.22433713240544,72.99211500346551
ORD004235,2026-02-27,Face Wash,Maharashtra,Nashik,422001,5,149,Swiggy Instamart,19.993811411353793,73.77404062869108
ORD004236,2026-02-15,Snacks,Delhi,New Delhi,110001,1,149,Swiggy Instamart,28.61314328927343,77.22437551319035
ORD004237,2026-05-18,Protein Bar,Gujarat,Surat,395003,4,249,Blinkit,21.163616172820596,72.82515496304052
ORD004238,2026-03-30,Protein Bar,Maharashtra,Mumbai,400001,1,49,Zepto,19.08078140575556,72.8719277127429
ORD004239,2026-02-11,Face Wash,Maharashtra,Mumbai,400050,3,129,Swiggy Instamart,19.061125258828977,72.81398462579031
ORD004240,2026-01-22,Snacks,Maharashtra,Nashik,422001,2,129,Zepto,20.028043299425565,73.76622290769691
ORD004241,2026-04-13,Protein Bar,Maharashtra,Mumbai,400050,3,249,Zepto,19.0563824729601,72.82917518964157
ORD004242,2026-05-08,Energy Drink,Maharashtra,Pune,411001,1,249,Zepto,18.539526881343566,73.84345154219068
ORD004243,2026-02-21,Energy Drink,Maharashtra,Mumbai,400001,1,129,Zepto,19.095837041354788,72.88527176821103
ORD004244,2026-04-25,Coffee,Telangana,Hyderabad,500001,5,49,Zepto,17.389170953244236,78.47685366312982
ORD004245,2026-03-12,Protein Bar,Maharashtra,Mumbai,400050,1,129,Blinkit,19.06531141242038,72.8222651337758
ORD004246,2026-01-30,Energy Drink,Karnataka,Bengaluru,560001,1,299,Swiggy Instamart,12.984266612531984,77.58488937970893
ORD004247,2026-05-31,Shampoo,Maharashtra,Mumbai,400050,5,249,Zepto,19.05846841505544,72.82394726911987
ORD004248,2026-06-11,Shampoo,Maharashtra,Mumbai,400050,2,199,Swiggy Instamart,19.04972477037573,72.83691319816907
ORD004249,2026-01-14,Snacks,Telangana,Hyderabad,500001,5,149,Zepto,17.390354587474096,78.49879010198902
ORD004250,2026-06-15,Face Wash,Telangana,Hyderabad,500001,4,199,Blinkit,17.36720124891792,78.49734170702341
ORD004251,2026-06-10,Protein Bar,Maharashtra,Mumbai,400001,1,129,Blinkit,19.10105448905357,72.87318358910824
ORD004252,2026-02-27,Face Wash,Gujarat,Ahmedabad,380001,5,99,Swiggy Instamart,23.04145148612109,72.5687683872794
ORD004253,2026-01-06,Shampoo,Maharashtra,Mumbai,400050,2,299,Swiggy Instamart,19.04587590262439,72.82644367557593
ORD004254,2026-05-01,Energy Drink,Maharashtra,Mumbai,400001,4,49,Swiggy Instamart,19.086482039676753,72.86931823517669
ORD004255,2026-04-30,Protein Bar,Maharashtra,Pune,411001,4,79,Blinkit,18.514396613409932,73.86263539432294
ORD004256,2026-05-22,Snacks,Maharashtra,Mumbai,400001,5,79,Swiggy Instamart,19.076030601167385,72.88354622952487
ORD004257,2026-02-09,Energy Drink,Karnataka,Bengaluru,560001,2,249,Blinkit,12.973978295407584,77.59939625319552
ORD004258,2026-05-06,Protein Bar,Karnataka,Bengaluru,560001,5,129,Blinkit,12.967276988141904,77.5969173094203
ORD004259,2026-02-28,Protein Bar,Gujarat,Ahmedabad,380001,4,249,Swiggy Instamart,23.01322626994304,72.58428433622502
ORD004260,2026-01-02,Energy Drink,Maharashtra,Mumbai,400050,3,49,Swiggy Instamart,19.053257252831827,72.8407884748755
ORD004261,2026-04-04,Face Wash,Delhi,New Delhi,110001,4,49,Zepto,28.611563930390172,77.21101999010757
ORD004262,2026-06-16,Face Wash,Maharashtra,Thane,400601,3,129,Zepto,19.21335035449109,72.96794004568832
ORD004263,2026-04-12,Energy Drink,Maharashtra,Pune,411001,2,79,Blinkit,18.502952396123945,73.84614675841408
ORD004264,2026-01-10,Shampoo,Telangana,Hyderabad,500001,5,249,Swiggy Instamart,17.381760911467843,78.48881879178829
ORD004265,2026-04-27,Face Wash,Gujarat,Ahmedabad,380001,4,299,Zepto,23.032603793132832,72.56694242540203
ORD004266,2026-04-24,Snacks,Gujarat,Surat,395003,3,79,Blinkit,21.16138039235733,72.81667285213997
ORD004267,2026-06-26,Protein Bar,Telangana,Hyderabad,500001,2,199,Swiggy Instamart,17.389800636179043,78.5005319451533
ORD004268,2026-01-23,Face Wash,Maharashtra,Thane,400601,1,79,Blinkit,19.230963302679562,72.98519932748147
ORD004269,2026-02-07,Shampoo,Maharashtra,Nashik,422001,1,49,Blinkit,20.012285433172675,73.7966762377971
ORD004270,2026-02-25,Energy Drink,Maharashtra,Mumbai,400001,3,49,Swiggy Instamart,19.079320814614167,72.88416129676024
ORD004271,2026-03-08,Energy Drink,Delhi,New Delhi,110001,3,129,Swiggy Instamart,28.610692161381483,77.19537956629145
ORD004272,2026-06-08,Coffee,Maharashtra,Mumbai,400050,2,99,Blinkit,19.052761510995005,72.82940840961464
ORD004273,2026-03-16,Coffee,Delhi,New Delhi,110001,1,129,Zepto,28.614507853725016,77.22826285854856
ORD004274,2026-03-19,Protein Bar,Maharashtra,Mumbai,400001,4,79,Zepto,19.07681277167591,72.88948843444027
ORD004275,2026-02-28,Protein Bar,Gujarat,Ahmedabad,380001,2,79,Blinkit,23.01814922758424,72.56828324114234
ORD004276,2026-04-07,Shampoo,Maharashtra,Mumbai,400050,3,249,Swiggy Instamart,19.046309923627764,72.82207671987123
ORD004277,2026-04-14,Snacks,Maharashtra,Nashik,422001,2,129,Swiggy Instamart,20.01116981391364,73.77977560180395
ORD004278,2026-03-26,Energy Drink,Telangana,Hyderabad,500001,3,79,Zepto,17.394429386198976,78.48851253948345
ORD004279,2026-03-25,Protein Bar,Maharashtra,Mumbai,400001,1,149,Blinkit,19.072475462683624,72.89918296863787
ORD004280,2026-03-08,Energy Drink,Gujarat,Surat,395003,4,249,Zepto,21.16926096431287,72.84273000969706
ORD004281,2026-05-01,Energy Drink,Gujarat,Ahmedabad,380001,5,199,Blinkit,23.018487907934553,72.57849599479383
ORD004282,2026-02-05,Coffee,Maharashtra,Mumbai,400050,1,299,Blinkit,19.068880156591515,72.83158491970575
ORD004283,2026-01-26,Energy Drink,Gujarat,Ahmedabad,380001,2,199,Swiggy Instamart,22.998955170773034,72.57158252460856
ORD004284,2026-05-10,Protein Bar,Karnataka,Bengaluru,560001,3,199,Blinkit,12.9839046004776,77.59987480833027
ORD004285,2026-04-07,Snacks,Maharashtra,Thane,400601,1,299,Zepto,19.222758388752293,72.96087743066042
ORD004286,2026-04-09,Protein Bar,Maharashtra,Pune,411001,2,149,Blinkit,18.51319544929325,73.86081357631151
ORD004287,2026-04-05,Face Wash,Gujarat,Surat,395003,4,299,Blinkit,21.17430383276787,72.84324666780134
ORD004288,2026-01-10,Face Wash,Maharashtra,Thane,400601,1,299,Zepto,19.216851332448538,72.98215824086674
ORD004289,2026-04-28,Energy Drink,Maharashtra,Mumbai,400001,1,299,Zepto,19.076163742419315,72.86783057263499
ORD004290,2026-04-09,Face Wash,Gujarat,Ahmedabad,380001,4,129,Blinkit,22.999942086689053,72.5757100969213
ORD004291,2026-02-25,Protein Bar,Maharashtra,Mumbai,400001,4,199,Blinkit,19.07773947208413,72.871518249579
ORD004292,2026-05-16,Protein Bar,Maharashtra,Pune,411001,2,299,Blinkit,18.50420826943484,73.86299739514409
ORD004293,2026-03-19,Coffee,Maharashtra,Mumbai,400050,3,299,Swiggy Instamart,19.056940799258044,72.83506874722367
ORD004294,2026-04-09,Protein Bar,Maharashtra,Thane,400601,2,99,Blinkit,19.236940485304117,72.9566856911968
ORD004295,2026-04-11,Snacks,Maharashtra,Nashik,422001,5,249,Zepto,19.998903991912975,73.77760624386688
ORD004296,2026-02-17,Coffee,Karnataka,Bengaluru,560001,5,149,Zepto,12.986148261741468,77.57823596980793
ORD004297,2026-04-17,Shampoo,Karnataka,Bengaluru,560001,3,99,Zepto,12.990958610256806,77.59595855901566
ORD004298,2026-06-17,Shampoo,Karnataka,Bengaluru,560001,2,99,Blinkit,12.970639993382662,77.59261940236782
ORD004299,2026-02-22,Face Wash,Maharashtra,Mumbai,400050,2,249,Blinkit,19.0552373696782,72.83998116759268
ORD004300,2026-06-27,Energy Drink,Gujarat,Surat,395003,3,99,Zepto,21.159514792459177,72.83455414181644
ORD004301,2026-04-21,Snacks,Delhi,New Delhi,110001,5,299,Swiggy Instamart,28.610058183342932,77.20137866551487
ORD004302,2026-04-15,Snacks,Maharashtra,Mumbai,400001,1,149,Swiggy Instamart,19.10185975175684,72.88189050734753
ORD004303,2026-04-11,Coffee,Delhi,New Delhi,110001,2,99,Zepto,28.62003265544661,77.2203777678067
ORD004304,2026-04-05,Energy Drink,Gujarat,Ahmedabad,380001,3,49,Blinkit,23.008286500546816,72.58892291909122
ORD004305,2026-06-25,Coffee,Maharashtra,Mumbai,400001,5,99,Blinkit,19.05091042821505,72.87001233589962
ORD004306,2026-05-28,Shampoo,Maharashtra,Pune,411001,1,199,Swiggy Instamart,18.51580968326821,73.86251723364971
ORD004307,2026-04-20,Face Wash,Karnataka,Bengaluru,560001,1,199,Zepto,12.973787182661415,77.59293185259301
ORD004308,2026-04-16,Shampoo,Gujarat,Ahmedabad,380001,1,299,Swiggy Instamart,23.022380026553723,72.56161976976477
ORD004309,2026-04-29,Shampoo,Telangana,Hyderabad,500001,3,199,Blinkit,17.37002767605516,78.49396511622336
ORD004310,2026-04-22,Protein Bar,Maharashtra,Thane,400601,5,49,Zepto,19.225237061125362,72.99394494375157
ORD004311,2026-03-08,Energy Drink,Delhi,New Delhi,110001,2,299,Zepto,28.60599982903185,77.21592815210302
ORD004312,2026-02-03,Shampoo,Gujarat,Surat,395003,2,99,Zepto,21.167362932716355,72.84300474985194
ORD004313,2026-02-14,Snacks,Maharashtra,Thane,400601,2,299,Zepto,19.22851962776678,72.98021209399224
ORD004314,2026-01-20,Shampoo,Maharashtra,Mumbai,400050,3,299,Blinkit,19.05620469843334,72.83910932178608
ORD004315,2026-01-31,Shampoo,Telangana,Hyderabad,500001,1,249,Zepto,17.39146904523257,78.47985559597913
ORD004316,2026-03-17,Energy Drink,Maharashtra,Mumbai,400001,5,199,Zepto,19.062722013265205,72.87481467099319
ORD004317,2026-03-10,Coffee,Maharashtra,Nashik,422001,4,129,Zepto,20.02105413815348,73.79116487158734
ORD004318,2026-02-14,Protein Bar,Gujarat,Ahmedabad,380001,4,49,Zepto,23.011376725303297,72.559722425841
ORD004319,2026-02-15,Energy Drink,Telangana,Hyderabad,500001,1,99,Swiggy Instamart,17.397746838496797,78.47534364095242
ORD004320,2026-05-26,Coffee,Gujarat,Surat,395003,1,79,Blinkit,21.175292953236422,72.82493928784665
ORD004321,2026-06-23,Shampoo,Maharashtra,Thane,400601,3,299,Zepto,19.234470449245215,72.97039575200861
ORD004322,2026-04-19,Coffee,Maharashtra,Mumbai,400001,1,79,Blinkit,19.087433615302057,72.87954858654061
ORD004323,2026-01-05,Energy Drink,Karnataka,Bengaluru,560001,1,249,Zepto,12.974121948542344,77.57489691418648
ORD004324,2026-01-11,Face Wash,Karnataka,Bengaluru,560001,1,49,Blinkit,12.949570866467944,77.59239434059732
ORD004325,2026-02-20,Energy Drink,Telangana,Hyderabad,500001,2,249,Blinkit,17.387469060634167,78.47544802172263
ORD004326,2026-03-06,Face Wash,Maharashtra,Thane,400601,4,129,Zepto,19.207413065895235,72.98371472629826
ORD004327,2026-02-10,Coffee,Karnataka,Bengaluru,560001,3,299,Blinkit,12.977228544804571,77.59322258939612
ORD004328,2026-05-23,Protein Bar,Maharashtra,Pune,411001,5,129,Swiggy Instamart,18.52820201721186,73.8449579770428
ORD004329,2026-04-12,Face Wash,Maharashtra,Mumbai,400001,3,49,Zepto,19.07244065082913,72.89417877605784
ORD004330,2026-06-07,Snacks,Gujarat,Ahmedabad,380001,5,199,Zepto,23.023183221299398,72.57266312514587
ORD004331,2026-02-26,Snacks,Telangana,Hyderabad,500001,5,129,Zepto,17.40805946585968,78.47270657834152
ORD004332,2026-06-29,Energy Drink,Karnataka,Bengaluru,560001,4,99,Swiggy Instamart,12.979564303666422,77.61123986279809
ORD004333,2026-02-10,Coffee,Maharashtra,Mumbai,400050,1,249,Zepto,19.056351420735012,72.83809630786854
ORD004334,2026-06-16,Protein Bar,Gujarat,Ahmedabad,380001,3,249,Zepto,23.012679805027894,72.56453267604432
ORD004335,2026-04-21,Snacks,Maharashtra,Thane,400601,4,299,Blinkit,19.222149664160476,72.9860856667311
ORD004336,2026-02-13,Shampoo,Gujarat,Ahmedabad,380001,2,149,Blinkit,23.033709365124064,72.58709628586939
ORD004337,2026-05-31,Shampoo,Maharashtra,Pune,411001,3,199,Zepto,18.519725534414448,73.86863611755173
ORD004338,2026-01-01,Coffee,Karnataka,Bengaluru,560001,5,249,Blinkit,12.968176951565509,77.60362091311588
ORD004339,2026-04-18,Snacks,Maharashtra,Mumbai,400001,4,199,Blinkit,19.078074887978524,72.88215677907083
ORD004340,2026-02-13,Protein Bar,Maharashtra,Mumbai,400001,5,49,Swiggy Instamart,19.08023507874022,72.86165294990202
ORD004341,2026-05-25,Energy Drink,Maharashtra,Mumbai,400050,5,49,Zepto,19.04835878141139,72.83052541439817
ORD004342,2026-01-20,Face Wash,Maharashtra,Thane,400601,3,129,Swiggy Instamart,19.201427209203587,72.986412111032
ORD004343,2026-03-13,Face Wash,Maharashtra,Mumbai,400001,5,49,Swiggy Instamart,19.084715559662882,72.88097170552878
ORD004344,2026-02-14,Energy Drink,Maharashtra,Pune,411001,3,129,Zepto,18.509188659872418,73.87050138938869
ORD004345,2026-02-14,Protein Bar,Maharashtra,Pune,411001,2,129,Blinkit,18.54077210639718,73.85817076827446
ORD004346,2026-01-11,Energy Drink,Maharashtra,Mumbai,400050,3,199,Blinkit,19.06470535378451,72.83151738654796
ORD004347,2026-01-30,Coffee,Maharashtra,Mumbai,400001,2,199,Blinkit,19.08130369188999,72.87650441243375
ORD004348,2026-06-24,Protein Bar,Gujarat,Ahmedabad,380001,2,249,Swiggy Instamart,23.02215435760156,72.58045717600497
ORD004349,2026-05-22,Coffee,Delhi,New Delhi,110001,3,129,Swiggy Instamart,28.637356241618967,77.19499928765599
ORD004350,2026-03-04,Energy Drink,Maharashtra,Pune,411001,2,149,Zepto,18.51936187515597,73.84489539514769
ORD004351,2026-02-11,Coffee,Gujarat,Surat,395003,4,99,Zepto,21.186120248985763,72.8252226203068
ORD004352,2026-01-07,Face Wash,Delhi,New Delhi,110001,5,129,Zepto,28.59946799206214,77.21538186998849
ORD004353,2026-03-10,Face Wash,Maharashtra,Thane,400601,1,99,Swiggy Instamart,19.235743111147432,72.9847359786856
ORD004354,2026-04-24,Face Wash,Maharashtra,Mumbai,400001,5,249,Blinkit,19.07804797877282,72.88179140922776
ORD004355,2026-06-03,Coffee,Telangana,Hyderabad,500001,2,49,Zepto,17.399148406628257,78.47795800729986
ORD004356,2026-03-04,Shampoo,Maharashtra,Thane,400601,4,129,Zepto,19.217181528959138,72.9735730985149
ORD004357,2026-04-28,Face Wash,Karnataka,Bengaluru,560001,5,199,Blinkit,12.959921346927084,77.59131624740583
ORD004358,2026-01-17,Protein Bar,Maharashtra,Thane,400601,4,99,Swiggy Instamart,19.229377210959825,72.98376602148393
ORD004359,2026-06-14,Protein Bar,Maharashtra,Nashik,422001,5,129,Blinkit,20.012343105001083,73.78116475611654
ORD004360,2026-06-09,Protein Bar,Gujarat,Ahmedabad,380001,5,99,Zepto,23.027733237827288,72.56339409657652
ORD004361,2026-04-25,Protein Bar,Gujarat,Surat,395003,2,79,Blinkit,21.16710490114073,72.8330200423697
ORD004362,2026-03-01,Snacks,Gujarat,Ahmedabad,380001,4,99,Blinkit,23.02527515858882,72.57460187854922
ORD004363,2026-05-02,Face Wash,Maharashtra,Nashik,422001,2,249,Blinkit,20.004516647179837,73.7759257659887
ORD004364,2026-01-27,Energy Drink,Gujarat,Surat,395003,1,249,Zepto,21.201777712830445,72.84016787272932
ORD004365,2026-02-28,Protein Bar,Karnataka,Bengaluru,560001,1,99,Swiggy Instamart,12.975731474759527,77.59226791501794
ORD004366,2026-03-10,Face Wash,Delhi,New Delhi,110001,2,149,Zepto,28.609387811730564,77.20769199406273
ORD004367,2026-02-12,Snacks,Maharashtra,Pune,411001,1,79,Blinkit,18.523328288435867,73.83789564455937
ORD004368,2026-03-26,Face Wash,Maharashtra,Pune,411001,1,199,Zepto,18.504706104046253,73.85033117611061
ORD004369,2026-02-23,Snacks,Maharashtra,Nashik,422001,2,79,Swiggy Instamart,20.007971394367786,73.77730726852849
ORD004370,2026-03-18,Energy Drink,Maharashtra,Mumbai,400050,1,299,Blinkit,19.074381212260995,72.81467603213004
ORD004371,2026-04-29,Snacks,Telangana,Hyderabad,500001,2,149,Blinkit,17.377486545303967,78.50190091740991
ORD004372,2026-02-02,Face Wash,Telangana,Hyderabad,500001,3,99,Zepto,17.386311193246755,78.495548425828
ORD004373,2026-05-09,Coffee,Maharashtra,Mumbai,400050,2,149,Swiggy Instamart,19.080112469432695,72.82256195582097
ORD004374,2026-06-29,Coffee,Gujarat,Ahmedabad,380001,1,99,Swiggy Instamart,23.021506856622082,72.56867573099069
ORD004375,2026-03-19,Coffee,Maharashtra,Mumbai,400001,4,299,Zepto,19.05645406995517,72.87459603196244
ORD004376,2026-05-07,Snacks,Gujarat,Surat,395003,4,129,Zepto,21.179010621873807,72.83650589541813
ORD004377,2026-02-13,Coffee,Maharashtra,Pune,411001,5,249,Blinkit,18.526590831693877,73.85294491019361
ORD004378,2026-04-02,Coffee,Maharashtra,Mumbai,400050,1,99,Blinkit,19.053039027639944,72.84219255671898
ORD004379,2026-05-19,Snacks,Karnataka,Bengaluru,560001,3,249,Blinkit,12.966626828536423,77.59754082038793
ORD004380,2026-05-14,Face Wash,Maharashtra,Mumbai,400001,5,199,Swiggy Instamart,19.077633346806778,72.89231717016257
ORD004381,2026-05-16,Energy Drink,Delhi,New Delhi,110001,5,99,Blinkit,28.623614123576726,77.19604741379334
ORD004382,2026-05-03,Energy Drink,Gujarat,Surat,395003,4,99,Zepto,21.15832446833225,72.83688909818069
ORD004383,2026-03-10,Shampoo,Delhi,New Delhi,110001,4,99,Swiggy Instamart,28.61325662352621,77.20444828216047
ORD004384,2026-02-13,Face Wash,Telangana,Hyderabad,500001,3,129,Swiggy Instamart,17.395156278839945,78.48857459382089
ORD004385,2026-04-06,Protein Bar,Gujarat,Ahmedabad,380001,5,249,Zepto,23.023024573868895,72.57919828640755
ORD004386,2026-02-10,Energy Drink,Delhi,New Delhi,110001,2,199,Zepto,28.610148910050565,77.22468518985472
ORD004387,2026-05-17,Energy Drink,Maharashtra,Mumbai,400050,3,249,Zepto,19.05171952376767,72.83606929066342
ORD004388,2026-04-25,Energy Drink,Maharashtra,Nashik,422001,5,249,Zepto,20.0202383283866,73.76592704510729
ORD004389,2026-03-06,Energy Drink,Telangana,Hyderabad,500001,1,79,Zepto,17.381566648241478,78.49812207392885
ORD004390,2026-03-04,Face Wash,Maharashtra,Thane,400601,1,149,Swiggy Instamart,19.22987244547731,72.97638504399612
ORD004391,2026-02-14,Coffee,Telangana,Hyderabad,500001,1,49,Swiggy Instamart,17.377653289063232,78.49625935822331
ORD004392,2026-04-11,Energy Drink,Gujarat,Surat,395003,4,49,Zepto,21.182035491025818,72.81945336651488
ORD004393,2026-04-13,Protein Bar,Gujarat,Surat,395003,3,199,Zepto,21.158160863510336,72.83335256681984
ORD004394,2026-04-03,Shampoo,Telangana,Hyderabad,500001,2,99,Zepto,17.39129360633429,78.4837093091477
ORD004395,2026-03-14,Snacks,Karnataka,Bengaluru,560001,1,49,Swiggy Instamart,12.978392938199823,77.58749863393163
ORD004396,2026-06-07,Protein Bar,Maharashtra,Pune,411001,1,79,Swiggy Instamart,18.49925306400926,73.85246098927668
ORD004397,2026-03-04,Face Wash,Maharashtra,Pune,411001,2,99,Zepto,18.52103232146513,73.85394160040104
ORD004398,2026-03-18,Shampoo,Maharashtra,Thane,400601,1,79,Swiggy Instamart,19.206713967363406,72.9599435102412
ORD004399,2026-04-08,Protein Bar,Maharashtra,Pune,411001,1,249,Zepto,18.51525911195632,73.8656765577165
ORD004400,2026-02-06,Shampoo,Delhi,New Delhi,110001,4,49,Blinkit,28.62646197439414,77.22087713384138
ORD004401,2026-03-13,Shampoo,Gujarat,Surat,395003,1,249,Zepto,21.162040904648517,72.8195629367637
ORD004402,2026-04-22,Energy Drink,Karnataka,Bengaluru,560001,4,149,Zepto,12.976566346149799,77.60095100011598
ORD004403,2026-04-01,Protein Bar,Delhi,New Delhi,110001,1,199,Zepto,28.617901696052005,77.18885936725762
ORD004404,2026-02-14,Energy Drink,Karnataka,Bengaluru,560001,3,249,Zepto,12.962931154151166,77.59430311209714
ORD004405,2026-04-19,Snacks,Karnataka,Bengaluru,560001,2,129,Swiggy Instamart,12.976472181946304,77.60227307362602
ORD004406,2026-02-22,Energy Drink,Maharashtra,Mumbai,400050,4,79,Zepto,19.06104253522282,72.83280783806538
ORD004407,2026-03-08,Face Wash,Telangana,Hyderabad,500001,1,249,Blinkit,17.38584865458361,78.49355619374218
ORD004408,2026-02-21,Snacks,Maharashtra,Thane,400601,1,249,Blinkit,19.22142865651491,72.97875737660047
ORD004409,2026-03-15,Protein Bar,Maharashtra,Nashik,422001,2,299,Zepto,20.003216312008625,73.78051291425044
ORD004410,2026-05-01,Snacks,Karnataka,Bengaluru,560001,4,199,Blinkit,12.976445913788393,77.59727475388898
ORD004411,2026-01-09,Shampoo,Gujarat,Surat,395003,2,149,Swiggy Instamart,21.174008264183453,72.84452721861352
ORD004412,2026-02-16,Coffee,Maharashtra,Nashik,422001,1,149,Blinkit,20.008551639227466,73.77321001479527
ORD004413,2026-05-02,Face Wash,Maharashtra,Mumbai,400050,3,79,Swiggy Instamart,19.068436067859942,72.8158380166233
ORD004414,2026-04-23,Protein Bar,Delhi,New Delhi,110001,1,299,Swiggy Instamart,28.603085866192608,77.21235847264721
ORD004415,2026-05-25,Energy Drink,Telangana,Hyderabad,500001,2,149,Swiggy Instamart,17.390163966677868,78.47424948776496
ORD004416,2026-01-11,Energy Drink,Maharashtra,Thane,400601,3,129,Blinkit,19.21447182519013,72.9720391616778
ORD004417,2026-03-10,Face Wash,Maharashtra,Nashik,422001,1,299,Zepto,20.001033236771185,73.78913597776274
ORD004418,2026-03-10,Face Wash,Maharashtra,Pune,411001,4,199,Zepto,18.52746505463547,73.85650877820147
ORD004419,2026-04-10,Coffee,Delhi,New Delhi,110001,3,299,Swiggy Instamart,28.60844038072885,77.1955035032978
ORD004420,2026-02-12,Face Wash,Maharashtra,Mumbai,400001,3,199,Swiggy Instamart,19.09020184938782,72.88362113900286
ORD004421,2026-04-07,Energy Drink,Maharashtra,Pune,411001,4,49,Blinkit,18.513333308959268,73.86389599497625
ORD004422,2026-02-14,Energy Drink,Karnataka,Bengaluru,560001,5,249,Swiggy Instamart,12.970897763794254,77.59172890495138
ORD004423,2026-01-17,Snacks,Maharashtra,Nashik,422001,1,49,Swiggy Instamart,20.010252115282896,73.77228501750088
ORD004424,2026-02-28,Coffee,Gujarat,Ahmedabad,380001,3,199,Blinkit,23.0190624348049,72.57261461064199
ORD004425,2026-02-14,Protein Bar,Maharashtra,Nashik,422001,4,149,Zepto,20.000905488071147,73.78639085210268
ORD004426,2026-06-01,Coffee,Gujarat,Ahmedabad,380001,1,49,Swiggy Instamart,23.041190665036783,72.56385701867393
ORD004427,2026-05-03,Coffee,Maharashtra,Pune,411001,1,149,Swiggy Instamart,18.50374874703696,73.83668259832524
ORD004428,2026-01-13,Face Wash,Gujarat,Surat,395003,4,249,Swiggy Instamart,21.16869531858505,72.82446835409874
ORD004429,2026-03-17,Energy Drink,Maharashtra,Mumbai,400050,4,149,Blinkit,19.06167860501067,72.83082597672026
ORD004430,2026-04-28,Protein Bar,Maharashtra,Pune,411001,4,249,Zepto,18.50436783153386,73.83855116170518
ORD004431,2026-04-26,Snacks,Delhi,New Delhi,110001,3,249,Blinkit,28.61685933240346,77.2103542883472
ORD004432,2026-04-30,Energy Drink,Gujarat,Surat,395003,4,129,Blinkit,21.165941820016336,72.81452856414869
ORD004433,2026-01-18,Face Wash,Delhi,New Delhi,110001,3,79,Swiggy Instamart,28.61861391262765,77.22171899545424
ORD004434,2026-05-13,Snacks,Gujarat,Ahmedabad,380001,5,49,Zepto,23.02527982440219,72.56292526109435
ORD004435,2026-04-26,Shampoo,Maharashtra,Thane,400601,2,79,Zepto,19.21874552165571,72.96443885919066
ORD004436,2026-03-20,Face Wash,Delhi,New Delhi,110001,1,299,Swiggy Instamart,28.62447960713839,77.2098184433453
ORD004437,2026-04-09,Protein Bar,Delhi,New Delhi,110001,3,129,Blinkit,28.59621843088247,77.20599325639557
ORD004438,2026-04-20,Protein Bar,Gujarat,Surat,395003,3,49,Zepto,21.174833015102344,72.82776952379025
ORD004439,2026-04-24,Face Wash,Maharashtra,Pune,411001,4,129,Zepto,18.5176410427856,73.84445597792953
ORD004440,2026-04-12,Shampoo,Maharashtra,Mumbai,400001,4,129,Zepto,19.081665409870816,72.87121530799982
ORD004441,2026-05-01,Snacks,Gujarat,Surat,395003,1,99,Zepto,21.14863554622995,72.8273874262933
ORD004442,2026-04-18,Shampoo,Maharashtra,Thane,400601,4,149,Zepto,19.2281114971557,72.974230705534
ORD004443,2026-01-05,Coffee,Telangana,Hyderabad,500001,4,249,Blinkit,17.402379849851236,78.49098967948548
ORD004444,2026-05-09,Face Wash,Maharashtra,Pune,411001,5,49,Blinkit,18.523787581622802,73.85541601734083
ORD004445,2026-02-22,Coffee,Karnataka,Bengaluru,560001,4,129,Blinkit,12.970917137922358,77.5919657636488
ORD004446,2026-06-28,Coffee,Maharashtra,Thane,400601,5,299,Blinkit,19.215277306079173,72.98340867162067
ORD004447,2026-03-22,Snacks,Maharashtra,Mumbai,400001,3,49,Swiggy Instamart,19.066641687702095,72.86694106171277
ORD004448,2026-05-27,Energy Drink,Maharashtra,Nashik,422001,2,79,Swiggy Instamart,19.994668049491246,73.80015654547678
ORD004449,2026-01-16,Face Wash,Karnataka,Bengaluru,560001,5,249,Swiggy Instamart,12.976903429016707,77.5976449220168
ORD004450,2026-05-20,Shampoo,Maharashtra,Mumbai,400050,4,49,Blinkit,19.049024853297066,72.83573342300674
ORD004451,2026-02-22,Energy Drink,Gujarat,Surat,395003,1,79,Blinkit,21.169034286535467,72.83324168941132
ORD004452,2026-05-28,Snacks,Maharashtra,Thane,400601,1,299,Zepto,19.208533796841365,72.97970268857418
ORD004453,2026-05-29,Energy Drink,Telangana,Hyderabad,500001,5,79,Swiggy Instamart,17.380761664617935,78.4790438884297
ORD004454,2026-05-18,Energy Drink,Telangana,Hyderabad,500001,4,79,Swiggy Instamart,17.392341063358074,78.4713229219147
ORD004455,2026-04-18,Snacks,Maharashtra,Thane,400601,3,129,Zepto,19.223947762643142,72.98494486133552
ORD004456,2026-01-24,Shampoo,Karnataka,Bengaluru,560001,1,249,Blinkit,12.962803563244488,77.58639671538867
ORD004457,2026-03-09,Energy Drink,Telangana,Hyderabad,500001,4,149,Zepto,17.38276974318734,78.48952036210463
ORD004458,2026-02-22,Snacks,Maharashtra,Mumbai,400001,5,129,Zepto,19.07447145008186,72.88203562460193
ORD004459,2026-03-25,Face Wash,Maharashtra,Pune,411001,5,49,Zepto,18.53802979652537,73.85162283230851
ORD004460,2026-04-02,Coffee,Maharashtra,Nashik,422001,5,249,Blinkit,19.988748200292967,73.78795923583031
ORD004461,2026-04-08,Coffee,Maharashtra,Mumbai,400001,2,79,Swiggy Instamart,19.092833145759275,72.88162768363051
ORD004462,2026-05-18,Shampoo,Gujarat,Ahmedabad,380001,2,49,Blinkit,23.011622513246465,72.57016107636764
ORD004463,2026-06-05,Coffee,Maharashtra,Nashik,422001,2,149,Zepto,19.994714765157884,73.78612855493964
ORD004464,2026-05-12,Snacks,Delhi,New Delhi,110001,3,129,Zepto,28.600387095973016,77.20599871213172
ORD004465,2026-06-27,Snacks,Maharashtra,Thane,400601,1,299,Swiggy Instamart,19.20825662173706,72.97936824685135
ORD004466,2026-01-29,Shampoo,Delhi,New Delhi,110001,4,49,Blinkit,28.610236583228623,77.2107676210325
ORD004467,2026-06-14,Face Wash,Gujarat,Surat,395003,2,79,Blinkit,21.170423505549664,72.82123340972277
ORD004468,2026-05-29,Protein Bar,Delhi,New Delhi,110001,1,249,Swiggy Instamart,28.620168770635292,77.20851234348157
ORD004469,2026-05-29,Snacks,Maharashtra,Nashik,422001,2,79,Blinkit,19.99601470992134,73.80210926556207
ORD004470,2026-02-21,Shampoo,Maharashtra,Mumbai,400001,1,79,Blinkit,19.080764301667173,72.87616739446601
ORD004471,2026-06-03,Energy Drink,Maharashtra,Mumbai,400001,4,149,Zepto,19.09015204526702,72.89611815609388
ORD004472,2026-01-13,Energy Drink,Karnataka,Bengaluru,560001,1,49,Swiggy Instamart,12.970146505776862,77.59807397486435
ORD004473,2026-04-27,Energy Drink,Maharashtra,Mumbai,400050,4,99,Swiggy Instamart,19.04971997181997,72.82802807249232
ORD004474,2026-06-03,Shampoo,Maharashtra,Thane,400601,5,99,Swiggy Instamart,19.2163093744624,72.97994827033621
ORD004475,2026-03-18,Coffee,Maharashtra,Nashik,422001,3,49,Swiggy Instamart,20.00922760478637,73.78529828448829
ORD004476,2026-04-28,Energy Drink,Maharashtra,Mumbai,400001,5,199,Swiggy Instamart,19.078376426563,72.86559257373371
ORD004477,2026-06-14,Snacks,Maharashtra,Thane,400601,4,149,Zepto,19.208915328942588,72.97263592380536
ORD004478,2026-04-18,Coffee,Maharashtra,Mumbai,400050,1,249,Swiggy Instamart,19.056777594080767,72.84000774290472
ORD004479,2026-06-03,Shampoo,Maharashtra,Mumbai,400050,1,99,Blinkit,19.047970610131472,72.82592584951828
ORD004480,2026-04-11,Energy Drink,Gujarat,Surat,395003,1,49,Swiggy Instamart,21.17973009498214,72.82810122525504
ORD004481,2026-01-05,Energy Drink,Maharashtra,Thane,400601,5,79,Blinkit,19.222904156498426,72.97670457957072
ORD004482,2026-06-12,Energy Drink,Maharashtra,Mumbai,400001,4,129,Swiggy Instamart,19.07856783257325,72.8754152745619
ORD004483,2026-03-13,Face Wash,Maharashtra,Nashik,422001,2,199,Swiggy Instamart,20.012570654727284,73.76424943592595
ORD004484,2026-06-11,Snacks,Gujarat,Surat,395003,2,149,Blinkit,21.166566879916115,72.83406572676695
ORD004485,2026-06-24,Shampoo,Delhi,New Delhi,110001,1,79,Zepto,28.619236952480062,77.22392952622754
ORD004486,2026-03-17,Snacks,Maharashtra,Mumbai,400001,2,149,Zepto,19.072089753331344,72.89249481761861
ORD004487,2026-02-25,Shampoo,Gujarat,Ahmedabad,380001,5,49,Swiggy Instamart,23.015909761733404,72.58468646411545
ORD004488,2026-02-09,Energy Drink,Maharashtra,Mumbai,400050,4,199,Zepto,19.067774671266985,72.82036541420368
ORD004489,2026-02-16,Coffee,Maharashtra,Mumbai,400001,3,299,Blinkit,19.07907039237252,72.87718764164468
ORD004490,2026-03-05,Coffee,Maharashtra,Mumbai,400001,4,299,Zepto,19.08225584593675,72.87546728411567
ORD004491,2026-03-17,Energy Drink,Maharashtra,Thane,400601,4,199,Zepto,19.21522753774338,72.99179094582763
ORD004492,2026-01-11,Face Wash,Maharashtra,Nashik,422001,3,129,Swiggy Instamart,20.004912791055443,73.78796422324193
ORD004493,2026-03-07,Coffee,Gujarat,Surat,395003,1,299,Blinkit,21.16794648514956,72.84776663259228
ORD004494,2026-06-23,Protein Bar,Maharashtra,Nashik,422001,2,249,Swiggy Instamart,19.999116653706647,73.77355856468753
ORD004495,2026-05-11,Coffee,Maharashtra,Nashik,422001,2,79,Blinkit,20.02114517181116,73.77525053609105
ORD004496,2026-04-26,Shampoo,Telangana,Hyderabad,500001,2,199,Blinkit,17.401010743061647,78.49561840579595
ORD004497,2026-04-16,Energy Drink,Gujarat,Surat,395003,2,99,Zepto,21.168653502934394,72.81296706527984
ORD004498,2026-01-10,Shampoo,Gujarat,Surat,395003,4,299,Swiggy Instamart,21.170006816957283,72.83211630053535
ORD004499,2026-05-16,Shampoo,Telangana,Hyderabad,500001,3,79,Zepto,17.396672177333045,78.5025844717624
ORD004500,2026-05-29,Face Wash,Gujarat,Ahmedabad,380001,5,299,Swiggy Instamart,23.015650128208563,72.57941181763988
ORD004501,2026-02-04,Snacks,Maharashtra,Thane,400601,1,149,Zepto,19.22595402156013,72.9888341270241
ORD004502,2026-05-15,Shampoo,Telangana,Hyderabad,500001,2,99,Blinkit,17.389986899121357,78.46727502309038
ORD004503,2026-06-08,Energy Drink,Telangana,Hyderabad,500001,1,249,Blinkit,17.383445775674723,78.47514292425083
ORD004504,2026-01-19,Shampoo,Gujarat,Surat,395003,5,249,Zepto,21.16817394227082,72.84090004236134
ORD004505,2026-03-30,Shampoo,Maharashtra,Pune,411001,5,99,Swiggy Instamart,18.523451508358747,73.86818090866397
ORD004506,2026-05-21,Energy Drink,Telangana,Hyderabad,500001,2,199,Swiggy Instamart,17.388417539207136,78.47371674060331
ORD004507,2026-04-13,Coffee,Karnataka,Bengaluru,560001,5,299,Swiggy Instamart,12.946391529934273,77.59608808761679
ORD004508,2026-04-26,Coffee,Karnataka,Bengaluru,560001,2,199,Blinkit,12.969460735336488,77.58483054260618
ORD004509,2026-03-19,Protein Bar,Maharashtra,Mumbai,400001,2,149,Swiggy Instamart,19.058993727503488,72.87035256786528
ORD004510,2026-01-13,Coffee,Maharashtra,Thane,400601,3,129,Zepto,19.216355085151353,72.98475877823707
ORD004511,2026-02-21,Coffee,Gujarat,Ahmedabad,380001,5,129,Swiggy Instamart,23.024386310815682,72.58748067247173
ORD004512,2026-02-09,Energy Drink,Maharashtra,Mumbai,400050,4,49,Zepto,19.049243959439547,72.83831058892056
ORD004513,2026-01-18,Face Wash,Maharashtra,Mumbai,400001,3,49,Swiggy Instamart,19.076472987431288,72.88464669124119
ORD004514,2026-04-13,Energy Drink,Karnataka,Bengaluru,560001,5,79,Blinkit,12.967234851367346,77.6053168037389
ORD004515,2026-01-09,Face Wash,Maharashtra,Pune,411001,5,79,Zepto,18.52335224758345,73.84990555015082
ORD004516,2026-01-31,Protein Bar,Maharashtra,Nashik,422001,2,299,Blinkit,20.00577975971087,73.77730444141064
ORD004517,2026-06-12,Coffee,Maharashtra,Thane,400601,4,99,Zepto,19.223191783506376,72.96630223250625
ORD004518,2026-06-06,Coffee,Telangana,Hyderabad,500001,4,199,Swiggy Instamart,17.384706482978846,78.4906530725265
ORD004519,2026-03-18,Energy Drink,Gujarat,Surat,395003,2,149,Zepto,21.170530233071933,72.8445694124439
ORD004520,2026-06-08,Snacks,Gujarat,Ahmedabad,380001,2,49,Swiggy Instamart,23.030240227740713,72.57132519203259
ORD004521,2026-03-01,Face Wash,Maharashtra,Thane,400601,2,49,Swiggy Instamart,19.220466890974976,72.98105665551482
ORD004522,2026-04-20,Shampoo,Karnataka,Bengaluru,560001,5,79,Swiggy Instamart,12.975632996041668,77.57634342004336
ORD004523,2026-05-24,Coffee,Maharashtra,Nashik,422001,4,99,Swiggy Instamart,20.002884737042308,73.76485560931808
ORD004524,2026-01-09,Snacks,Delhi,New Delhi,110001,3,249,Swiggy Instamart,28.626682809474595,77.20839150479998
ORD004525,2026-01-02,Protein Bar,Maharashtra,Thane,400601,4,199,Zepto,19.216366590503203,72.98706797332034
ORD004526,2026-04-25,Coffee,Maharashtra,Mumbai,400001,4,249,Zepto,19.080223247974498,72.86641365485622
ORD004527,2026-04-21,Coffee,Delhi,New Delhi,110001,3,299,Zepto,28.613190946374726,77.20564833026773
ORD004528,2026-01-02,Face Wash,Maharashtra,Nashik,422001,2,149,Blinkit,19.98845467111394,73.77279723766763
ORD004529,2026-01-31,Snacks,Maharashtra,Nashik,422001,2,199,Zepto,20.004064596779834,73.77855049068509
ORD004530,2026-06-18,Energy Drink,Maharashtra,Mumbai,400050,4,199,Blinkit,19.044777685763226,72.84101665583047
ORD004531,2026-01-04,Protein Bar,Maharashtra,Mumbai,400050,4,299,Blinkit,19.058578969411084,72.8298755307666
ORD004532,2026-06-14,Energy Drink,Maharashtra,Pune,411001,1,299,Blinkit,18.524406416383396,73.84881923746097
ORD004533,2026-02-27,Shampoo,Maharashtra,Mumbai,400001,1,99,Zepto,19.080563559731328,72.87402925353982
ORD004534,2026-06-27,Face Wash,Maharashtra,Thane,400601,5,79,Swiggy Instamart,19.209334144593527,72.98383447493354
ORD004535,2026-05-13,Shampoo,Maharashtra,Pune,411001,2,129,Blinkit,18.535316738588016,73.86394829373486
ORD004536,2026-02-18,Face Wash,Maharashtra,Mumbai,400001,2,149,Blinkit,19.085229775651406,72.87249369393439
ORD004537,2026-04-25,Face Wash,Maharashtra,Nashik,422001,5,49,Blinkit,19.989923802708315,73.794601375221
ORD004538,2026-04-21,Protein Bar,Karnataka,Bengaluru,560001,4,249,Zepto,12.992145148894048,77.6100280677377
ORD004539,2026-03-22,Protein Bar,Maharashtra,Pune,411001,1,299,Blinkit,18.5170421406102,73.84515365661271
ORD004540,2026-01-20,Coffee,Gujarat,Ahmedabad,380001,1,299,Swiggy Instamart,23.011843173021806,72.55456267432386
ORD004541,2026-06-26,Coffee,Maharashtra,Mumbai,400001,3,79,Blinkit,19.0749262138159,72.89375677958083
ORD004542,2026-06-18,Energy Drink,Maharashtra,Pune,411001,5,199,Zepto,18.518983373681277,73.85972322900349
ORD004543,2026-04-01,Shampoo,Maharashtra,Nashik,422001,2,149,Zepto,20.019655969643043,73.77565904688169
ORD004544,2026-01-19,Coffee,Telangana,Hyderabad,500001,3,49,Blinkit,17.4053553145672,78.50662094407497
ORD004545,2026-05-20,Snacks,Gujarat,Ahmedabad,380001,1,79,Blinkit,23.021188886613196,72.5656246573598
ORD004546,2026-03-08,Face Wash,Karnataka,Bengaluru,560001,5,249,Swiggy Instamart,12.978572380463904,77.5911247505748
ORD004547,2026-03-05,Coffee,Gujarat,Ahmedabad,380001,1,249,Zepto,23.010934447829328,72.58421238653523
ORD004548,2026-05-02,Protein Bar,Karnataka,Bengaluru,560001,1,149,Zepto,12.983764473872771,77.59615511603764
ORD004549,2026-03-04,Protein Bar,Telangana,Hyderabad,500001,3,199,Blinkit,17.37237135246272,78.47440473748783
ORD004550,2026-05-19,Face Wash,Maharashtra,Mumbai,400050,1,129,Swiggy Instamart,19.060672292884192,72.82450128965495
ORD004551,2026-02-08,Energy Drink,Delhi,New Delhi,110001,1,49,Swiggy Instamart,28.610489070678586,77.2192196315506
ORD004552,2026-05-31,Shampoo,Maharashtra,Pune,411001,4,99,Swiggy Instamart,18.527731793174222,73.87048142680499
ORD004553,2026-03-03,Coffee,Maharashtra,Mumbai,400001,3,249,Swiggy Instamart,19.06609376776623,72.87426808431314
ORD004554,2026-06-10,Snacks,Maharashtra,Nashik,422001,1,299,Swiggy Instamart,20.0134898169546,73.78418078341014
ORD004555,2026-01-04,Energy Drink,Delhi,New Delhi,110001,4,199,Zepto,28.629223803825877,77.21320536705905
ORD004556,2026-06-28,Face Wash,Telangana,Hyderabad,500001,1,249,Blinkit,17.40348109104106,78.49210017801722
ORD004557,2026-06-03,Energy Drink,Gujarat,Surat,395003,2,129,Blinkit,21.180821674475887,72.82786485053217
ORD004558,2026-02-03,Energy Drink,Gujarat,Surat,395003,1,129,Swiggy Instamart,21.17034287211884,72.84020944403841
ORD004559,2026-03-18,Face Wash,Karnataka,Bengaluru,560001,1,49,Blinkit,12.987729781705932,77.6018923694931
ORD004560,2026-01-11,Coffee,Karnataka,Bengaluru,560001,5,299,Zepto,12.970768282280654,77.60837335029528
ORD004561,2026-02-13,Protein Bar,Telangana,Hyderabad,500001,1,79,Swiggy Instamart,17.363080213437204,78.47247765498493
ORD004562,2026-02-26,Protein Bar,Maharashtra,Nashik,422001,1,129,Swiggy Instamart,20.012716342236683,73.77984108356253
ORD004563,2026-04-10,Shampoo,Maharashtra,Thane,400601,1,79,Blinkit,19.224355136511242,72.97874407522431
ORD004564,2026-03-12,Coffee,Delhi,New Delhi,110001,3,49,Blinkit,28.61960945694604,77.20085597179008
ORD004565,2026-04-13,Energy Drink,Maharashtra,Thane,400601,2,79,Zepto,19.224004860860795,72.98804414528207
ORD004566,2026-06-17,Shampoo,Telangana,Hyderabad,500001,1,149,Blinkit,17.397205506039313,78.50683554294649
ORD004567,2026-02-07,Protein Bar,Maharashtra,Thane,400601,3,129,Swiggy Instamart,19.22074098443502,72.98083911086847
ORD004568,2026-06-23,Protein Bar,Karnataka,Bengaluru,560001,4,299,Blinkit,12.956368275358262,77.58928588598862
ORD004569,2026-03-13,Face Wash,Gujarat,Ahmedabad,380001,4,49,Swiggy Instamart,23.020569179259933,72.58190319552276
ORD004570,2026-06-13,Energy Drink,Maharashtra,Thane,400601,1,299,Zepto,19.212189988759103,72.98606340019748
ORD004571,2026-04-10,Snacks,Maharashtra,Nashik,422001,1,199,Swiggy Instamart,20.005883782830367,73.77792831884886
ORD004572,2026-05-28,Face Wash,Maharashtra,Pune,411001,4,299,Blinkit,18.52288893969133,73.85278843627748
ORD004573,2026-02-03,Shampoo,Gujarat,Surat,395003,2,129,Blinkit,21.165909627519074,72.81405214094211
ORD004574,2026-04-07,Protein Bar,Telangana,Hyderabad,500001,3,129,Zepto,17.382520457926724,78.48190031853851
ORD004575,2026-04-09,Protein Bar,Maharashtra,Thane,400601,5,149,Zepto,19.213140190106508,72.9822687306259
ORD004576,2026-04-06,Shampoo,Maharashtra,Thane,400601,5,299,Zepto,19.224886319527904,72.98042194504642
ORD004577,2026-04-10,Coffee,Maharashtra,Pune,411001,4,49,Blinkit,18.530354151904493,73.86245561925831
ORD004578,2026-04-11,Energy Drink,Maharashtra,Mumbai,400001,1,249,Blinkit,19.073049438101943,72.87307143714285
ORD004579,2026-04-22,Protein Bar,Maharashtra,Pune,411001,3,49,Zepto,18.523528222367666,73.86243767109902
ORD004580,2026-06-14,Protein Bar,Delhi,New Delhi,110001,4,149,Zepto,28.627878443070315,77.2209117304494
ORD004581,2026-05-20,Coffee,Telangana,Hyderabad,500001,1,49,Zepto,17.37958526993493,78.48567993719873
ORD004582,2026-01-12,Coffee,Telangana,Hyderabad,500001,1,99,Zepto,17.39171017804918,78.49737997778058
ORD004583,2026-06-13,Protein Bar,Maharashtra,Pune,411001,2,199,Zepto,18.529789694687047,73.8560612216717
ORD004584,2026-06-05,Face Wash,Maharashtra,Mumbai,400001,3,99,Swiggy Instamart,19.063459773475714,72.86771063623755
ORD004585,2026-04-28,Face Wash,Maharashtra,Pune,411001,5,299,Swiggy Instamart,18.523126335143193,73.86012225579425
ORD004586,2026-04-04,Energy Drink,Telangana,Hyderabad,500001,1,99,Blinkit,17.37401320626566,78.4871456961089
ORD004587,2026-01-13,Coffee,Maharashtra,Mumbai,400001,5,249,Zepto,19.082312243569717,72.86618773342494
ORD004588,2026-04-29,Face Wash,Maharashtra,Thane,400601,4,149,Swiggy Instamart,19.229349972018042,72.9743246885144
ORD004589,2026-03-07,Face Wash,Gujarat,Ahmedabad,380001,5,99,Zepto,23.035076131125766,72.56606547554223
ORD004590,2026-03-15,Snacks,Gujarat,Ahmedabad,380001,5,149,Swiggy Instamart,23.01223374517116,72.56681863010158
ORD004591,2026-03-26,Energy Drink,Maharashtra,Nashik,422001,5,79,Zepto,20.004948518769226,73.77581520093229
ORD004592,2026-01-05,Snacks,Delhi,New Delhi,110001,5,79,Swiggy Instamart,28.61173998578427,77.21233965149676
ORD004593,2026-06-02,Shampoo,Delhi,New Delhi,110001,3,199,Swiggy Instamart,28.612188206302037,77.20833887606048
ORD004594,2026-03-14,Face Wash,Maharashtra,Pune,411001,3,249,Blinkit,18.503307736007972,73.8606169801601
ORD004595,2026-02-12,Coffee,Maharashtra,Thane,400601,3,99,Zepto,19.21740796702308,72.99420292980483
ORD004596,2026-06-07,Shampoo,Karnataka,Bengaluru,560001,1,199,Swiggy Instamart,12.962204348327461,77.57651704671501
ORD004597,2026-04-08,Protein Bar,Gujarat,Surat,395003,2,249,Zepto,21.1763806849393,72.83456527018313
ORD004598,2026-02-05,Face Wash,Gujarat,Surat,395003,5,249,Zepto,21.16011566979469,72.81580251044997
ORD004599,2026-01-03,Face Wash,Karnataka,Bengaluru,560001,4,99,Blinkit,12.986973967306843,77.60874110390607
ORD004600,2026-01-05,Energy Drink,Gujarat,Surat,395003,2,199,Zepto,21.14532543241294,72.82651776970744
ORD004601,2026-05-10,Face Wash,Gujarat,Ahmedabad,380001,1,79,Blinkit,23.03914192054784,72.56663937442222
ORD004602,2026-06-24,Protein Bar,Maharashtra,Pune,411001,1,299,Zepto,18.515493877659733,73.85387240672371
ORD004603,2026-04-19,Shampoo,Maharashtra,Mumbai,400050,1,199,Blinkit,19.04839103026232,72.81245224255771
ORD004604,2026-03-30,Coffee,Maharashtra,Mumbai,400001,4,49,Blinkit,19.086525473107347,72.85927063093753
ORD004605,2026-02-15,Face Wash,Maharashtra,Thane,400601,3,79,Zepto,19.220772714521086,72.98696579492757
ORD004606,2026-06-01,Face Wash,Maharashtra,Pune,411001,3,299,Swiggy Instamart,18.505887737010987,73.84745731597405
ORD004607,2026-01-15,Snacks,Maharashtra,Nashik,422001,4,149,Swiggy Instamart,20.018031791883917,73.78502891720228
ORD004608,2026-02-24,Protein Bar,Gujarat,Ahmedabad,380001,3,299,Swiggy Instamart,23.01632714293121,72.58342249003361
ORD004609,2026-03-23,Snacks,Maharashtra,Mumbai,400001,4,79,Swiggy Instamart,19.088065357234544,72.88039052693016
ORD004610,2026-06-14,Coffee,Maharashtra,Mumbai,400050,5,249,Blinkit,19.050598397721263,72.82536551296528
ORD004611,2026-04-14,Coffee,Maharashtra,Nashik,422001,2,249,Blinkit,20.008763867439555,73.77781405170853
ORD004612,2026-02-01,Coffee,Gujarat,Surat,395003,2,129,Blinkit,21.17958957178235,72.81580225919892
ORD004613,2026-05-07,Face Wash,Telangana,Hyderabad,500001,5,299,Blinkit,17.37005736470934,78.48850871111482
ORD004614,2026-01-02,Face Wash,Delhi,New Delhi,110001,4,49,Zepto,28.60898455586193,77.20272951385303
ORD004615,2026-06-27,Shampoo,Maharashtra,Pune,411001,4,79,Swiggy Instamart,18.502719432808256,73.85689545844798
ORD004616,2026-03-04,Protein Bar,Maharashtra,Nashik,422001,1,99,Zepto,20.005372448919992,73.78623478981952
ORD004617,2026-06-04,Face Wash,Maharashtra,Mumbai,400001,4,299,Zepto,19.07668906133121,72.8763739592176
ORD004618,2026-02-18,Energy Drink,Maharashtra,Pune,411001,5,299,Zepto,18.532170006367902,73.84357532696552
ORD004619,2026-02-23,Coffee,Maharashtra,Thane,400601,4,149,Blinkit,19.223663892188476,72.96138852835205
ORD004620,2026-02-17,Coffee,Maharashtra,Mumbai,400001,2,199,Zepto,19.067616381199993,72.86557342867377
ORD004621,2026-04-12,Shampoo,Maharashtra,Thane,400601,4,99,Blinkit,19.22611942535452,72.97744589766404
ORD004622,2026-04-23,Shampoo,Maharashtra,Thane,400601,2,99,Zepto,19.21816496755407,72.9670326701227
ORD004623,2026-03-28,Snacks,Delhi,New Delhi,110001,2,49,Zepto,28.610903065040674,77.20136534696691
ORD004624,2026-06-25,Energy Drink,Maharashtra,Pune,411001,1,79,Blinkit,18.52423455014854,73.84678908864669
ORD004625,2026-01-17,Shampoo,Maharashtra,Mumbai,400001,5,129,Zepto,19.089297943652053,72.86094419550376
ORD004626,2026-05-13,Face Wash,Maharashtra,Thane,400601,3,99,Zepto,19.210234801675433,72.99487200509967
ORD004627,2026-05-07,Snacks,Maharashtra,Nashik,422001,1,99,Swiggy Instamart,20.00154861252038,73.76655121335597
ORD004628,2026-06-22,Shampoo,Maharashtra,Mumbai,400001,3,199,Zepto,19.07819071562538,72.87294607757786
ORD004629,2026-03-10,Snacks,Gujarat,Ahmedabad,380001,3,99,Blinkit,23.014141297443818,72.560441291892
ORD004630,2026-04-24,Face Wash,Maharashtra,Mumbai,400001,4,79,Zepto,19.10368373605626,72.87518448099816
ORD004631,2026-02-26,Protein Bar,Delhi,New Delhi,110001,1,49,Swiggy Instamart,28.594644326396672,77.22393709759005
ORD004632,2026-03-14,Energy Drink,Gujarat,Surat,395003,2,99,Zepto,21.17631070905111,72.82343533568981
ORD004633,2026-06-10,Snacks,Gujarat,Surat,395003,2,99,Blinkit,21.16086880911314,72.83783472796159
ORD004634,2026-04-30,Shampoo,Karnataka,Bengaluru,560001,2,129,Zepto,12.969130816725105,77.57534022181555
ORD004635,2026-05-10,Snacks,Gujarat,Surat,395003,1,249,Blinkit,21.18807239964605,72.82676009537785
ORD004636,2026-05-03,Protein Bar,Maharashtra,Nashik,422001,4,49,Zepto,20.020855717364824,73.79248434957967
ORD004637,2026-04-03,Protein Bar,Delhi,New Delhi,110001,2,249,Zepto,28.603889904555174,77.21933189864363
ORD004638,2026-06-07,Face Wash,Gujarat,Ahmedabad,380001,2,149,Zepto,23.015985574501364,72.55273299413196
ORD004639,2026-01-22,Snacks,Maharashtra,Nashik,422001,1,299,Swiggy Instamart,20.001654018339778,73.78367637501776
ORD004640,2026-01-14,Energy Drink,Maharashtra,Nashik,422001,4,149,Zepto,20.00127263352004,73.77662951659076
ORD004641,2026-05-02,Face Wash,Gujarat,Surat,395003,5,99,Blinkit,21.181635660449288,72.83216493980291
ORD004642,2026-04-18,Energy Drink,Karnataka,Bengaluru,560001,3,49,Blinkit,12.963167016887152,77.60162030323667
ORD004643,2026-01-04,Protein Bar,Maharashtra,Thane,400601,2,249,Zepto,19.22027675566954,72.95288395198537
ORD004644,2026-06-19,Face Wash,Delhi,New Delhi,110001,4,149,Blinkit,28.618183529137717,77.21291828707716
ORD004645,2026-03-14,Coffee,Maharashtra,Mumbai,400050,4,149,Blinkit,19.05980121129581,72.8384170058107
ORD004646,2026-05-05,Snacks,Telangana,Hyderabad,500001,5,129,Zepto,17.378276064156736,78.49006499788821
ORD004647,2026-02-25,Coffee,Delhi,New Delhi,110001,5,299,Swiggy Instamart,28.598230406288327,77.213070903834
ORD004648,2026-05-19,Snacks,Telangana,Hyderabad,500001,3,79,Blinkit,17.4045305969554,78.47675143647533
ORD004649,2026-05-10,Shampoo,Telangana,Hyderabad,500001,1,199,Blinkit,17.377401978680123,78.47959984557109
ORD004650,2026-03-14,Coffee,Maharashtra,Mumbai,400001,2,99,Blinkit,19.077299982258015,72.86706963727147
ORD004651,2026-03-17,Energy Drink,Gujarat,Surat,395003,2,99,Swiggy Instamart,21.174412473786912,72.83956839945469
ORD004652,2026-06-01,Face Wash,Maharashtra,Pune,411001,4,79,Zepto,18.525743472134536,73.83901584574362
ORD004653,2026-02-10,Snacks,Maharashtra,Mumbai,400050,5,79,Swiggy Instamart,19.069551676651585,72.83887367414253
ORD004654,2026-03-26,Coffee,Maharashtra,Mumbai,400050,3,199,Zepto,19.067901613723464,72.83322842248656
ORD004655,2026-01-05,Protein Bar,Maharashtra,Nashik,422001,1,99,Swiggy Instamart,20.00810189314205,73.79002389398127
ORD004656,2026-04-22,Snacks,Karnataka,Bengaluru,560001,2,99,Zepto,12.990835134876034,77.58506959536635
ORD004657,2026-05-16,Snacks,Telangana,Hyderabad,500001,3,299,Blinkit,17.39578125395795,78.48583782901993
ORD004658,2026-06-13,Energy Drink,Maharashtra,Thane,400601,3,249,Swiggy Instamart,19.21700326947971,72.96273469309618
ORD004659,2026-05-10,Snacks,Karnataka,Bengaluru,560001,4,79,Swiggy Instamart,12.968752105904846,77.58462735042032
ORD004660,2026-05-15,Energy Drink,Delhi,New Delhi,110001,2,129,Blinkit,28.609261455704942,77.19801813616222
ORD004661,2026-06-14,Coffee,Delhi,New Delhi,110001,4,49,Blinkit,28.609410916126873,77.20493889642977
ORD004662,2026-03-16,Protein Bar,Delhi,New Delhi,110001,4,49,Blinkit,28.61486754918439,77.19285250137709
ORD004663,2026-02-21,Snacks,Maharashtra,Mumbai,400050,3,199,Blinkit,19.045144818522548,72.8331191427073
ORD004664,2026-04-30,Snacks,Maharashtra,Nashik,422001,5,149,Blinkit,19.9979256188293,73.79044529790231
ORD004665,2026-06-23,Face Wash,Maharashtra,Mumbai,400001,5,249,Swiggy Instamart,19.07825269722015,72.88376762150207
ORD004666,2026-06-09,Face Wash,Karnataka,Bengaluru,560001,5,249,Zepto,12.985706923204209,77.59150289188193
ORD004667,2026-03-03,Protein Bar,Delhi,New Delhi,110001,5,299,Zepto,28.60815513294584,77.21771702585599
ORD004668,2026-04-12,Protein Bar,Maharashtra,Pune,411001,1,49,Swiggy Instamart,18.525495135639297,73.8548266969018
ORD004669,2026-04-17,Protein Bar,Maharashtra,Thane,400601,4,249,Zepto,19.23221457966956,72.9759775569016
ORD004670,2026-01-26,Shampoo,Maharashtra,Mumbai,400001,3,199,Blinkit,19.076327736375557,72.87791222650834
ORD004671,2026-06-25,Coffee,Karnataka,Bengaluru,560001,4,149,Blinkit,12.962254061051016,77.59537585389486
ORD004672,2026-06-20,Coffee,Karnataka,Bengaluru,560001,4,199,Blinkit,12.985567601773985,77.59904968315377
ORD004673,2026-05-07,Face Wash,Gujarat,Ahmedabad,380001,1,99,Blinkit,23.02281063426399,72.56978232718834
ORD004674,2026-04-21,Face Wash,Karnataka,Bengaluru,560001,1,49,Zepto,12.974908670284064,77.60209766628489
ORD004675,2026-05-15,Shampoo,Gujarat,Surat,395003,3,249,Swiggy Instamart,21.176292388308898,72.82778135138179
ORD004676,2026-03-16,Snacks,Maharashtra,Thane,400601,1,199,Zepto,19.2215478159411,72.98289939741149
ORD004677,2026-04-08,Face Wash,Gujarat,Surat,395003,3,199,Zepto,21.160128050124733,72.83278230541184
ORD004678,2026-02-14,Face Wash,Maharashtra,Thane,400601,3,149,Zepto,19.196686961136976,72.98292533709821
ORD004679,2026-05-31,Coffee,Delhi,New Delhi,110001,4,149,Zepto,28.62050343054563,77.21647546125787
ORD004680,2026-02-21,Energy Drink,Maharashtra,Thane,400601,5,249,Swiggy Instamart,19.214349531478305,72.98119046835023
ORD004681,2026-01-05,Coffee,Gujarat,Surat,395003,2,199,Blinkit,21.18443953845541,72.84523769648293
ORD004682,2026-01-17,Shampoo,Maharashtra,Mumbai,400001,1,129,Blinkit,19.075708273007734,72.8790931963073
ORD004683,2026-01-12,Coffee,Maharashtra,Pune,411001,3,149,Zepto,18.531509111447342,73.84169197984738
ORD004684,2026-05-12,Snacks,Maharashtra,Pune,411001,4,49,Zepto,18.517169242573228,73.87005570455537
ORD004685,2026-06-27,Face Wash,Maharashtra,Mumbai,400001,1,129,Zepto,19.085752005416847,72.8813926377765
ORD004686,2026-03-13,Snacks,Telangana,Hyderabad,500001,1,129,Blinkit,17.369941675946695,78.48620089766959
ORD004687,2026-01-04,Coffee,Telangana,Hyderabad,500001,4,79,Swiggy Instamart,17.379100846037502,78.49001038902817
ORD004688,2026-06-02,Shampoo,Karnataka,Bengaluru,560001,5,299,Zepto,12.963506533152051,77.58434276605026
ORD004689,2026-03-28,Energy Drink,Maharashtra,Nashik,422001,5,149,Zepto,19.985251347223166,73.79191804684977
ORD004690,2026-04-03,Shampoo,Maharashtra,Pune,411001,5,149,Swiggy Instamart,18.51640229488557,73.85827145783703
ORD004691,2026-03-18,Face Wash,Maharashtra,Mumbai,400001,1,299,Zepto,19.07597761883526,72.8670256606704
ORD004692,2026-04-07,Snacks,Gujarat,Ahmedabad,380001,4,149,Swiggy Instamart,23.00990935088552,72.56134684874003
ORD004693,2026-05-27,Face Wash,Maharashtra,Mumbai,400001,4,129,Swiggy Instamart,19.068768315611706,72.88136606247014
ORD004694,2026-06-23,Protein Bar,Maharashtra,Nashik,422001,3,49,Zepto,19.997942823364795,73.79716490631596
ORD004695,2026-01-01,Energy Drink,Gujarat,Surat,395003,5,149,Blinkit,21.180471510358934,72.83918359549666
ORD004696,2026-06-16,Protein Bar,Maharashtra,Thane,400601,2,79,Blinkit,19.217103410975266,72.9932428073572
ORD004697,2026-06-03,Energy Drink,Delhi,New Delhi,110001,3,149,Swiggy Instamart,28.61171994368879,77.20868738585845
ORD004698,2026-04-30,Energy Drink,Maharashtra,Mumbai,400001,3,99,Zepto,19.077699745397492,72.88471823040544
ORD004699,2026-01-25,Coffee,Maharashtra,Pune,411001,4,299,Blinkit,18.52676908079003,73.85194874721556
ORD004700,2026-05-17,Shampoo,Maharashtra,Nashik,422001,4,199,Swiggy Instamart,20.000570062805743,73.78609902957153
ORD004701,2026-01-30,Snacks,Gujarat,Ahmedabad,380001,3,79,Swiggy Instamart,23.029652365838913,72.56746648875176
ORD004702,2026-03-10,Snacks,Gujarat,Surat,395003,5,99,Zepto,21.154328119303216,72.82902683903993
ORD004703,2026-05-09,Coffee,Maharashtra,Mumbai,400001,2,199,Swiggy Instamart,19.08223525798826,72.89575416846421
ORD004704,2026-04-12,Snacks,Delhi,New Delhi,110001,5,149,Zepto,28.601920420376594,77.2047342874717
ORD004705,2026-04-18,Energy Drink,Telangana,Hyderabad,500001,2,129,Zepto,17.381105964384748,78.50025805339432
ORD004706,2026-01-08,Snacks,Gujarat,Surat,395003,3,249,Swiggy Instamart,21.169850584995416,72.82202673440628
ORD004707,2026-03-13,Energy Drink,Telangana,Hyderabad,500001,4,249,Blinkit,17.39058695282922,78.48265361479959
ORD004708,2026-05-13,Energy Drink,Maharashtra,Nashik,422001,1,299,Zepto,19.99365612726642,73.77077226692724
ORD004709,2026-04-09,Shampoo,Maharashtra,Mumbai,400001,2,129,Swiggy Instamart,19.093340419544226,72.8815420922165
ORD004710,2026-04-06,Protein Bar,Maharashtra,Mumbai,400050,5,79,Blinkit,19.060677600554524,72.82700106264187
ORD004711,2026-05-09,Energy Drink,Delhi,New Delhi,110001,3,99,Blinkit,28.616821488421188,77.21180235946002
ORD004712,2026-03-29,Coffee,Gujarat,Ahmedabad,380001,3,249,Swiggy Instamart,23.025421688282073,72.57254845090277
ORD004713,2026-06-01,Protein Bar,Delhi,New Delhi,110001,4,99,Zepto,28.622587983383056,77.20923104346001
ORD004714,2026-04-28,Snacks,Maharashtra,Thane,400601,2,129,Swiggy Instamart,19.208520611644474,72.971975771091
ORD004715,2026-01-31,Shampoo,Karnataka,Bengaluru,560001,5,49,Zepto,12.951809813065104,77.61486817116042
ORD004716,2026-02-28,Shampoo,Maharashtra,Thane,400601,5,49,Zepto,19.226927545919526,72.9697992950487
ORD004717,2026-03-22,Face Wash,Gujarat,Surat,395003,5,299,Zepto,21.16738155150603,72.82473123525794
ORD004718,2026-03-13,Shampoo,Delhi,New Delhi,110001,4,199,Swiggy Instamart,28.62932547211374,77.19480122835729
ORD004719,2026-01-19,Snacks,Maharashtra,Nashik,422001,4,249,Blinkit,20.007044760588187,73.77861472157436
ORD004720,2026-03-22,Energy Drink,Gujarat,Ahmedabad,380001,5,79,Swiggy Instamart,23.03076838630709,72.57035990772275
ORD004721,2026-06-09,Snacks,Delhi,New Delhi,110001,1,299,Swiggy Instamart,28.596317911233445,77.20648882165358
ORD004722,2026-04-29,Coffee,Maharashtra,Pune,411001,1,199,Swiggy Instamart,18.510678377820565,73.85749579546557
ORD004723,2026-03-24,Shampoo,Maharashtra,Mumbai,400050,5,49,Swiggy Instamart,19.073941770365202,72.81210574755767
ORD004724,2026-03-19,Face Wash,Telangana,Hyderabad,500001,5,249,Zepto,17.376997772646003,78.48117307046216
ORD004725,2026-05-21,Energy Drink,Gujarat,Surat,395003,5,149,Swiggy Instamart,21.16638368904587,72.83850125664105
ORD004726,2026-04-24,Shampoo,Delhi,New Delhi,110001,2,49,Zepto,28.612164555824386,77.21315802725721
ORD004727,2026-06-25,Shampoo,Maharashtra,Mumbai,400001,4,79,Zepto,19.06974226956268,72.87999924345418
ORD004728,2026-06-01,Shampoo,Maharashtra,Pune,411001,1,99,Zepto,18.528177976308775,73.84937700450263
ORD004729,2026-01-08,Snacks,Telangana,Hyderabad,500001,3,79,Swiggy Instamart,17.392813581198066,78.48722372768728
ORD004730,2026-01-26,Energy Drink,Delhi,New Delhi,110001,5,249,Swiggy Instamart,28.624354602404825,77.20698580099923
ORD004731,2026-05-11,Energy Drink,Maharashtra,Mumbai,400050,1,299,Zepto,19.06341244655162,72.82909393768321
ORD004732,2026-04-10,Snacks,Gujarat,Surat,395003,5,49,Zepto,21.169237877379594,72.83368930428226
ORD004733,2026-04-27,Coffee,Maharashtra,Mumbai,400001,2,129,Blinkit,19.08136807469225,72.86520435088076
ORD004734,2026-05-31,Coffee,Maharashtra,Thane,400601,2,249,Swiggy Instamart,19.232636336088177,72.9595033695945
ORD004735,2026-03-01,Energy Drink,Telangana,Hyderabad,500001,3,249,Swiggy Instamart,17.378151878902614,78.48575730929235
ORD004736,2026-06-05,Shampoo,Maharashtra,Nashik,422001,1,129,Swiggy Instamart,20.01002355969086,73.79546172527742
ORD004737,2026-01-12,Shampoo,Gujarat,Ahmedabad,380001,4,199,Blinkit,23.00391708511775,72.5663230587161
ORD004738,2026-06-07,Shampoo,Delhi,New Delhi,110001,5,129,Zepto,28.59263166512201,77.20931621973911
ORD004739,2026-04-01,Snacks,Gujarat,Ahmedabad,380001,4,49,Blinkit,23.025216835845,72.58730795742171
ORD004740,2026-03-02,Snacks,Karnataka,Bengaluru,560001,1,99,Swiggy Instamart,12.972806347608936,77.60504025129443
ORD004741,2026-01-26,Face Wash,Maharashtra,Pune,411001,3,199,Swiggy Instamart,18.52623837081539,73.85234751802996
ORD004742,2026-06-24,Face Wash,Maharashtra,Mumbai,400001,4,49,Blinkit,19.06191039253208,72.88045002298293
ORD004743,2026-06-14,Protein Bar,Maharashtra,Thane,400601,5,299,Swiggy Instamart,19.203378979828546,72.9910520707267
ORD004744,2026-06-22,Snacks,Telangana,Hyderabad,500001,2,149,Swiggy Instamart,17.383379378979633,78.49865177411512
ORD004745,2026-03-09,Protein Bar,Maharashtra,Nashik,422001,3,199,Swiggy Instamart,20.001097855658678,73.78238850786401
ORD004746,2026-02-23,Protein Bar,Delhi,New Delhi,110001,1,149,Zepto,28.61599348857335,77.2085495588199
ORD004747,2026-05-04,Protein Bar,Maharashtra,Nashik,422001,1,99,Zepto,20.001573404866036,73.7836245601847
ORD004748,2026-01-13,Energy Drink,Gujarat,Ahmedabad,380001,4,299,Zepto,23.01323836736517,72.55930564671041
ORD004749,2026-06-10,Shampoo,Gujarat,Ahmedabad,380001,5,79,Swiggy Instamart,23.034928268933268,72.57867167988891
ORD004750,2026-05-30,Snacks,Maharashtra,Mumbai,400001,4,299,Swiggy Instamart,19.07665891608602,72.89435142382544
ORD004751,2026-05-18,Protein Bar,Karnataka,Bengaluru,560001,2,129,Swiggy Instamart,12.968922344812752,77.60782703219989
ORD004752,2026-06-10,Face Wash,Maharashtra,Nashik,422001,3,249,Swiggy Instamart,20.00765574084926,73.76945249249924
ORD004753,2026-03-09,Shampoo,Maharashtra,Nashik,422001,4,149,Zepto,20.02438040191771,73.78960710846624
ORD004754,2026-04-19,Snacks,Maharashtra,Pune,411001,4,149,Zepto,18.519189789689904,73.86397171259534
ORD004755,2026-04-21,Energy Drink,Maharashtra,Mumbai,400050,2,199,Blinkit,19.05556296566002,72.8377914903506
ORD004756,2026-05-08,Coffee,Maharashtra,Pune,411001,2,79,Blinkit,18.496489214347157,73.84650198666306
ORD004757,2026-05-08,Face Wash,Telangana,Hyderabad,500001,4,99,Swiggy Instamart,17.394792597442873,78.4842034446178
ORD004758,2026-06-19,Shampoo,Maharashtra,Thane,400601,2,79,Swiggy Instamart,19.220375422948887,72.96463214337885
ORD004759,2026-05-24,Snacks,Gujarat,Surat,395003,2,49,Zepto,21.18867866995702,72.84300529643718
ORD004760,2026-01-23,Face Wash,Telangana,Hyderabad,500001,5,199,Swiggy Instamart,17.382993147816247,78.48265304143136
ORD004761,2026-06-14,Energy Drink,Maharashtra,Nashik,422001,2,129,Zepto,20.016196043614197,73.79952470450169
ORD004762,2026-01-24,Shampoo,Maharashtra,Nashik,422001,3,79,Swiggy Instamart,20.015437602558116,73.80141802667397
ORD004763,2026-06-10,Snacks,Gujarat,Ahmedabad,380001,3,129,Swiggy Instamart,23.013276486709383,72.56320613169501
ORD004764,2026-04-10,Protein Bar,Gujarat,Surat,395003,4,129,Blinkit,21.158310588819468,72.8355176064965
ORD004765,2026-04-09,Shampoo,Maharashtra,Nashik,422001,3,249,Zepto,20.007656035498044,73.77818048876529
ORD004766,2026-03-30,Snacks,Maharashtra,Mumbai,400050,5,199,Swiggy Instamart,19.067692586281233,72.84182328605215
ORD004767,2026-06-16,Protein Bar,Maharashtra,Nashik,422001,4,149,Swiggy Instamart,19.990643375907133,73.773730279721
ORD004768,2026-01-30,Shampoo,Telangana,Hyderabad,500001,1,299,Zepto,17.393201435941233,78.48202261316142
ORD004769,2026-01-04,Energy Drink,Gujarat,Ahmedabad,380001,2,79,Swiggy Instamart,23.01451793923642,72.5815853742765
ORD004770,2026-04-14,Coffee,Maharashtra,Mumbai,400050,5,79,Swiggy Instamart,19.04670499930276,72.82648420192209
ORD004771,2026-01-26,Energy Drink,Maharashtra,Nashik,422001,3,149,Swiggy Instamart,20.00918644025805,73.7739618008609
ORD004772,2026-04-09,Snacks,Karnataka,Bengaluru,560001,1,149,Swiggy Instamart,12.979431556560133,77.58891123024803
ORD004773,2026-06-27,Shampoo,Maharashtra,Pune,411001,4,149,Zepto,18.53448619493446,73.85544253702504
ORD004774,2026-06-01,Snacks,Maharashtra,Thane,400601,2,249,Blinkit,19.225012701367053,72.98556023952983
ORD004775,2026-02-21,Protein Bar,Maharashtra,Pune,411001,2,249,Swiggy Instamart,18.514124599972558,73.83616513451345
ORD004776,2026-01-08,Coffee,Gujarat,Ahmedabad,380001,5,249,Swiggy Instamart,23.026107557546638,72.57212288347125
ORD004777,2026-01-30,Coffee,Maharashtra,Thane,400601,2,249,Blinkit,19.22385826027575,72.97583472527617
ORD004778,2026-04-28,Protein Bar,Karnataka,Bengaluru,560001,5,249,Blinkit,12.967295723011993,77.61468473010981
ORD004779,2026-04-22,Protein Bar,Gujarat,Surat,395003,1,99,Blinkit,21.155476459384893,72.83843950478365
ORD004780,2026-03-03,Face Wash,Gujarat,Surat,395003,2,49,Zepto,21.164453981418166,72.8277422138226
ORD004781,2026-02-04,Snacks,Maharashtra,Thane,400601,2,149,Swiggy Instamart,19.21512897167426,72.97006565725829
ORD004782,2026-05-20,Protein Bar,Telangana,Hyderabad,500001,1,129,Swiggy Instamart,17.390712242102364,78.5006064359595
ORD004783,2026-04-19,Coffee,Karnataka,Bengaluru,560001,2,249,Blinkit,12.976300136612467,77.59563381996212
ORD004784,2026-06-08,Snacks,Gujarat,Ahmedabad,380001,1,79,Blinkit,23.01263559500901,72.57656825265825
ORD004785,2026-06-07,Protein Bar,Karnataka,Bengaluru,560001,3,99,Swiggy Instamart,12.993163496317294,77.59079305376206
ORD004786,2026-03-12,Shampoo,Maharashtra,Nashik,422001,1,149,Blinkit,20.00214016420648,73.77408910869019
ORD004787,2026-06-07,Energy Drink,Maharashtra,Mumbai,400001,2,129,Blinkit,19.071105857655056,72.85024700446328
ORD004788,2026-04-28,Face Wash,Maharashtra,Mumbai,400050,4,199,Blinkit,19.063650353858556,72.82104447823644
ORD004789,2026-02-05,Shampoo,Maharashtra,Nashik,422001,1,79,Swiggy Instamart,19.98979736881208,73.78723189949733
ORD004790,2026-03-05,Shampoo,Gujarat,Surat,395003,2,249,Zepto,21.15937982214958,72.82771330946117
ORD004791,2026-05-26,Coffee,Maharashtra,Mumbai,400050,3,249,Swiggy Instamart,19.074264423911885,72.81540784201975
ORD004792,2026-04-02,Coffee,Gujarat,Ahmedabad,380001,2,99,Blinkit,23.007174017654023,72.57409306189562
ORD004793,2026-04-07,Face Wash,Karnataka,Bengaluru,560001,1,149,Swiggy Instamart,12.983094873640104,77.57885658282268
ORD004794,2026-01-07,Energy Drink,Maharashtra,Mumbai,400001,5,199,Zepto,19.08007689736837,72.88350999539962
ORD004795,2026-03-27,Face Wash,Maharashtra,Thane,400601,1,129,Blinkit,19.197708395163076,72.98608501337907
ORD004796,2026-06-24,Face Wash,Maharashtra,Nashik,422001,5,249,Blinkit,20.014666058798422,73.77658214426745
ORD004797,2026-02-16,Coffee,Maharashtra,Thane,400601,5,129,Swiggy Instamart,19.23082346362298,72.98946455574324
ORD004798,2026-03-18,Shampoo,Maharashtra,Mumbai,400001,2,129,Zepto,19.077031179257173,72.87318554609675
ORD004799,2026-04-03,Face Wash,Maharashtra,Nashik,422001,4,79,Blinkit,19.99617172107417,73.77932436490634
ORD004800,2026-03-16,Coffee,Karnataka,Bengaluru,560001,2,99,Blinkit,12.977297589197041,77.59135823138959
ORD004801,2026-01-30,Face Wash,Maharashtra,Mumbai,400050,5,299,Swiggy Instamart,19.03762498994738,72.84218713894576
ORD004802,2026-04-30,Coffee,Delhi,New Delhi,110001,3,129,Zepto,28.61580223221845,77.20520375503324
ORD004803,2026-06-26,Protein Bar,Maharashtra,Thane,400601,3,49,Swiggy Instamart,19.226871583884233,72.99334638596483
ORD004804,2026-03-15,Energy Drink,Gujarat,Ahmedabad,380001,4,299,Swiggy Instamart,22.994480884305123,72.57574263649921
ORD004805,2026-04-19,Protein Bar,Gujarat,Surat,395003,5,129,Zepto,21.1559335078919,72.836091105068
ORD004806,2026-04-06,Coffee,Delhi,New Delhi,110001,1,49,Zepto,28.615179272023745,77.21535726526442
ORD004807,2026-05-03,Energy Drink,Delhi,New Delhi,110001,1,149,Zepto,28.608907523855056,77.19026759888182
ORD004808,2026-01-22,Face Wash,Telangana,Hyderabad,500001,1,79,Blinkit,17.380496318087435,78.49076847635139
ORD004809,2026-04-21,Shampoo,Maharashtra,Pune,411001,5,249,Zepto,18.53055392328675,73.84498168699528
ORD004810,2026-01-04,Shampoo,Maharashtra,Mumbai,400050,5,79,Swiggy Instamart,19.06987060426873,72.82302127710354
ORD004811,2026-01-25,Protein Bar,Karnataka,Bengaluru,560001,5,249,Swiggy Instamart,12.975224498815946,77.58950106047135
ORD004812,2026-03-23,Shampoo,Delhi,New Delhi,110001,3,99,Blinkit,28.61572170627712,77.21791877634571
ORD004813,2026-01-14,Shampoo,Karnataka,Bengaluru,560001,5,49,Zepto,12.959329859227115,77.58780094103253
ORD004814,2026-05-29,Snacks,Gujarat,Surat,395003,2,129,Swiggy Instamart,21.172049625873424,72.85511583661031
ORD004815,2026-04-06,Face Wash,Maharashtra,Mumbai,400050,2,129,Zepto,19.050968102878333,72.84990133885996
ORD004816,2026-01-09,Protein Bar,Gujarat,Surat,395003,2,129,Zepto,21.190244233036754,72.83012688849298
ORD004817,2026-05-09,Shampoo,Maharashtra,Thane,400601,3,199,Swiggy Instamart,19.215318474738,72.97117934801335
ORD004818,2026-06-22,Face Wash,Maharashtra,Mumbai,400001,2,99,Blinkit,19.075317974696674,72.86363280567441
ORD004819,2026-01-25,Face Wash,Maharashtra,Mumbai,400050,2,49,Blinkit,19.058837609826792,72.8444688027385
ORD004820,2026-05-03,Protein Bar,Gujarat,Surat,395003,1,199,Zepto,21.164089149375233,72.82869275696011
ORD004821,2026-03-23,Snacks,Maharashtra,Nashik,422001,5,99,Zepto,19.98888859525733,73.78344062088132
ORD004822,2026-04-13,Shampoo,Maharashtra,Mumbai,400050,2,129,Swiggy Instamart,19.062244816849514,72.83013702359766
ORD004823,2026-02-06,Energy Drink,Delhi,New Delhi,110001,2,99,Blinkit,28.61173172949778,77.20607242081228
ORD004824,2026-01-09,Face Wash,Maharashtra,Mumbai,400001,2,99,Zepto,19.08101900233701,72.87741183398411
ORD004825,2026-01-13,Face Wash,Maharashtra,Thane,400601,4,99,Swiggy Instamart,19.22144971871555,72.98024982817455
ORD004826,2026-01-25,Snacks,Maharashtra,Mumbai,400001,5,49,Zepto,19.08723427287096,72.88446994097376
ORD004827,2026-02-23,Face Wash,Maharashtra,Mumbai,400050,5,149,Zepto,19.061528618431502,72.84468422030652
ORD004828,2026-05-28,Protein Bar,Maharashtra,Pune,411001,2,129,Swiggy Instamart,18.524602685290564,73.86974962688791
ORD004829,2026-04-04,Energy Drink,Maharashtra,Thane,400601,5,249,Zepto,19.224369426083864,72.95968080921068
ORD004830,2026-02-10,Energy Drink,Maharashtra,Pune,411001,5,149,Blinkit,18.533448347633193,73.85805176241342
ORD004831,2026-06-23,Face Wash,Gujarat,Surat,395003,3,99,Zepto,21.169680452290994,72.8339134834749
ORD004832,2026-02-17,Coffee,Maharashtra,Nashik,422001,4,149,Blinkit,20.00245016838043,73.7819702886039
ORD004833,2026-04-24,Shampoo,Telangana,Hyderabad,500001,1,99,Blinkit,17.37908123933657,78.49944272258735
ORD004834,2026-05-12,Shampoo,Telangana,Hyderabad,500001,4,129,Blinkit,17.38386411886379,78.48287416157278
ORD004835,2026-01-14,Snacks,Maharashtra,Thane,400601,5,199,Zepto,19.209050741842805,72.98078775789149
ORD004836,2026-04-27,Snacks,Gujarat,Surat,395003,4,129,Blinkit,21.172071071001252,72.83498424613678
ORD004837,2026-05-21,Snacks,Telangana,Hyderabad,500001,3,99,Swiggy Instamart,17.37472748112495,78.47068818801188
ORD004838,2026-03-01,Face Wash,Karnataka,Bengaluru,560001,4,79,Blinkit,12.977855913025065,77.60944641861876
ORD004839,2026-04-09,Shampoo,Maharashtra,Thane,400601,3,199,Swiggy Instamart,19.2080364637761,72.99399441283562
ORD004840,2026-03-10,Shampoo,Maharashtra,Mumbai,400050,4,99,Blinkit,19.062439110587363,72.82942937095449
ORD004841,2026-06-13,Coffee,Maharashtra,Pune,411001,1,249,Blinkit,18.51642451303454,73.84285481980575
ORD004842,2026-01-27,Face Wash,Maharashtra,Nashik,422001,4,199,Zepto,20.015777285159245,73.77194393638563
ORD004843,2026-04-14,Coffee,Maharashtra,Pune,411001,3,99,Blinkit,18.51260193324262,73.86661926309887
ORD004844,2026-03-11,Shampoo,Karnataka,Bengaluru,560001,4,199,Swiggy Instamart,12.952770165533284,77.57936402189331
ORD004845,2026-03-28,Energy Drink,Maharashtra,Pune,411001,5,249,Zepto,18.520218657564918,73.85963284429005
ORD004846,2026-05-22,Face Wash,Telangana,Hyderabad,500001,2,99,Blinkit,17.38984734647969,78.48368201506604
ORD004847,2026-04-10,Shampoo,Maharashtra,Pune,411001,5,99,Blinkit,18.545703696686417,73.85442107441234
ORD004848,2026-03-28,Shampoo,Maharashtra,Mumbai,400050,1,99,Swiggy Instamart,19.05729213847897,72.82153013331185
ORD004849,2026-06-15,Snacks,Karnataka,Bengaluru,560001,4,129,Swiggy Instamart,12.97283906816521,77.60074961232047
ORD004850,2026-02-27,Face Wash,Delhi,New Delhi,110001,3,129,Swiggy Instamart,28.625935780545337,77.1941071573556
ORD004851,2026-04-16,Coffee,Maharashtra,Nashik,422001,3,249,Zepto,20.003440046616443,73.7841670361081
ORD004852,2026-01-07,Shampoo,Telangana,Hyderabad,500001,1,249,Swiggy Instamart,17.390870575345946,78.48676548657805
ORD004853,2026-02-07,Face Wash,Delhi,New Delhi,110001,5,299,Swiggy Instamart,28.61932423969532,77.20091036107074
ORD004854,2026-06-07,Coffee,Maharashtra,Pune,411001,5,79,Blinkit,18.53597905432318,73.8666262810298
ORD004855,2026-04-01,Energy Drink,Maharashtra,Mumbai,400050,5,79,Zepto,19.046150722129347,72.81874896951882
ORD004856,2026-05-12,Snacks,Gujarat,Surat,395003,2,299,Zepto,21.159730782498933,72.83787969970898
ORD004857,2026-03-04,Protein Bar,Maharashtra,Mumbai,400001,4,129,Blinkit,19.063152722335825,72.87438975665792
ORD004858,2026-04-08,Protein Bar,Maharashtra,Thane,400601,4,99,Zepto,19.222847043964165,72.97743834065453
ORD004859,2026-03-12,Coffee,Maharashtra,Mumbai,400050,5,249,Blinkit,19.062188875157126,72.8188419728865
ORD004860,2026-01-05,Coffee,Delhi,New Delhi,110001,2,249,Swiggy Instamart,28.619848543733973,77.20286788107525
ORD004861,2026-05-27,Energy Drink,Maharashtra,Nashik,422001,1,99,Zepto,20.00265380325602,73.78207731727906
ORD004862,2026-04-12,Energy Drink,Maharashtra,Nashik,422001,5,149,Blinkit,20.00693078221531,73.77993980019016
ORD004863,2026-02-17,Face Wash,Gujarat,Surat,395003,3,99,Swiggy Instamart,21.162693731780234,72.82810450588802
ORD004864,2026-06-12,Energy Drink,Telangana,Hyderabad,500001,4,149,Blinkit,17.385021835908372,78.47294914766833
ORD004865,2026-02-22,Energy Drink,Gujarat,Surat,395003,5,79,Blinkit,21.165574670336866,72.83497679879034
ORD004866,2026-05-30,Coffee,Maharashtra,Thane,400601,3,49,Zepto,19.205525633961546,72.98966581651594
ORD004867,2026-05-27,Face Wash,Gujarat,Surat,395003,5,79,Swiggy Instamart,21.182896132626,72.8186484942404
ORD004868,2026-02-16,Snacks,Maharashtra,Mumbai,400050,4,249,Swiggy Instamart,19.0731761963305,72.82806418411288
ORD004869,2026-05-26,Shampoo,Maharashtra,Nashik,422001,1,249,Blinkit,20.01008514559157,73.77473348947872
ORD004870,2026-04-16,Snacks,Maharashtra,Mumbai,400001,5,129,Zepto,19.085230448272267,72.88176094018849
ORD004871,2026-02-26,Coffee,Gujarat,Ahmedabad,380001,1,49,Zepto,23.014358467434025,72.55974798000034
ORD004872,2026-01-28,Energy Drink,Gujarat,Surat,395003,3,49,Zepto,21.15559697564791,72.83297941776434
ORD004873,2026-03-05,Coffee,Gujarat,Surat,395003,5,149,Swiggy Instamart,21.175924714117798,72.8376096567878
ORD004874,2026-01-09,Protein Bar,Telangana,Hyderabad,500001,2,129,Zepto,17.383820189053928,78.47513003544336
ORD004875,2026-03-11,Energy Drink,Maharashtra,Nashik,422001,4,249,Blinkit,19.99907925201976,73.79122348638963
ORD004876,2026-06-25,Face Wash,Maharashtra,Pune,411001,5,79,Blinkit,18.515553714354,73.85813417630682
ORD004877,2026-05-25,Coffee,Maharashtra,Mumbai,400001,3,79,Swiggy Instamart,19.065243495164253,72.88106583045459
ORD004878,2026-01-19,Shampoo,Maharashtra,Mumbai,400001,4,129,Zepto,19.07142315438321,72.88816712713776
ORD004879,2026-03-06,Coffee,Maharashtra,Mumbai,400050,1,79,Blinkit,19.067335577062067,72.82454294053424
ORD004880,2026-03-14,Coffee,Maharashtra,Mumbai,400001,5,79,Zepto,19.074733359726523,72.8721888375996
ORD004881,2026-03-21,Snacks,Maharashtra,Mumbai,400001,2,49,Zepto,19.061805668034552,72.86912557570453
ORD004882,2026-05-24,Shampoo,Delhi,New Delhi,110001,4,79,Blinkit,28.61588217327721,77.2122525949823
ORD004883,2026-01-09,Snacks,Delhi,New Delhi,110001,1,49,Zepto,28.61538547903593,77.20598266946041
ORD004884,2026-02-06,Protein Bar,Maharashtra,Nashik,422001,2,149,Swiggy Instamart,20.01523066605721,73.78033541904561
ORD004885,2026-03-19,Coffee,Gujarat,Ahmedabad,380001,3,99,Zepto,23.02953253828096,72.55366224867797
ORD004886,2026-03-23,Energy Drink,Maharashtra,Pune,411001,1,249,Zepto,18.481175997483817,73.85953788027838
ORD004887,2026-05-25,Snacks,Karnataka,Bengaluru,560001,1,299,Swiggy Instamart,12.957352343462786,77.59247548297287
ORD004888,2026-02-22,Coffee,Maharashtra,Mumbai,400050,4,49,Zepto,19.056579029589752,72.84537400602414
ORD004889,2026-05-04,Protein Bar,Gujarat,Ahmedabad,380001,1,299,Zepto,23.026499965529435,72.57305859026799
ORD004890,2026-02-04,Snacks,Maharashtra,Pune,411001,1,149,Zepto,18.528769911546334,73.8603849758684
ORD004891,2026-03-19,Shampoo,Maharashtra,Thane,400601,1,99,Swiggy Instamart,19.213723230070116,72.98881475930254
ORD004892,2026-06-17,Protein Bar,Delhi,New Delhi,110001,3,79,Zepto,28.60280249872112,77.21223247187534
ORD004893,2026-05-17,Shampoo,Maharashtra,Thane,400601,3,199,Zepto,19.202824302058637,72.98013943857515
ORD004894,2026-06-28,Protein Bar,Karnataka,Bengaluru,560001,5,129,Blinkit,12.97352989641773,77.61136454961914
ORD004895,2026-05-11,Face Wash,Karnataka,Bengaluru,560001,4,249,Blinkit,12.955950261065583,77.58859112824146
ORD004896,2026-02-18,Coffee,Gujarat,Surat,395003,1,129,Swiggy Instamart,21.178426824265742,72.83445317256398
ORD004897,2026-01-10,Snacks,Maharashtra,Mumbai,400050,4,149,Swiggy Instamart,19.061403050513373,72.81993864297041
ORD004898,2026-06-18,Shampoo,Maharashtra,Mumbai,400050,1,149,Zepto,19.053691816519084,72.84195041008223
ORD004899,2026-06-14,Energy Drink,Maharashtra,Pune,411001,1,199,Blinkit,18.51988490806246,73.86045359696145
ORD004900,2026-01-20,Snacks,Maharashtra,Mumbai,400001,2,79,Blinkit,19.074848116712236,72.86586914484751
ORD004901,2026-03-26,Protein Bar,Maharashtra,Pune,411001,4,249,Swiggy Instamart,18.529738104260748,73.86173232384533
ORD004902,2026-04-10,Protein Bar,Maharashtra,Thane,400601,4,149,Blinkit,19.241356368373673,72.9679441862035
ORD004903,2026-02-12,Face Wash,Gujarat,Ahmedabad,380001,2,299,Swiggy Instamart,23.030725729212005,72.55828456033963
ORD004904,2026-01-20,Protein Bar,Maharashtra,Nashik,422001,2,199,Blinkit,20.007473465676732,73.78946506589064
ORD004905,2026-01-17,Snacks,Karnataka,Bengaluru,560001,4,149,Swiggy Instamart,12.950878648839035,77.59255067525758
ORD004906,2026-04-02,Shampoo,Delhi,New Delhi,110001,4,149,Swiggy Instamart,28.608267902659573,77.20198042701705
ORD004907,2026-06-03,Energy Drink,Telangana,Hyderabad,500001,1,49,Blinkit,17.388852126522597,78.49790685706422
ORD004908,2026-06-01,Snacks,Maharashtra,Mumbai,400050,3,249,Blinkit,19.058267212847706,72.8315548642756
ORD004909,2026-06-19,Shampoo,Gujarat,Ahmedabad,380001,2,199,Blinkit,23.023643087530594,72.57141803506356
ORD004910,2026-03-17,Energy Drink,Delhi,New Delhi,110001,2,299,Swiggy Instamart,28.60300657362288,77.22008444601724
ORD004911,2026-04-27,Energy Drink,Maharashtra,Mumbai,400050,4,249,Zepto,19.062551953681588,72.83344881490002
ORD004912,2026-04-14,Face Wash,Gujarat,Ahmedabad,380001,1,149,Blinkit,23.014434903709745,72.5668077960201
ORD004913,2026-05-02,Protein Bar,Maharashtra,Mumbai,400001,1,79,Blinkit,19.074238658022892,72.86235875306552
ORD004914,2026-01-29,Energy Drink,Maharashtra,Nashik,422001,1,249,Swiggy Instamart,19.989019656748024,73.77369252069361
ORD004915,2026-02-16,Face Wash,Gujarat,Surat,395003,1,299,Zepto,21.175425207664425,72.82456862610071
ORD004916,2026-01-01,Snacks,Maharashtra,Mumbai,400001,4,249,Swiggy Instamart,19.065811948024095,72.86955314346763
ORD004917,2026-01-16,Snacks,Telangana,Hyderabad,500001,3,79,Blinkit,17.38044657576855,78.48316141037179
ORD004918,2026-05-18,Energy Drink,Maharashtra,Thane,400601,1,299,Blinkit,19.239955214522066,72.98864620628487
ORD004919,2026-02-19,Coffee,Maharashtra,Thane,400601,1,79,Blinkit,19.228547741122817,72.98978580364273
ORD004920,2026-02-05,Energy Drink,Maharashtra,Thane,400601,2,99,Zepto,19.20831179130666,72.96587635385012
ORD004921,2026-05-23,Energy Drink,Maharashtra,Thane,400601,3,49,Swiggy Instamart,19.207231297084657,72.99144506133338
ORD004922,2026-05-01,Face Wash,Maharashtra,Nashik,422001,2,129,Blinkit,20.000428082111174,73.76718643817762
ORD004923,2026-06-01,Coffee,Telangana,Hyderabad,500001,3,49,Zepto,17.3806900379978,78.48431394468285
ORD004924,2026-01-24,Protein Bar,Maharashtra,Nashik,422001,5,149,Blinkit,20.008584132736946,73.78220951020712
ORD004925,2026-01-30,Energy Drink,Telangana,Hyderabad,500001,3,79,Swiggy Instamart,17.376718194361267,78.49355656392514
ORD004926,2026-03-05,Face Wash,Maharashtra,Mumbai,400050,1,199,Zepto,19.0532080646625,72.82793723663295
ORD004927,2026-04-24,Energy Drink,Gujarat,Ahmedabad,380001,2,99,Zepto,23.029367740705034,72.56498178596055
ORD004928,2026-03-16,Protein Bar,Gujarat,Surat,395003,3,299,Swiggy Instamart,21.16450648576419,72.83701668049694
ORD004929,2026-06-03,Shampoo,Maharashtra,Mumbai,400001,5,129,Zepto,19.06742266823395,72.87385207976396
ORD004930,2026-05-19,Protein Bar,Maharashtra,Thane,400601,1,49,Blinkit,19.22385742178043,72.99864092441436
ORD004931,2026-06-09,Face Wash,Maharashtra,Mumbai,400050,3,129,Blinkit,19.065654045047626,72.83422639762989
ORD004932,2026-06-06,Face Wash,Maharashtra,Mumbai,400050,2,79,Swiggy Instamart,19.06490801583673,72.81876809725932
ORD004933,2026-03-15,Shampoo,Maharashtra,Nashik,422001,5,249,Blinkit,20.0070559673868,73.77940233511664
ORD004934,2026-06-10,Energy Drink,Maharashtra,Nashik,422001,5,49,Zepto,20.009115845403727,73.78086508052476
ORD004935,2026-06-14,Coffee,Maharashtra,Mumbai,400050,5,129,Zepto,19.06339699677417,72.826385328051
ORD004936,2026-02-26,Face Wash,Gujarat,Surat,395003,4,49,Swiggy Instamart,21.17078608917372,72.81882171433944
ORD004937,2026-04-29,Coffee,Maharashtra,Pune,411001,5,79,Swiggy Instamart,18.51720092721997,73.87060833548178
ORD004938,2026-01-25,Energy Drink,Maharashtra,Thane,400601,5,299,Blinkit,19.22148808339628,72.97789078962617
ORD004939,2026-04-14,Coffee,Maharashtra,Pune,411001,5,49,Blinkit,18.53936123276254,73.84309165021699
ORD004940,2026-05-22,Face Wash,Gujarat,Ahmedabad,380001,3,299,Blinkit,23.01140544444554,72.58852711411276
ORD004941,2026-05-27,Face Wash,Telangana,Hyderabad,500001,1,149,Zepto,17.385459609360492,78.4842741696371
ORD004942,2026-01-01,Shampoo,Telangana,Hyderabad,500001,5,249,Swiggy Instamart,17.373007956749046,78.49117696266394
ORD004943,2026-06-26,Face Wash,Maharashtra,Mumbai,400001,3,99,Swiggy Instamart,19.081444598695274,72.86675505639165
ORD004944,2026-05-20,Shampoo,Telangana,Hyderabad,500001,1,249,Zepto,17.383597244144497,78.48334484167967
ORD004945,2026-04-10,Face Wash,Maharashtra,Mumbai,400001,4,299,Zepto,19.07855977146419,72.8665074975778
ORD004946,2026-04-26,Face Wash,Maharashtra,Pune,411001,3,299,Zepto,18.532919474545132,73.86585823781598
ORD004947,2026-04-13,Face Wash,Maharashtra,Mumbai,400050,2,299,Blinkit,19.05596824441267,72.82733581288362
ORD004948,2026-02-27,Shampoo,Maharashtra,Mumbai,400050,5,79,Blinkit,19.058235778497224,72.82171691446993
ORD004949,2026-05-22,Protein Bar,Telangana,Hyderabad,500001,2,199,Zepto,17.380565705817652,78.48399729632325
ORD004950,2026-05-12,Face Wash,Maharashtra,Mumbai,400001,2,299,Swiggy Instamart,19.09212868370707,72.88716618308331
ORD004951,2026-06-07,Coffee,Gujarat,Surat,395003,2,249,Blinkit,21.179546547073368,72.83479925613005
ORD004952,2026-03-19,Shampoo,Maharashtra,Nashik,422001,4,99,Blinkit,19.99472672991069,73.77928508895423
ORD004953,2026-05-17,Face Wash,Maharashtra,Mumbai,400001,2,129,Swiggy Instamart,19.085704884596133,72.86511735370634
ORD004954,2026-03-06,Energy Drink,Maharashtra,Thane,400601,2,149,Swiggy Instamart,19.22466553206873,73.00132609225263
ORD004955,2026-01-09,Face Wash,Maharashtra,Mumbai,400001,1,299,Swiggy Instamart,19.086618166459896,72.89184029135562
ORD004956,2026-03-20,Protein Bar,Maharashtra,Thane,400601,3,199,Zepto,19.22048338750442,72.98777931948764
ORD004957,2026-06-03,Protein Bar,Gujarat,Surat,395003,3,199,Blinkit,21.16302146785646,72.83905863812342
ORD004958,2026-03-14,Coffee,Karnataka,Bengaluru,560001,1,249,Zepto,12.978143881340609,77.59749911174038
ORD004959,2026-05-25,Shampoo,Karnataka,Bengaluru,560001,1,99,Blinkit,12.984760074197185,77.58921215162152
ORD004960,2026-04-05,Shampoo,Maharashtra,Thane,400601,1,129,Zepto,19.216429424835262,72.97905462041358
ORD004961,2026-06-18,Energy Drink,Maharashtra,Pune,411001,5,199,Swiggy Instamart,18.510103890289106,73.858969319438
ORD004962,2026-03-16,Face Wash,Telangana,Hyderabad,500001,2,129,Zepto,17.367810695870464,78.49716954534428
ORD004963,2026-06-13,Coffee,Gujarat,Ahmedabad,380001,2,249,Zepto,23.02296637366566,72.56619107096095
ORD004964,2026-03-13,Protein Bar,Maharashtra,Mumbai,400001,2,249,Blinkit,19.067656263877048,72.87535420970381
ORD004965,2026-06-26,Coffee,Maharashtra,Thane,400601,5,79,Blinkit,19.22518259710772,72.98357738978737
ORD004966,2026-01-26,Shampoo,Maharashtra,Thane,400601,3,99,Swiggy Instamart,19.211244620527214,72.96963960327372
ORD004967,2026-02-03,Protein Bar,Maharashtra,Thane,400601,3,79,Blinkit,19.224868987063196,72.97087652595384
ORD004968,2026-05-19,Energy Drink,Karnataka,Bengaluru,560001,1,199,Swiggy Instamart,12.972199097740795,77.59583754642524
ORD004969,2026-06-01,Energy Drink,Maharashtra,Pune,411001,4,249,Swiggy Instamart,18.523520621317267,73.86528270430182
ORD004970,2026-05-02,Protein Bar,Maharashtra,Pune,411001,4,129,Zepto,18.507770370631324,73.8375884067474
ORD004971,2026-01-09,Energy Drink,Gujarat,Ahmedabad,380001,1,129,Swiggy Instamart,23.016825527187716,72.58941528407831
ORD004972,2026-05-09,Protein Bar,Maharashtra,Thane,400601,3,199,Zepto,19.238521741000874,72.99641177135565
ORD004973,2026-02-08,Protein Bar,Maharashtra,Thane,400601,4,79,Swiggy Instamart,19.216370186322393,72.96027884918016
ORD004974,2026-01-13,Protein Bar,Telangana,Hyderabad,500001,5,129,Swiggy Instamart,17.361569608983483,78.4805596183845
ORD004975,2026-02-24,Face Wash,Maharashtra,Pune,411001,5,129,Blinkit,18.518419263698505,73.86970625401057
ORD004976,2026-05-05,Protein Bar,Telangana,Hyderabad,500001,5,49,Zepto,17.393678054595426,78.48897405078992
ORD004977,2026-06-15,Protein Bar,Maharashtra,Mumbai,400001,2,199,Blinkit,19.067101552290588,72.86809220441755
ORD004978,2026-04-07,Energy Drink,Maharashtra,Mumbai,400050,2,199,Blinkit,19.062141276870715,72.8364705097884
ORD004979,2026-06-29,Shampoo,Maharashtra,Nashik,422001,1,199,Blinkit,20.009818812622456,73.76935402040394
ORD004980,2026-03-21,Protein Bar,Telangana,Hyderabad,500001,4,99,Zepto,17.39150667628792,78.49095910967101
ORD004981,2026-03-15,Face Wash,Maharashtra,Mumbai,400001,2,99,Swiggy Instamart,19.065293335938097,72.869856790297
ORD004982,2026-01-22,Shampoo,Maharashtra,Pune,411001,4,299,Swiggy Instamart,18.527284959745614,73.85435492464855
ORD004983,2026-03-14,Face Wash,Maharashtra,Mumbai,400050,4,149,Blinkit,19.075491473016363,72.83451129276064
ORD004984,2026-03-04,Shampoo,Maharashtra,Nashik,422001,1,79,Swiggy Instamart,20.001033688118106,73.7795979439961
ORD004985,2026-04-01,Energy Drink,Maharashtra,Nashik,422001,5,79,Zepto,20.006533833926376,73.77241609686759
ORD004986,2026-05-08,Shampoo,Karnataka,Bengaluru,560001,4,249,Blinkit,12.962474118018225,77.6016138989381
ORD004987,2026-03-30,Energy Drink,Maharashtra,Mumbai,400001,4,249,Zepto,19.084452732970423,72.88373781469554
ORD004988,2026-01-07,Coffee,Maharashtra,Thane,400601,2,79,Swiggy Instamart,19.233453180943236,72.97268226763988
ORD004989,2026-05-03,Coffee,Gujarat,Ahmedabad,380001,1,249,Swiggy Instamart,23.039242707660712,72.56239078881445
ORD004990,2026-06-09,Protein Bar,Maharashtra,Mumbai,400050,2,99,Zepto,19.049473144366313,72.8119004111785
ORD004991,2026-06-22,Protein Bar,Maharashtra,Mumbai,400050,4,299,Swiggy Instamart,19.055142046861732,72.8244627766317
ORD004992,2026-06-24,Shampoo,Delhi,New Delhi,110001,1,249,Swiggy Instamart,28.619159372802546,77.2114389094162
ORD004993,2026-06-11,Shampoo,Karnataka,Bengaluru,560001,2,199,Zepto,12.959670266289809,77.59067273761575
ORD004994,2026-02-08,Energy Drink,Maharashtra,Thane,400601,4,79,Swiggy Instamart,19.214585379789124,72.96034017753038
ORD004995,2026-05-30,Energy Drink,Gujarat,Ahmedabad,380001,1,99,Blinkit,23.012690532729867,72.56369186369386
ORD004996,2026-03-14,Snacks,Delhi,New Delhi,110001,5,199,Blinkit,28.62823625019821,77.21091450715957
ORD004997,2026-05-08,Protein Bar,Maharashtra,Pune,411001,1,149,Zepto,18.527021687539474,73.8417136450285
ORD004998,2026-03-21,Energy Drink,Telangana,Hyderabad,500001,1,49,Zepto,17.396942144830142,78.49971102063024
ORD004999,2026-04-27,Face Wash,Maharashtra,Pune,411001,2,99,Zepto,18.500416550328552,73.84964683276084
ORD005000,2026-02-23,Energy Drink,Maharashtra,Mumbai,400050,3,249,Blinkit,19.064557655730155,72.83594388453538
